"pr","km","sistema","municipio","descripci_n","a_o","aadt"
"1","37.2","Urban Primary","Caguas","Entre PR-172 y Ave Muñoz Marín","2014-01-01T00:00:00.000","12173"
"1","63.5","Secondary","Cayey","Entre PR-715 y PR-7722","2014-01-01T00:00:00.000","8231"
"1","56","Urban Primary","Cayey","Entre PR-14 y Acceso Autopista","2014-01-01T00:00:00.000","14741"
"1","76.1","Terciary","Salinas","Entre San Juan Southwest y PR-717","2014-01-01T00:00:00.000","645"
"1","123.1","Secondary","Ponce","Entre PR-506 R  y PR-52","2014-01-01T00:00:00.000","7380"
"1","2.8","Secondary","San Juan","Oeste PR-25","2014-01-01T00:00:00.000","24300"
"1","22","Secondary","Guaynabo","Entre PR-20 y PR-173","2014-01-01T00:00:00.000","43800"
"2","22.5","Urban Primary","Toa Baja","Entre PR-165 y PR-165/PR-693","2014-01-01T00:00:00.000","24255"
"2","55","Secondary","Barceloneta","Entre PR-140 Este y Median end","2014-01-01T00:00:00.000","20778"
"2","49.7","Secondary","Manatí","Entre PR-685 y PR-6685","2014-01-01T00:00:00.000","17969"
"2","165","Primary","Hormigueros","Entre PR-319 y PR-345 Este","2014-01-01T00:00:00.000","39016"
"2","36","Secondary","Vega Baja","Entre PR-160 y PR-676","2014-01-01T00:00:00.000","20360"
"2","188.4","Primary","Yauco","Oeste Yauco","2014-01-01T00:00:00.000","23230"
"3","80.7",,"Humacao","Entre Calle Flor Gerena y Calle A López","2014-01-01T00:00:00.000","9544"
"3","81.8","Urban Primary","Humacao","Entre PR-908 y PR-909","2014-01-01T00:00:00.000","11779"
"3","75.9","Terciary","Humacao","Este PR-53","2014-01-01T00:00:00.000","13370"
"3","29","Primary","Río Grande","Oeste PR-186","2014-01-01T00:00:00.000","35590"
"5","2.8","Urban Primary","Cataño","Entre PR-165/ El Caño y PR-22","2014-01-01T00:00:00.000","19975"
"8","1.4","Urban Primary","San Juan","Entre Simón Madera y Calle Iturregui","2014-01-01T00:00:00.000","47219"
"10","1","Primary","Ponce","Entre Entrada Aeropuerto y PR-52","2014-01-01T00:00:00.000","8297"
"10","75.7",,"Utuado","Sur PR-123","2014-01-01T00:00:00.000","11020"
"12","3","Primary","Ponce","Entre PR-52 y PR-2","2014-01-01T00:00:00.000","39007"
"12","0.4","Primary","Ponce","Entre Muelle Ponce y Calle Comercio","2014-01-01T00:00:00.000","5672"
"14","69","Secondary","Cayey","Entre Calle Malave y Calle Cesareo Rivera","2014-01-01T00:00:00.000","12369"
"15","25.2","Urban Primary","Cayey","Entre PR-1 y Calle V. Rodriguez","2014-01-01T00:00:00.000","12914"
"15","0.4","Urban Primary","Guayama","Entre Calle Pérez y Calle Bellón","2014-01-01T00:00:00.000","7966"
"17","1.7","Urban Primary","San Juan","Entre Ave San Patricio y Ave de Diego","2014-01-01T00:00:00.000","30366"
"22","80.4","Primary","Hatillo","Oeste PR-493","2014-01-01T00:00:00.000","31130"
"27","2.3","Urban Primary","San Juan","Entre PR-17 y Calle Francia","2014-01-01T00:00:00.000","37645"
"28","3.4","Terciary","Guaynabo","Entre Entrada Plaza Peaje Buchanan y PR-165","2014-01-01T00:00:00.000","17511"
"29","0.3","Terciary","Bayamón","Entre PR-2 y PR-872","2014-01-01T00:00:00.000","21486"
"30","24","Primary","Humacao","Oeste de Humacao","2014-01-01T00:00:00.000","60670"
"30","3.1",,"Caguas","Entre Ave R. Cordero y PR-189","2014-01-01T00:00:00.000","75320"
"31","21.3","Secondary","Juncos","Entre EUL Caguas/ Quebrada y PR-946","2014-01-01T00:00:00.000","12805"
"31","2","Secondary","Naguabo","Entre PR-3 y PR-192","2014-01-01T00:00:00.000","5589"
"31","5","Terciary","Naguabo","Entre PR-192 y PR-970","2014-01-01T00:00:00.000","2581"
"31","17.3","Secondary","Las Piedras","Entre PR-936 y New EUL Caguas / Quebrada","2014-01-01T00:00:00.000","7725"
"31","12","Secondary","Naguabo","Oeste PR-191","2014-01-01T00:00:00.000","5330"
"32","3.5","Urban Primary","Caguas","Entre PR-183 y Ave Troche","2014-01-01T00:00:00.000","24546"
"32","0.5","Urban Primary","Caguas","Entre  PR-1 y Calle Edimburgo","2014-01-01T00:00:00.000","16744"
"33","1.1","Urban Primary","Caguas","Entre PR-156 y PR-1/ G. Benítez","2014-01-01T00:00:00.000","32692"
"34","1.5","Urban Primary","Caguas","Entre Calle y PR-52","2014-01-01T00:00:00.000","20209"
"36","0.3","Terciary","San Juan","Entre PR--25 y Calle Cortijo","2014-01-01T00:00:00.000","7838"
"40","0.6","Terciary","San Juan","Entre Calle Bolivia y PR-25","2014-01-01T00:00:00.000","12214"
"47","0.4","Terciary","San Juan","Entre PR-3 y PR-181","2014-01-01T00:00:00.000","10133"
"52","78.5",,"Santa Isabel",,"2014-01-01T00:00:00.000","33860"
"52","56.9","Primary","Salinas","Norte Plaza Peaje Salinas PR-53","2014-01-01T00:00:00.000","32080"
"53","21.6","Primary","Naguabo","Entre PR-31 y PR-970","2014-01-01T00:00:00.000","33860"
"63","0.3","Urban Primary","Mayaguez","Entre PR-102 y PR-2","2014-01-01T00:00:00.000","11639"
"66","3.3",,"Carolina",,"2014-01-01T00:00:00.000","32520"
"102","5","Urban Primary","Mayaguez","Sur de Mayaguez","2014-01-01T00:00:00.000","10350"
"109","22.5","Secondary","San Sebastían","Oeste PR-423","2014-01-01T00:00:00.000","3060"
"111","7.6","Secondary","Moca","Este de Moca","2014-01-01T00:00:00.000","21000"
"116","8.5","Secondary","Lajas","Este PR-305","2014-01-01T00:00:00.000","6480"
"124","18.5","Secondary","Las Marías","Oeste PR-4431","2014-01-01T00:00:00.000","1520"
"129","35","Secondary","Hatillo","Entre PR-130 y PR-635","2014-01-01T00:00:00.000","23961"
"129","22","Secondary","Lares","Oeste PR-454","2014-01-01T00:00:00.000","16030"
"130","0.4","Terciary","Hatillo","Entre Calle Hernández y PR-2","2014-01-01T00:00:00.000","6022"
"134","15.5","Terciary","Hatillo","Entre PR-635 y PR-129","2014-01-01T00:00:00.000","1419"
"138","1.6","Secondary","Coamo","Entre Calle A y SUL Coamo","2014-01-01T00:00:00.000","9662"
"138","3.1","Secondary","Coamo","Entre PR-14 y PR-153","2014-01-01T00:00:00.000","8199"
"140","54.6","Secondary","Florida","Entre PR-642 y PR-641","2014-01-01T00:00:00.000","5712"
"140","64.2","Secondary","Barceloneta","Entre PR-2 y PR-22","2014-01-01T00:00:00.000","18059"
"140","68.2","Secondary","Barceloneta","Entre PR-681 y PR-22","2014-01-01T00:00:00.000","9715"
"142","1.4","Secondary","Dorado","Entre PR-2 y Municipal Boundary","2014-01-01T00:00:00.000","21716"
"143","48.8","Secondary","Coamo","Entre PR-155 y PR-569","2014-01-01T00:00:00.000","3070"
"145","7.2","Secondary","Morovis","Entre PR-567 y PR-155","2014-01-01T00:00:00.000","5051"
"146","24.6","Secondary","Ciales","Entre Urban boundary y PR-649","2014-01-01T00:00:00.000","3828"
"146","19.7","Secondary","Ciales","Entre PR-608 y PR-140","2014-01-01T00:00:00.000","2412"
"146","27.6","Secondary","Ciales","Entre PR-649 y PR-149","2014-01-01T00:00:00.000","4322"
"149","21.1","Secondary","Ciales","Entre PR-615 y San Juan West Urban Boundary","2014-01-01T00:00:00.000","7828"
"149","4.5","Secondary","Manatí","Entre SWUL Manati y Terminan 3 carriles","2014-01-01T00:00:00.000","16622"
"152","18.3","Secondary","Naranjito","Entre PR-811 y PR-164","2014-01-01T00:00:00.000","18546"
"152","11.1","Secondary","Naranjito","Entre PR-779 y PR-802","2014-01-01T00:00:00.000","12935"
"155","61.9","Terciary","Vega Baja","Entre PR-643 y SUL Vega Baja","2014-01-01T00:00:00.000","1249"
"155","29.8","Secondary","Orocovis","Entre PR-5155 y PR-157","2014-01-01T00:00:00.000","11481"
"155","57","Terciary","Vega Baja","Entre PR-633 y PR-643","2014-01-01T00:00:00.000","1165"
"155","51.7","Terciary","Morovis","Entre PR-137 y PR-145","2014-01-01T00:00:00.000","6254"
"156","53.1","Secondary",,"Entre PR-173 y WUL Caguas","2014-01-01T00:00:00.000","13242"
"156","39.5","Secondary","Comerío","Entre PR-172 y PR-790","2014-01-01T00:00:00.000","3405"
"156","50.6","Secondary","Aguas Buenas","Entre PR-156 R y PR-173","2014-01-01T00:00:00.000","10133"
"156","15.3","Secondary","Barranquitas","Entre PR-152 R y PR-719","2014-01-01T00:00:00.000","5031"
"156","22.7","Secondary","Barranquitas","Entre PR-152 y PR-776","2014-01-01T00:00:00.000","1157"
"156","16.3","Secondary","Barranquitas","Entre PR-719 y PR-152","2014-01-01T00:00:00.000","11980"
"159","7.7","Secondary","Morovis","Entre PR-160 y PR-568","2014-01-01T00:00:00.000","5891"
"159","20.1","Secondary","Toa Alta","Entre WUL San Juan y PR-165","2014-01-01T00:00:00.000","10358"
"159","11.4","Secondary","Corozal","Entre PR-568 y S/WUL Corozal","2014-01-01T00:00:00.000","11143"
"160","6.1","Terciary","Vega Baja","Entre PR-675 y Vega Baja/ Manatí","2014-01-01T00:00:00.000","5740"
"160","1.1","Terciary","Vega Baja","Entr PR-2 y PR-22","2014-01-01T00:00:00.000","6682"
"162","2.1","Terciary","Aibonito","San Juan Southwest Urban Bounary","2014-01-01T00:00:00.000","4692"
"162","15.9","Terciary","Barranquitas","Entre PR-719 y PR-143","2014-01-01T00:00:00.000","1009"
"162","7.3","Secondary","Aibonito","Entre PR-722/ PR-7718 y Calle Field Este","2014-01-01T00:00:00.000","4685"
"162","5.6","Terciary","Aibonito","Entre PR-718 y PR-722/PR-7718","2014-01-01T00:00:00.000","4110"
"163","0.7","Urban Primary","Ponce","Oeste Ramal PR-2 Ave Las Américas","2014-01-01T00:00:00.000","19260"
"164","13","Secondary","Corozal","Entre Limite Municipal y PR-803","2014-01-01T00:00:00.000","4160"
"164","6.1",,"Naranjito","Entre Calle Adosta Oeste y PR-5","2014-01-01T00:00:00.000","3160"
"164","11",,"Naranjito","Entre PR-165 y Limite Municipal","2014-01-01T00:00:00.000","4130"
"164","1.5","Secondary","Naranjito","Entre PR-167 y PR-815","2014-01-01T00:00:00.000","1367"
"165","29.6","Urban Primary","Toa Baja","Entre PR-167 y PR-866","2014-01-01T00:00:00.000","20068"
"165","2.4","Secondary","Toa Alta","Entre PR-164 y PR-159","2014-01-01T00:00:00.000","8186"
"165","16.4","Secondary","Toa Baja","Entre PR-865 y PR-867","2014-01-01T00:00:00.000","18493"
"165","20","Urban Primary","Dorado","Norte PR-693","2014-01-01T00:00:00.000","13570"
"167","26.2","Urban Primary","Cataño","Entre PR-22 y County Boundary","2014-01-01T00:00:00.000","29858"
"167","3.8","Urban Primary","Bayamón","Entre PR-780 y District Boundary","2014-01-01T00:00:00.000","5747"
"172","27.1","Urban Primary","Caguas","Entre Calle 9 y Calle Mónaco","2014-01-01T00:00:00.000","22114"
"172","28.2","Urban Primary","Caguas","Entre Calle Laurel y PR-1","2014-01-01T00:00:00.000","11127"
"172","1.8","Terciary","Comerío","Entre PR-156 y PR-791","2014-01-01T00:00:00.000","1454"
"172","6.5","Secondary","Cidra","PR-791 y PR-7775","2014-01-01T00:00:00.000","5512"
"173","8.5","Secondary","Cidra","Entre PR-7775  y PR-729","2014-01-01T00:00:00.000","9150"
"174","14","Terciary","Guaynabo","Entre PR-833 y Camii Monón","2014-01-01T00:00:00.000","4705"
"175","1.8","Terciary","Caguas","Entre PR-1 y Dist Boudary","2014-01-01T00:00:00.000","9939"
"175","1.8","Terciary","Caguas","Entre PR-1 y  Dist Boundary","2014-01-01T00:00:00.000","10438"
"175","11.4","Terciary","Trujillo Alto","Entre PR-843 y PR-645","2014-01-01T00:00:00.000","10368"
"175","4.1","Terciary","Trujillo Alto","Entre Dist Boundary y PR-176","2014-01-01T00:00:00.000","10710"
"181","48.1","Secondary","Gurabo","Entre PR-943 y PR-945","2014-01-01T00:00:00.000","3595"
"181","35.2",,"San Lorenzo","Entre Calle 1 y Calle 7","2014-01-01T00:00:00.000","4457"
"181","56.3","Secondary","Trujillo Alto","Entre SUL San Juan/ PR-851 y PR-852","2014-01-01T00:00:00.000","12207"
"181","60.1","Secondary","Trujillo Alto","Entre PR-852 y Desvio PR-181","2014-01-01T00:00:00.000","13934"
"181","43.2","Secondary","Gurabo","Entre PR-30 y PR-189","2014-01-01T00:00:00.000","13380"
"181","65.5","Secondary","San Juan","Norte PR-877","2014-01-01T00:00:00.000","41580"
"182","12","Panoramic Route","Yabucoa","Este PR-181","2014-01-01T00:00:00.000","1590"
"183","16.8","Secondary","Las Piedras","Entre PR-919 E y Municipal Boundary","2014-01-01T00:00:00.000","12652"
"183","0.3","Urban Primary","Caguas","Entre Calle Diaz y Calle Padilla","2014-01-01T00:00:00.000","3695"
"185","3.3","Secondary","Canóvanas","Entre PR-66 y PR-957","2014-01-01T00:00:00.000","17842"
"185","20.7","Secondary","Juncos","Entre Calle Madrid/ PR--952 y Calle Local","2014-01-01T00:00:00.000","13108"
"186","1.8","Secondary","Canóvanas","Entre PR-185 y PR-953","2014-01-01T00:00:00.000","3844"
"187","23.9","Secondary","Loíza","Entre PR-964 y EUL San Juan","2014-01-01T00:00:00.000","12463"
"189","14.6","Terciary","Juncos","Entre Calle Almoovar y PR-30","2014-01-01T00:00:00.000","7187"
"190","0.2","Terciary","Carolina","Entre Canal Suarez y Calle Pontezuela","2014-01-01T00:00:00.000","19316"
"190","1.4","Terciary","Carolina","Entre Calle Pontezuela y Ave Monserrate","2014-01-01T00:00:00.000","11264"
"191","0.2","Terciary","Río Grande","Entre PR-3 y San Juan South Urban Boundary","2014-01-01T00:00:00.000","4517"
"192","2.5","Terciary","Naguabo","Entre PR-972 y PR-31","2014-01-01T00:00:00.000","2110"
"193","2.1","Terciary","Luquillo","Entre Calle L. Muñoz Marín y PR-992/ PR-3","2014-01-01T00:00:00.000","3355"
"195","0.6","Secondary","Fajardo","Entre Calle Victoria Aguilera","2014-01-01T00:00:00.000","8802"
"198","14.3","Urban Primary","Humacao","Entre Calle Georgetti y Calle Doigo Quijano","2014-01-01T00:00:00.000","3605"
"198","5.5","Secondary","Las Piedras","Entre PR-935 y PR-204","2014-01-01T00:00:00.000","9052"
"199","10","Urban Primary","Guaynabo","Entre PR-838 y PR-1","2014-01-01T00:00:00.000","30218"
"203","1.7","Secondary","Gurabo","Entre PR-30 y PR-931","2014-01-01T00:00:00.000","21580"
"204","0.6","Secondary","Las Piedras","Entre PR-183 y PR-30","2014-01-01T00:00:00.000","10457"
"409","2.2","Secondary","Las Marías","Norte PR-4409","2014-01-01T00:00:00.000","4550"
"475","2.5","Terciary","Isabela","Entre PR-494 y PR-474","2014-01-01T00:00:00.000","1893"
"486","11.2","Terciary","Camuy","Entre NEW SUL Arecibo y PR-488","2014-01-01T00:00:00.000","2422"
"496","2.9","Terciary","Camuy","Entre Arecibo South Urban Boundary y PR-486","2014-01-01T00:00:00.000","3780"
"510","7.3","Terciary","Juana Díaz","Entre PR-149 y PR-584","2014-01-01T00:00:00.000","5930"
"552","1.8","Terciary","Juana Díaz","Entre PR-149 y PR-551","2014-01-01T00:00:00.000","1333"
"568","23.4","Terciary","Corozal","Entre PR-805 y PR-618","2014-01-01T00:00:00.000","1026"
"569","3.5","Terciary","Orocovis","Entre PR-143 y PR-156","2014-01-01T00:00:00.000","4190"
"617","1.7","Terciary","Morovis","Entre PR-6623 y PR-155","2014-01-01T00:00:00.000","4786"
"618","1","Terciary","Morovis","Entre PR-155 y PR-6620","2014-01-01T00:00:00.000","3824"
"618","6.9","Terciary","Corozal","Entre PR-568 y Muicipal Boundary","2014-01-01T00:00:00.000","1699"
"633","2.2","Terciary","Ciales","Entre PR-149 y PR-155","2014-01-01T00:00:00.000","4715"
"642","10.4","Secondary","Florida","Entre PR-6642 y Calle José de Diego","2014-01-01T00:00:00.000","2829"
"642","5.5","Secondary","Manatí","Entre PR-632 y SJ West Urban Boundary","2014-01-01T00:00:00.000","1544"
"642","3.8","Secondary","Manatí","Entre PR-641   y San Juan Urban Boundary","2014-01-01T00:00:00.000","2430"
"643","4.1","Terciary","Vega Baja","Entre PR-6685 y PR-155","2014-01-01T00:00:00.000","2633"
"646","6.7","Terciary","Vega Baja","Entre PR-674  y PR-645","2014-01-01T00:00:00.000","415"
"647","7.4","Terciary","Vega Alta","Entre PR-677 y PR-159","2014-01-01T00:00:00.000","2037"
"647","1","Terciary","Vega Alta","Entre PR-676 y PR-677","2014-01-01T00:00:00.000","4784"
"651","0.1","Terciary","Arecibo","Entre PR-129 y Ave Antonia Martinez","2014-01-01T00:00:00.000","9740"
"652","1.5","Terciary","Arecibo","Entre PR-651 y PR-10","2014-01-01T00:00:00.000","3142"
"659","2.7","Terciary","Dorado","Entre Limite Urb. San Juan y PR-2","2014-01-01T00:00:00.000","1570"
"666","0.8","Terciary","Barceloneta","Entre  PR-140 y Florida Urban Boundary","2014-01-01T00:00:00.000","1673"
"667","0.4","Terciary","Manatí","Entre PR-641 y Florida Urban Boundary","2014-01-01T00:00:00.000","1670"
"669","0.8","Secondary","Manatí","Entre PR-668 y PR-2","2014-01-01T00:00:00.000","4712"
"670","8.4","Terciary","Vega Baja","Entre PR-137 y PR-155","2014-01-01T00:00:00.000","12439"
"674","4","Terciary","Vega Baja","Entre SUL Vega Baja /Manati y PR-646","2014-01-01T00:00:00.000","319"
"676","0.3","Terciary","Vega Alta","Entre PR-2 y Calle Colón","2014-01-01T00:00:00.000","11885"
"676","1.8","Terciary","Vega Alta","Entre PR-647 y PR-675","2014-01-01T00:00:00.000","4840"
"677","3.1","Terciary","Vega Alta","Entre PR-647 y PR-678","2014-01-01T00:00:00.000","2473"
"684","4","Terciary","Barceloneta","Entre Arecibo East Urban Boundary y PR-681","2014-01-01T00:00:00.000","2436"
"685","1.3","Terciary","Manatí","Entre PR-2 y PR-616","2014-01-01T00:00:00.000","10201"
"686","10.9","Terciary","Vega Baja","Entre PR-687 y PR-692","2014-01-01T00:00:00.000","7688"
"686","15.8","Terciary","Vega Baja","Entre PR-692 y Calle 1","2014-01-01T00:00:00.000","6440"
"686","18.5","Terciary","Vega Baja","Entre Calle 1 y PR-2","2014-01-01T00:00:00.000","7243"
"690","1.2","Terciary","Vega Alta","Entre PR-2 y PR-691","2014-01-01T00:00:00.000","12003"
"690","4.7","Terciary","Vega Alta","Entre PR-689 y PR-688","2014-01-01T00:00:00.000","10515"
"690","5.5","Terciary","Vega Alta","Entre PR-688 y PR-693","2014-01-01T00:00:00.000","16298"
"691","2.2","Terciary","Vega Alta","Entre PR-690 y PR-695","2014-01-01T00:00:00.000","2610"
"693","5.6","Secondary","Dorado","Entre NEW S/EUL Dorado y PR-165 R","2014-01-01T00:00:00.000","9176"
"693","8.4","Terciary","Dorado","Entre PR-697 y OLD NUL Dorado","2014-01-01T00:00:00.000","18250"
"694","3.1","Terciary","Dorado","Entre PR-22 y PR-6659","2014-01-01T00:00:00.000","2543"
"695","4.6","Terciary","Dorado","Entre PR-691 y PR-694","2014-01-01T00:00:00.000","7409"
"696","4.3","Terciary","Dorado","Entre PR-6693 y OL SUL Dorado","2014-01-01T00:00:00.000","18094"
"697","0.5","Terciary","Dorado","Entre PR-693 y Termina Carretera","2014-01-01T00:00:00.000","4349"
"699","0.3","Terciary","Dorado","Entre PR-6693 y PR-693","2014-01-01T00:00:00.000","2311"
"712","4.9","Terciary","Salinas","Entre SJ South Urban Boundary y SJ South Urban Boundary","2014-01-01T00:00:00.000","2385"
"713","0.7","Terciary","Guayama","Entre PR-3  y Guayama North Urban Boundary","2014-01-01T00:00:00.000","2290"
"715","1.1","Terciary","Cayey","Entre PR-1 y PR-7737","2014-01-01T00:00:00.000","2089"
"718","1.6","Terciary","Aibonito","Entre PR-162 y PR-7718","2014-01-01T00:00:00.000","2358"
"722","6.9","Secondary","Aibonito","Entre PR-7722 y PR-162","2014-01-01T00:00:00.000","6155"
"724","0.3","Terciary","Aibonito","Entre Calle Jerico  y Calle Jerusalem","2014-01-01T00:00:00.000","6304"
"725","0.1","Terciary","Aibonito","Entre PR-14 y Rio Aibonito","2014-01-01T00:00:00.000","6455"
"731","0","Terciary","Cayey","Entre PR-14 y Calle Baldorioty","2014-01-01T00:00:00.000","1707"
"734","0.6","Secondary","Cidra","Entre Dr Iguina y PR-7733","2014-01-01T00:00:00.000","8108"
"734","3.8","Secondary","Cidra","Entre PR-7733 y PR-735","2014-01-01T00:00:00.000","9022"
"735","0.6","Urban Primary","Cidra","Entre PR-1 y PR-734","2014-01-01T00:00:00.000","7886"
"765","0.4","Terciary","Caguas","Entre PR-1 y PR-763","2014-01-01T00:00:00.000","3753"
"768","0.2","Terciary","Caguas","Entre Calle Corchado y Ave Rafael Cordero","2014-01-01T00:00:00.000","3068"
"769","0.4","Terciary","Barranquitas","Entre PR-772 y PR-771","2014-01-01T00:00:00.000","3642"
"771","2.3","Terciary","Barranquitas","Entre PR-152R y PR-773","2014-01-01T00:00:00.000","5299"
"772","2.3","Terciary","Barranquitas","Entre PR-771 y PR-769","2014-01-01T00:00:00.000","4544"
"772","8.9","Terciary","Orocovis","Entre PR-770 y PR-568","2014-01-01T00:00:00.000","3994"
"773","1.7","Terciary","Comerío","Entre PR-771  y PR-152","2014-01-01T00:00:00.000","4893"
"775","0.1","Terciary","Comerío","Entre PR-740 y PR-7774","2014-01-01T00:00:00.000","3096"
"782","5","Terciary","Cidra","Entre PR-156 y WUL Cayey","2014-01-01T00:00:00.000","5142"
"782","10","Terciary","Cidra","Entre WUL Cayey y PR-173","2014-01-01T00:00:00.000","4970"
"788","0.9","Terciary","Caguas","Entre PR-183 y PR-761","2014-01-01T00:00:00.000","8840"
"790","2.2","Terciary","Aguas Buenas","Entre PR-156 y PR-7790","2014-01-01T00:00:00.000","1500"
"795","1.6","Terciary","Aguas Buenas","Entre PR-1 y WUL Caguas","2014-01-01T00:00:00.000","3419"
"796","4.1","Terciary","Caguas","Entre PR-798 y PR-1","2014-01-01T00:00:00.000","312"
"797","2.3","Secondary","Aguas Buenas","Entre PR-173 y WUL Caguas","2014-01-01T00:00:00.000","2070"
"798","0.1","Terciary","Caguas","Entre  PR-1 y PR-842","2014-01-01T00:00:00.000","4915"
"803","8.5","Terciary","Corozal","Entre PR-805 y WUL San Juan","2014-01-01T00:00:00.000","2517"
"805","1.9","Terciary","Corozal","Entre PR-568 y PR-807","2014-01-01T00:00:00.000","2767"
"807","4.2","Terciary","Corozal","Entre Corozal Boundary Limit y PR-805","2014-01-01T00:00:00.000","4862"
"807","0","Terciary","Corozal","Entre PR-891 y Calle Manuel","2014-01-01T00:00:00.000","4723"
"807","0.6","Terciary","Corozal","Entre Calle Gándara y SUL Corozal","2014-01-01T00:00:00.000","5497"
"810","1.9","Terciary","Naranjito","Entre PR-152 y PR-164","2014-01-01T00:00:00.000","493"
"816","1.6","Terciary","Naranjito","Entre PR-781 y PR-879","2014-01-01T00:00:00.000","2532"
"816","5.8","Terciary","Bayamón","Entre PR-879  y PR-167","2014-01-01T00:00:00.000","12226"
"819","2.2","Terciary","Toa Alta","Entre PR-861 y PR-863","2014-01-01T00:00:00.000","10581"
"823","3.9","Terciary","Toa Alta","Entre PR-165 y PR-679","2014-01-01T00:00:00.000","3759"
"824","0.4","Terciary","Toa Alta","Entre PR-861 y OLD/SUL San Juan","2014-01-01T00:00:00.000","9079"
"829","9.5","Terciary","Bayamón","Entre PR-8829 y PR-830","2014-01-01T00:00:00.000","5406"
"829","6.1","Terciary","Bayamón","Entre PR-167 y PR-8829","2014-01-01T00:00:00.000","9000"
"831","1","Terciary","Bayamón","Entre Calle Bellisima y Hospital Regional","2014-01-01T00:00:00.000","14906"
"833","10.8","Terciary","Guaynabo","Entre PR-837 y PR-177","2014-01-01T00:00:00.000","1870"
"838","0.4","Terciary","Guaynabo","Entre PR-199 y Calle Margarita","2014-01-01T00:00:00.000","12589"
"839","1.9","Terciary","Bayamón","Entre PR-861 y PR-855/Dr Veve","2014-01-01T00:00:00.000","7065"
"840","1.7","Terciary","Bayamón","Entre PR-167 y PR-830","2014-01-01T00:00:00.000","13709"
"841","1.5","Terciary","San Juan","Entre PR-177 y PR-21","2014-01-01T00:00:00.000","10264"
"842","2.1","Terciary","San Juan","Entre PR-199 y Camino Los Contreras","2014-01-01T00:00:00.000","12520"
"843","1.6","Terciary","Trujillo Alto","Entre PR-125 y PR-844","2014-01-01T00:00:00.000","3429"
"844","1.3","Terciary","San Juan","Entre PR-845 y PR-199","2014-01-01T00:00:00.000","5268"
"848","2.4","Terciary","San Juan","Entre PR-887 y PR-181","2014-01-01T00:00:00.000","12592"
"851","1.5","Terciary","Trujillo Alto","Entre PR-181 y PR-941","2014-01-01T00:00:00.000","7299"
"852","7.4","Terciary","Trujillo Alto","Entre PR-8852 y PR-853","2014-01-01T00:00:00.000","2807"
"853","9.5","Terciary","Carolina","Entre PR-856 y PR-852","2014-01-01T00:00:00.000","3725"
"853","1.4","Terciary","Carolina","Entre PR-858 y Media Begin","2014-01-01T00:00:00.000","10685"
"853","5.1","Terciary","Carolina","Entre Median End y PR-856","2014-01-01T00:00:00.000","7972"
"855","1.9","Terciary","Bayamón","Entre PR-167 y PR-2","2014-01-01T00:00:00.000","2834"
"858","2.6","Terciary","Carolina","Entre PR-853  y PR-852","2014-01-01T00:00:00.000","6289"
"866","2.3","Terciary","Toa Baja","Entre  entrada al Vertedero y PR-22","2014-01-01T00:00:00.000","27447"
"866","5","Terciary","Toa Baja","Entre Calle José  Pedreira y Calle Paoli","2014-01-01T00:00:00.000","13698"
"867","0.4","Terciary","Toa Baja","Entre PR-866 y Calle Los Mangos","2014-01-01T00:00:00.000","12947"
"872","0.5","Terciary","Toa Baja","Entre PR-866  y","2014-01-01T00:00:00.000","12514"
"874","1.4","Terciary","Carolina","Entre Ave Calderón  y Paseo de Los Gigantes","2014-01-01T00:00:00.000","10622"
"876","1.9","Secondary","Trujillo Alto","Entre Acceso y PR-848","2014-01-01T00:00:00.000","7507"
"880","0.5","Secondary","Guaynabo","Entre PR-2 y End of Road","2014-01-01T00:00:00.000","5254"
"887","2.9","Urban Primary","Carolina","Entre PR-848 y PR-3","2014-01-01T00:00:00.000","23587"
"891","0.4","Terciary","Corozal","Entre PR-159 W y Plaza /Calle Bou","2014-01-01T00:00:00.000","6883"
"912","0.2","Terciary","San Lorenzo","Entre PR-916 y PR-9912","2014-01-01T00:00:00.000","2056"
"916","4.2","Terciary","San Lorenzo","Entre PR-919 y PR-912","2014-01-01T00:00:00.000","9200"
"921","4","Terciary","Las Piedras","Entre PR-914 y PR-908","2014-01-01T00:00:00.000","6475"
"927","1.1","Terciary","Humacao","Entre PR-924 y Acceso a PR-63","2014-01-01T00:00:00.000","4868"
"927","9.6","Terciary","Naguabo","Entre Urban Boundary y Calle J. R. Garzot","2014-01-01T00:00:00.000","663"
"928","1.4","Terciary","Juncos","Entre PR-929 Y OLD/SUL Juncos","2014-01-01T00:00:00.000","5525"
"931","5","Terciary","Gurabo","Entre PR-203 y PR-189","2014-01-01T00:00:00.000","8705"
"935","2.5","Secondary","Juncos","Entre PR-198 y PR-31","2014-01-01T00:00:00.000","9654"
"936","0.8","Terciary","Las Piedras","Entre PR-198 y PR-9936","2014-01-01T00:00:00.000","8251"
"936","5.4","Terciary","Las Piedras","Entre PR-937 y PR-31","2014-01-01T00:00:00.000","5032"
"940","2.5","Terciary","Fajardo","Entre PR-983 y PR-3","2014-01-01T00:00:00.000","4364"
"941","13.3","Terciary","Trujillo Alto","Entre SUL San Juan y PR-851","2014-01-01T00:00:00.000","1539"
"943","0.1","Terciary","Gurabo","Entre PR-189 y Calle Sa Antonio / PR-941","2014-01-01T00:00:00.000","1042"
"951","9","Secondary","Loíza","Entre PR-187 Sur y PR-187 Este","2014-01-01T00:00:00.000","5136"
"954","1.7","Terciary","Canóvanas","Entre PR-185 y Municipal Boundary","2014-01-01T00:00:00.000","3591"
"956","6.2","Terciary","Río Grande","Entre PR-960 y PR-958","2014-01-01T00:00:00.000","1906"
"957","5.4","Terciary","Río Grande","Entre Municipal Boundary y PR-956","2014-01-01T00:00:00.000","3306"
"957","2.2","Terciary","Canóvanas","Entre PR-185 y Municipal Boundary","2014-01-01T00:00:00.000","3461"
"958","0.8","Terciary","Río Grande","Entre PR-3 y PR-962","2014-01-01T00:00:00.000","11245"
"958","2.7","Terciary","Río Grande","Entre PR-962 y Paseo Los Márquez","2014-01-01T00:00:00.000","7049"
"959","1.7","Terciary","Río Grande","Entre PR-3 y SUL San Juan","2014-01-01T00:00:00.000","5325"
"970","6","Terciary","Naguabo","Entre PR-971 y PR-969","2014-01-01T00:00:00.000","2723"
"971","2.4","Terciary","Naguabo","Entre PR-972 y PR-970","2014-01-01T00:00:00.000","3366"
"972","2.1","Terciary","Naguabo","Entre PR-973 y PR-975","2014-01-01T00:00:00.000","672"
"975","0.3","Terciary","Ceiba","Entre PR-979 y PR-53","2014-01-01T00:00:00.000","7265"
"976","0.1","Terciary","Fajardo","Entre Calle Igualdad/PR-3 y Calle Rebollo","2014-01-01T00:00:00.000","10956"
"976","1.2","Terciary","Fajardo","Entre Calle Barreto y PR-985","2014-01-01T00:00:00.000","10985"
"977","0.7","Terciary","Fajardo","Entre PR-975 y Fajardo South Urban Boundary","2014-01-01T00:00:00.000","1235"
"979","0.9","Terciary","Ceiba","Entre PR-3 y PR-3","2014-01-01T00:00:00.000","3348"
"983","1.6","Terciary","Luquillo","Entre PR-940 y PR-991","2014-01-01T00:00:00.000","3992"
"984","5.3","Terciary","Fajardo","Entre PR-9984 y PR-976","2014-01-01T00:00:00.000","401"
"986","0.9","Terciary","Fajardo","Entre PR-194 y Calle D. Zalduondo","2014-01-01T00:00:00.000","1571"
"987","2.2","Terciary","Fajardo","Entre Calle Sur y Ave Conquistador","2014-01-01T00:00:00.000","9399"
"991","0.9","Terciary","Luquillo","Entre PR-992 y PR-983","2014-01-01T00:00:00.000","5946"
"992","5.2","Terciary","Luquillo","Entre PR-990 y Fajardo West Urban Boundary","2014-01-01T00:00:00.000","9286"
"6622","1.2","Terciary","Morovis","Entre PR-145/PR-567 y PR-617","2014-01-01T00:00:00.000","2202"
"6632","0.4","Secondary","Ciales","Entre PR-145 y PR-149","2014-01-01T00:00:00.000","7624"
"6632","0.4","Secondary","Ciales","Entre PR-145 y PR-149","2014-01-01T00:00:00.000","8620"
"6633","0.1","Secondary","Ciales","Entre PR-6685 y PR-149","2014-01-01T00:00:00.000","1277"
"7718","1.8","Secondary","Aibonito","Entre PR-14 y PR-162","2014-01-01T00:00:00.000","5604"
"7737","1.7","Terciary","Cayey","Entre PR-15 y PR-715","2014-01-01T00:00:00.000","918"
"8855","0.2","Terciary","Bayamón","Entre PR-167 y PR-5","2014-01-01T00:00:00.000","17797"
"8865","1","Terciary","Toa Baja","Entre PR-165 y PR-2","2014-01-01T00:00:00.000","12734"
"9030","0.9","Terciary","Gurabo","Entre PR-189 y PR-933","2014-01-01T00:00:00.000","6469"
"9912","2","Terciary","San Lorenzo","Entre EUL Caguas y PR-912","2014-01-01T00:00:00.000","5079"
"9913","0.3","Terciary","Juncos","Entre PR-189 y PR-928","2014-01-01T00:00:00.000","13964"
"9959","0.3","Terciary","Canóvanas","Entre PR-3 W y PR-185","2014-01-01T00:00:00.000","5075"
"156R","0.3","Terciary","Aguas Buenas","Entre PR-173 y  PR-156","2014-01-01T00:00:00.000","5604"
"2 Ramal","1.8","Urban Primary","Ponce","Entre Calle Roosevelt y PR-123","2014-01-01T00:00:00.000","8719"
"Calle Principal","0.5",,"Caguas","De Ave Turabo a PR-172","2014-01-01T00:00:00.000","11060"
"615","5",,"Ciales","Al norte PR-6615","2002-01-01T00:00:00.000","2200"
"1","32.5",,"Caguas","Al sur PR-30","2002-01-01T00:00:00.000","33600"
"2","188.4","Primaria ","Yauco","Oeste Yauco","2012-01-01T00:00:00.000","23082"
"1","0.08","Conector Intermodal","San Juan","Entre Calle del Muelle y Ave Fernández Juncos","2012-01-01T00:00:00.000","7493"
"1","0.1",,"San Juan","Entre Calle Concepción de Gracia y Fernández Juncos","2012-01-01T00:00:00.000","9706"
"1","0.1",,"Caguas","Entre Calle Cristóbal Colón y Calle Forastieri (Paralela)","2002-01-01T00:00:00.000","9200"
"1","0.1","Primaria Urbana","San Juan","Entre Calle Tanca y Calle Gen.Pershing","2003-01-01T00:00:00.000","12889"
"1","0.15","Primaria","San Juan","Entre Calle Tanca y Calle G Pershing","2007-01-01T00:00:00.000","13097"
"1","0.2","Conector Intermodal","San Juan","Entre Calle Tanca y Calle Pershing","2012-01-01T00:00:00.000","9389"
"1","0.3",,"Ponce","Entre Calle Simón de la Torre y Calle Unión (Ramal)","2002-01-01T00:00:00.000","2200"
"1","0.51","Primaria","San Juan","Entre Calle Preching y Calle del Muelle","2009-01-01T00:00:00.000","11656"
"1","0.6","Conector Intermodal","San Juan","Paseo de los Veteranos Puertorriqueńos (oeste de Capitolio Plaza Apts.)","2008-01-01T00:00:00.000","11783"
"1","0.8",,"San Juan","Entre Calle del  Muelle y Fernández Juncos","2012-01-01T00:00:00.000","9086"
"1","0.8","Primaria Urbana","San Juan","Entre Calle del Muelle y Ave. Fernández Juncos","2005-01-01T00:00:00.000","10862"
"1","0.85","Primaria","San Juan","Entre Calle del Muelle y Ave. Fernández Juncos","2007-01-01T00:00:00.000","12688"
"1","1.65","Primaria","San Juan","Entre Ave. Fernández Juncos y Calle Fernández","2007-01-01T00:00:00.000","16498"
"1","2.8","Primaria Urbana","San Juan","Ave. Fdez.Juncos/oeste PR-25","2005-01-01T00:00:00.000","30139"
"1","2.8","Primaria Urbana","San Juan","Ave. Fernández Juncos/oeste PR-25","2006-01-01T00:00:00.000","25434"
"1","2.8","Primaria","San Juan","Ave. Fernández Juncos/oeste PR-25","2007-01-01T00:00:00.000","24854"
"1","2.8","Conector Intermodal","San Juan","Ave, Fernández Juncos/ Oeste PR-25","2010-01-01T00:00:00.000","25806"
"1","2.8","Primaria Urbana","San Juan","Ave. Fernández Juncos/Oeste PR-25","2009-01-01T00:00:00.000","23327"
"1","2.8",,"San Juan","Ave Fernández Juncos/ Oeste PR-25","2012-01-01T00:00:00.000","23344"
"1","2.9",,"San Juan","Al este Calle Núm. 5","2002-01-01T00:00:00.000","30400"
"1","3.36","Primaria","San Juan","Entre PR-35 y PR-26","2011-01-01T00:00:00.000","37553"
"1","4",,"San Juan","Entre PR-26 y Ave. Fernández Juncos","2002-01-01T00:00:00.000","67800"
"1","4.4","Primaria","San Juan","Entre PR-26 y PR-2","2007-01-01T00:00:00.000","43852"
"1","7.15","Primaria Urbana","San Juan","Entre PR-22 y Puente Martín Peńa","2005-01-01T00:00:00.000","51035"
"1","7.2","Primaria Urbana","San Juan","Entre PR-22 y Puente Martín Peńa","2012-01-01T00:00:00.000","37436"
"1","7.9","Primaria Urbana","San Juan","Entre Calle Arterial B y  Ave. Chardón","2003-01-01T00:00:00.000","35857"
"1","11.6","Primaria Urbana","San Juan","Entre PR-17 y PR-3","2005-01-01T00:00:00.000","45474"
"1","13.3","Primaria Urbana","San Juan","Entre PR-21 y  PR-176","2003-01-01T00:00:00.000","53191"
"1","13.5","Primaria Urbana","San Juan","Entre PR-21 y PR-176","2012-01-01T00:00:00.000","40844"
"1","14.1","Primaria Urbana","San Juan","Entre PR-176 y Calle de Diego","2012-01-01T00:00:00.000","33255"
"1","14.6",,"San Juan","Entre Calle De Diego y PR-52","2002-01-01T00:00:00.000","65100"
"1","14.68","Primaria Urbana","San Juan","Entre Calle de Diego y PR-52","2011-01-01T00:00:00.000","44914"
"1","22",,"Guaynabo","Entre PR-20 y PR-173","2002-01-01T00:00:00.000","51700"
"1","22","Secundaria","Guaynabo","Entre PR-20 Y PR-173","2003-01-01T00:00:00.000","50212"
"1","22","Secundaria","Guaynabo","Entre PR-20 y PR-173 sur Guaynabo","2005-01-01T00:00:00.000","47209"
"1","22","Terciaria","Guaynabo","Entre PR-20 y PR-173 sur Guaynabo","2006-01-01T00:00:00.000","51287"
"3","87",,"Humacao","Entre PR-906 y Límite Municipal","2002-01-01T00:00:00.000","11000"
"1","22","Secundaria","San Juan","Entre PR-20 y PR-173 sur Guaynabo","2007-01-01T00:00:00.000","53645"
"1","22","Secundaria","Guaynabo","Entre PR-20 y PR-173","2009-01-01T00:00:00.000","52654"
"1","22","Secundaria","Guaynabo","Entre PR-20 y PR-173","2010-01-01T00:00:00.000","46173"
"1","22",,"Guaynabo","Entre PR-20 y PR-173","2012-01-01T00:00:00.000","45059"
"1","26.4","Secundaria","Caguas","Entre PR-798 y PR-175","2003-01-01T00:00:00.000","47278"
"1","27.3","Secundaria","Caguas","Entre PR-797 y PR-175","2012-01-01T00:00:00.000","31451"
"1","30",,"Caguas","Entre PR-795 y PR-52","2002-01-01T00:00:00.000","33400"
"1","30.3","Secundaria","Caguas","Entre PR-795 y PR-798 Sur","2012-01-01T00:00:00.000","17384"
"1","32.1",,"Caguas","Entre PR-52 y PR-30","2012-01-01T00:00:00.000","25566"
"1","32.1",,"Caguas","Entre PR-52 y PR-30","2012-01-01T00:00:00.000","33139"
"1","33.2","Primaria Urbana","Caguas","Entre Calle Velázquez y PR-32","2009-01-01T00:00:00.000","27814"
"1","33.65","Primaria Urbana","Caguas","Entre PR-32 y PR-196","2009-01-01T00:00:00.000","23845"
"1","34.1","Secundaria","Caguas","Entre PR-196 y Entrada Villa Blanca","2005-01-01T00:00:00.000","24621"
"1","34.15","Primaria","Caguas","Entre PR-196 y Entrada Villa Blanca","2007-01-01T00:00:00.000","28745"
"1","34.69","Primaria Urbana","Caguas","Entre PR-189 y Calle Dr. Goyco","2003-01-01T00:00:00.000","10147"
"1","35.1","Primaria","Caguas","Entre Calle Dr. Goyco y Calle Ruiz Belvis","2007-01-01T00:00:00.000","1647"
"1","35.19","Primaria Urbana","Caguas","Entre Calle Ruiz Belvis y PR-156","2010-01-01T00:00:00.000","5275"
"1","35.39","Primaria Urbana","Caguas","Entre PR-156 y Calle Georgetti","2009-01-01T00:00:00.000","4343"
"1","35.55","Primaria Urbana","Caguas","Entre Calle Georgetti y C. Cristóbal Colón","2003-01-01T00:00:00.000","2853"
"1","36.5",,"Caguas","Entre Calle Mercurio y Calle Degetau","2002-01-01T00:00:00.000","29100"
"1","36.83","Primaria Urbana","Caguas","Entre Calle Degetau y PR-172","2010-01-01T00:00:00.000","11323"
"1","38.35","Primaria Urbana","Caguas","Entr PR-52 y Calle Esperanza","2011-01-01T00:00:00.000","15121"
"1","40","Primaria","Caguas","Entre Acceso PR-52/Calle 1 y PR-765","2007-01-01T00:00:00.000","18136"
"1","48.3","Primaria","Cidra","Entre PR-787 y PR-184","2003-01-01T00:00:00.000","10986"
"1","49.3","Terciaria","Cidra","Entre PR-787 y PR-184","2006-01-01T00:00:00.000","11391"
"1","49.33","Terciaria","Cidra","Entre PR-787 y PR-184","2011-01-01T00:00:00.000","8154"
"1","50",,"Cidra","Entre PR-787 y PR-7786","2002-01-01T00:00:00.000","9900"
"1","51.98","Secundaria","Cayey","Entre PR-184 y PR-735 Norte","2010-01-01T00:00:00.000","14428"
"1","52","Secundaria","Cayey","Entre PR-184 y PR-735 norte","2006-01-01T00:00:00.000","19526"
"1","55.2","Primaria Urbana","Cayey","Entre PR-735 sur y PR-14","2003-01-01T00:00:00.000","40238"
"1","56","Primaria","Cayey","Entre PR-14 y Acceso Autopista","2007-01-01T00:00:00.000","18228"
"1","56.04","Primaria Urbana","Cayey","Entre PR-14 y Acceso a Autopista","2011-01-01T00:00:00.000","29111"
"1","56.05","Primaria Urbana","Cayey","Entre PR-14 y Acceso Autopista","2006-01-01T00:00:00.000","20520"
"1","56.9","Terciaria","Cayey","Entre Acceso Autopista y Calle Acacia","2007-01-01T00:00:00.000","30078"
"1","57.74","Primaria Urbana","Cayey","Entre Calle Acacia y PR-15","2011-01-01T00:00:00.000","27442"
"1","57.75","Primaria","Cayey","Entre Calle Acacia y PR-15","2007-01-01T00:00:00.000","22673"
"1","58",,"Cayey","Entre Calle E y PR-15","2002-01-01T00:00:00.000","18400"
"1","59.1","Primaria Urbana","Cayey","Entre Calle Fernández Garay y Calle Maximo Rivera","2006-01-01T00:00:00.000","11867"
"1","59.2","Primaria Urbana","Cayey","Entre C. Máximo Rivera y C. Flor Rodríguez","2003-01-01T00:00:00.000","10095"
"1","59.75","Primaria","Cayey","Entre Calle Máximo Rivera y PR-170","2007-01-01T00:00:00.000","11277"
"1","60.63","Secundaria","Cayey","Entre PR-170 y PR-715","2010-01-01T00:00:00.000","10075"
"1","60.65","Secundaria","Cayey","Entre PR-170 y PR-715","2006-01-01T00:00:00.000","11257"
"1","63",,"Cayey","Entre PR-715 y PR-7722","2002-01-01T00:00:00.000","8800"
"1","65.5","Secundaria","Cayey","Este PR-7722","2005-01-01T00:00:00.000","7826"
"1","66.5","Terciaria","Cayey","Oeste PR-7722","2005-01-01T00:00:00.000","2813"
"1","67.1","Terciaria","Cayey","Entre PR-162 y PR-7722","2006-01-01T00:00:00.000","2108"
"1","72.3","Terciaria","Salinas","Al sur PR-162","2006-01-01T00:00:00.000","522"
"1","76","Terciaria","Salinas","Entre PR-714 y PR-717","2006-01-01T00:00:00.000","2282"
"1","77.8","Terciaria","Salinas","Entre PR-717 y PR-714","2010-01-01T00:00:00.000","3830"
"1","80","Terciaria","Salinas","Entre PR-714 y PR-712","2007-01-01T00:00:00.000","5262"
"1","80.15","Secundaria","Salinas","Entre PR-714 y PR-712","2006-01-01T00:00:00.000","5201"
"1","82","Terciaria","Salinas","Al Sur PR-712","2009-01-01T00:00:00.000","6657"
"1","83","Terciaria","Salinas","Entre PR-712 y Límite urbano norte 79","2007-01-01T00:00:00.000","6019"
"1","83.09","Terciaria","Salinas","Entre PR-712 y Cayey","2010-01-01T00:00:00.000","5486"
"1","85",,"Cayey","Entre PR-712 y PR-52","2002-01-01T00:00:00.000","7800"
"1","86","Terciaria","Salinas","Entre PR-712 y PR-52","2007-01-01T00:00:00.000","10682"
"1","89.1","Terciaria","Salinas","Entre PR-52 y PR-180","2003-01-01T00:00:00.000","18100"
"1","89.4","Secundaria","Salinas","Entre PR-52 y PR-180","2009-01-01T00:00:00.000","18399"
"1","89.7","Secundaria","Salinas","Entre PR-180 y Calle Guadalupe","2006-01-01T00:00:00.000","12209"
"1","90.25","Secundaria","Salinas","Entre Calle Guadalupe y Calle Monserrate","2006-01-01T00:00:00.000","8125"
"1","90.6","Terciaria","Salinas","Entre Calle Barbosa y Calle Federico Degetau/PR-701","2003-01-01T00:00:00.000","14604"
"1","90.6","Secundaria","Salinas","Entre Calle Monserrate y Calle Barbosa","2006-01-01T00:00:00.000","6520"
"1","90.6","Secundaria","Salinas","Entre C/ Monserrate y C/Barbosa","2010-01-01T00:00:00.000","5860"
"1","91.1",,"Salinas","Entre Calle F. Degetau y Calle Baldorioty","2002-01-01T00:00:00.000","18400"
"1","94","Secundaria","Salinas","Entre PR-543 y (wul) Salinas","2008-01-01T00:00:00.000","7983"
"1","103.3",,"Santa Isabel","Entre Calle B y PR-153","2012-01-01T00:00:00.000","9594"
"1","104",,"Santa Isabel","Entre Calle Ruiz Belvis y Calle 12","2002-01-01T00:00:00.000","10400"
"1","104.1",,"Santa Isabel","Entre Calle Ruíz Belvis y PR-5507 Este","2012-01-01T00:00:00.000","8174"
"1","104.8","Secundaria","Santa Isabel","Entre PR-5507 y PR-161","2006-01-01T00:00:00.000","8548"
"1","104.8","Secundaria","Santa Isabel","Entre PR-5507 y PR-161","2006-01-01T00:00:00.000","6920"
"1","105.4","Terciaria","Santa Isabel","Entre PR-161 y PR-5507","2003-01-01T00:00:00.000","13451"
"1","105.8","Secundaria","Santa Isabel","Entre PR-161 y PR-5507 (W)","2012-01-01T00:00:00.000","11617"
"1","106",,"Santa Isabel","Entre PR-161 y PR-5507 oeste","2002-01-01T00:00:00.000","12500"
"1","106","Secundaria","Santa Isabel","Entre PR-161 y PR-1","2008-01-01T00:00:00.000","12220"
"1","106.46","Terciaria","Santa Isabel","Entre PR-537 y PR-5507","2007-01-01T00:00:00.000","11792"
"1","107","Secundaria","Juana Díaz","Entre PR-536 y PR-535","2003-01-01T00:00:00.000","10527"
"1","107.6","Secundaria","Santa Isabel","Entre PR-5507 y PR-537","2006-01-01T00:00:00.000","10090"
"1","107.6","Secundaria","Santa Isabel","Entre PR-5507 (W) y PR-537","2012-01-01T00:00:00.000","11807"
"1","108.7","Secundaria","Santa Isabel","Entre PR-537 y (wul) 84","2007-01-01T00:00:00.000","10050"
"1","111.8","Terciaria","Juana Díaz","Al oeste PR-535","2005-01-01T00:00:00.000","12233"
"1","111.83","Secundaria","Juana Díaz","Entre PR-535 y Ponce","2011-01-01T00:00:00.000","15911"
"1","111.83","Secundaria","Juana Díaz","Entre PR-535 y Ponce (este)","2011-01-01T00:00:00.000","14132"
"1","112",,"Juana Díaz","Entre PR-535 y PR-149","2002-01-01T00:00:00.000","12400"
"1","114.4","Secundaria","Juana Díaz","Entre PR-149 y PR-594","2003-01-01T00:00:00.000","13906"
"1","116","Secundaria","Jayuya","AL Este PR-509","2009-01-01T00:00:00.000","13678"
"1","116.5","Secundaria","Jayuya","Al Oeste PR-509","2009-01-01T00:00:00.000","14034"
"1","117.5","Secundaria","Jayuya","Entre PR-510 y PR-571","2009-01-01T00:00:00.000","13441"
"1","118",,"Juana Díaz","Entre PR-509 y PR-571","2002-01-01T00:00:00.000","15300"
"1","118","Secundaria","Juana Díaz","Entre PR-509 y Ponce","2010-01-01T00:00:00.000","11853"
"1","118.1","Secundaria","Jayuya","Entre PR-571 y PR-509","2009-01-01T00:00:00.000","13569"
"1","119","Primaria","Ponce","Entre PR-510 y PR-5510","2004-01-01T00:00:00.000","13400"
"1","122.5",,"Ponce","Entre PR-506R y PR-52","2002-01-01T00:00:00.000","28500"
"1","124",,"Ponce","Entre PR-52 y PR-2","2002-01-01T00:00:00.000","41300"
"1","124.55","Primaria Urbana","Ponce","Entre PR-52 y PR-2","2006-01-01T00:00:00.000","33056"
"1","125.5","Primaria Urbana","Ponce","Entre PR-2 y Urb. Valle Verde","2006-01-01T00:00:00.000","18463"
"1","125.7","Primaria Urbana","Ponce","Entre Calle Sendero y Ave. E. Fagot","2003-01-01T00:00:00.000","19359"
"1","125.95","Primaria Urbana","Ponce","Entre Urb. Valle Verde y Ave. Fagot","2006-01-01T00:00:00.000","15099"
"1","126.3","Primaria","Ponce","Entre PR-12 y PR-2","2007-01-01T00:00:00.000","13212"
"1","127.2",,"Ponce","Entre Calle Montaniel y Calle Salud","2012-01-01T00:00:00.000","4776"
"1","127.5",,"Ponce","Entre Calle Salud y Calle Atocha","2002-01-01T00:00:00.000","7000"
"1","127.5","Primaria Urbana","Ponce","Entre C/ Salud y  C/ Atocha","2009-01-01T00:00:00.000","4495"
"1","127.75","Primaria Urbana","Ponce","Entre Calle Atocha y Calle Méndez Vigo","2006-01-01T00:00:00.000","9479"
"1","127.77","Primaria Urbana","Ponce","Entre C/ Atocha y C/ Méndez Vigo","2011-01-01T00:00:00.000","4408"
"1","127.93","Primaria Urbana","Ponce","Entre C/ Méndez Vigo y C/ Simón de la Torre","2011-01-01T00:00:00.000","4724"
"1","127.95","Primaria Urbana","Ponce","Entre Calle Méndez Vigo y Calle Simón de la Torre","2006-01-01T00:00:00.000","6325"
"1",,"Primaria Urbana","San Juan","Ave. Fdez. Juncos/oeste int PR-25","2003-01-01T00:00:00.000","31577"
"2","0.15","Primaria","San Juan","Entre PR-26 y PR-25","2010-01-01T00:00:00.000","23545"
"2","0.45","Primaria","San Juan","Entre PR-25 y PR-35","2007-01-01T00:00:00.000","17314"
"2","1",,"San Juan","Entre PR-35 y PR-42","2002-01-01T00:00:00.000","29700"
"2","1","Primaria","San Juan","Entre PR-35 y PR-1","2011-01-01T00:00:00.000","26377"
"2","1.57","Primaria","San Juan","Entre PR-1 y Puente Constitución","2009-01-01T00:00:00.000","76960"
"2","1.6","Primaria Urbana","San Juan","Puente de la Constitución","2008-01-01T00:00:00.000","77839"
"2","1.74","Primaria Urbana","San Juan","Entre Pte. Constitución y Ave. Puerto Nuevo","2003-01-01T00:00:00.000","71445"
"2","2",,"San Juan","Entre Pte. La Constitución y Ave. Pto. Nuevo","2002-01-01T00:00:00.000","68900"
"2","2.3","Primaria Urbana","San Juan","Entre Ave. Puerto Nuevo y PR-22","2003-01-01T00:00:00.000","83486"
"2","3",,"Mayagüez","Entre Calle San Gerardo y Calle Asturias (Ramal)","2002-01-01T00:00:00.000","28900"
"2","3.3","Primaria ","San Juan","Entre Ave  Guillermo Ortíz y PR-22","2012-01-01T00:00:00.000","84733"
"2","3.35","Primaria","San Juan","Entre Ave Guillermo Ortíz y PR-22","2011-01-01T00:00:00.000","76208"
"2","4",,"Guaynabo","Entre Ave. Pto. Nuevo y PR-22","2002-01-01T00:00:00.000","53800"
"2","4.7","Primaria ","San Juan","Entre PR-22 y PR-165/PR-23","2012-01-01T00:00:00.000","84938"
"2","5.83","Primaria","Guaynabo","Entre PR-165/PR-23 y PR-20","2009-01-01T00:00:00.000","117238"
"2","7",,"Guaynabo","Entre PR-20 y Calle Buchanan","2002-01-01T00:00:00.000","57700"
"2","9.55","Primaria Urbana","Bayamón","Entre PR-6 y Millones Main St.","2009-01-01T00:00:00.000","33626"
"2","10.65","Primaria","Bayamón","Entre Calle E. Padilla y PR-174/PR-5","2009-01-01T00:00:00.000","59139"
"2","11.1","Primaria Urbana","Bayamón","Entre PR-174/PR-5 y PR-167","2011-01-01T00:00:00.000","31342"
"2","11.1","Primaria Urbana","Bayamón","Entre PR-174/ PR-5 y PR-167","2012-01-01T00:00:00.000","34584"
"2","11.45","Primaria","Bayamón","Entre PR-167 y PR-839","2007-01-01T00:00:00.000","24647"
"2","11.5","Primaria Urbana","Bayamón","Entre PR-167 y PR-839","2012-01-01T00:00:00.000","34991"
"2","11.64","Primaria Urbana","Bayamón","Entre PR-839 y PR-855","2003-01-01T00:00:00.000","55551"
"2","12.04","Primaria Urbana","Bayamón","Entre PR-839 y PR-855","2009-01-01T00:00:00.000","44642"
"2","13.5","Primaria Urbana","Bayamón","Entre PR-855 y PR-29","2012-01-01T00:00:00.000","33161"
"2","15","Primaria Urbana","Bayamón","Entre PR-29 y PR-864 W","2012-01-01T00:00:00.000","17967"
"2","15.5","Primaria","Bayamón","Entre  PR-864 oeste y PR-866","2004-01-01T00:00:00.000","49800"
"2","16.8","Primaria Urbana","San Juan","Entre PR-866 y PR-863","2003-01-01T00:00:00.000","45059"
"2","17","Primaria Urbana","Toa Baja","Al Este Calle Guayaba","2011-01-01T00:00:00.000","25145"
"2","18","Primaria Urbana","Toa Baja","Al Oeste PR-819 (PR-863)","2011-01-01T00:00:00.000","28653"
"2","20","Primaria Urbana","Toa Baja","Al Oeste Ave La Fuente (entrada Rooms to Go)","2011-01-01T00:00:00.000","23825"
"2","22.4","Primaria Urbana","Toa Baja","Entre PR-165 y Bayamón","2010-01-01T00:00:00.000","29160"
"2","25","Secundaria","Dorado","Entre PR-165/693 y PR-677/PR-142","2005-01-01T00:00:00.000","27645"
"2","25.85","Secundaria","Dorado","Entre PR-677 y PR-694","2010-01-01T00:00:00.000","39345"
"2","26",,"Dorado","Entre PR-677 y PR-659","2002-01-01T00:00:00.000","21000"
"2","26","Primaria","Dorado","Entre PR-142 y PR-659","2004-01-01T00:00:00.000","41500"
"2","26.8","Secundaria","Dorado","Entre PR-659 y PR-679","2005-01-01T00:00:00.000","31986"
"2","26.8","Secundaria","Dorado","Entre PR-659 y PR-679","2010-01-01T00:00:00.000","28089"
"2","27","Primaria","Dorado","Entre PR-669 y PR-679","2004-01-01T00:00:00.000","40800"
"2","27.48","Secundaria","Dorado","Entre PR-694 y PR-679","2009-01-01T00:00:00.000","27158"
"2","28","Secundaria","Vega Alta","Entre PR-676 y PR-694","2010-01-01T00:00:00.000","31715"
"2","28.48","Secundaria","Vega Alta","Entre PR-678 y PR-694","2009-01-01T00:00:00.000","36803"
"2","30.6","Primaria","Vega Alta","Entre Calle Colón y Calle Seijo","2004-01-01T00:00:00.000","40100"
"2","30.79","Secundaria","Vega Alta","Entre C/ Seijo y C/ Fernández","2010-01-01T00:00:00.000","16537"
"2","34","Secundaria","Vega Alta","Al Noroeste PR-22","2010-01-01T00:00:00.000","20422"
"2","36","Secundaria","Vega Alta","Este de PR-155/este de Vega Baja","2003-01-01T00:00:00.000","34671"
"2","36","Primaria","Vega Baja","Entre PR-689 y PR-160","2004-01-01T00:00:00.000","33300"
"2","36.8",,"Vega Alta","Al este de PR-155","2002-01-01T00:00:00.000","36200"
"2","37.1","Secundaria","Vega Baja","Entre PR-160 y PR-676 este Vega Baja","2005-01-01T00:00:00.000","31700"
"2","37.1","Secundaria","Vega Baja","Entre PR-160 y PR-676 este Vega Baja","2006-01-01T00:00:00.000","29717"
"2","37.1","Secundaria","Vega Baja","Entre PR-160 y PR-676","2007-01-01T00:00:00.000","26431"
"2","37.1","Secundaria","Vega Baja","Entre PR-160 y PR-676","2010-01-01T00:00:00.000","22197"
"2","37.1","Secundaria","Toa Baja","Entre PR-160 y PR-676","2009-01-01T00:00:00.000","24277"
"2","37.1","Secundaria","Vega Baja","Entre PR-160 y PR-676","2012-01-01T00:00:00.000","21764"
"2","37.5","Primaria","Vega Baja","Entre PR-155 y PR-686","2004-01-01T00:00:00.000","25500"
"2","48","Primaria","Manatí","Entre PR-149 y PR-604","2004-01-01T00:00:00.000","36600"
"2","48","Primaria","Manatí","Entre PR-149 y PR-604","2007-01-01T00:00:00.000","28976"
"2","49.2",,"Manatí","Entre PR-604 y Calle Francisco Álvarez","2002-01-01T00:00:00.000","36400"
"2","49.33","Secundaria","Manatí","Entre C. Francisco Alvárez y PR-685","2003-01-01T00:00:00.000","35366"
"2","49.7","Secundaria","Manatí","Entre PR-685 y PR-6685","2004-01-01T00:00:00.000","29287"
"2","50.04","Secundaria","Manatí","Entre PR-6685 y PR-667","2009-01-01T00:00:00.000","26132"
"2","51.85","Secundaria","Manatí","Entre Florida (este) y San Juan (oeste)","2011-01-01T00:00:00.000","29888"
"2","51.9",,"Barceloneta","Entre SJ West Urban Boundary y Florida East Urban Boundary","2012-01-01T00:00:00.000","26660"
"2","51.9","Secundaria","Florida","Entre San Juan West Urban Boundary y Florida East Urban Boundary","2012-01-01T00:00:00.000","30891"
"2","51.9","Secundaria","Manatí","Este PR-667","2005-01-01T00:00:00.000","27660"
"2","54","Secundaria","Barceloneta","Entre Manatí y Aecibo","2010-01-01T00:00:00.000","22634"
"2","55.3","Secundaria","Barceloneta","Entre PR-140 y PR-140","2003-01-01T00:00:00.000","30828"
"2","56.4","Secundaria","Barceloneta","Entre Arecibo y Manatí","2011-01-01T00:00:00.000","17277"
"2","56.4","Secundaria","Florida","Entre PR-140 (este) Florida y PR-140 (este) Barceloneta","2012-01-01T00:00:00.000","23096"
"2","58.2","Secundaria","Florida","Entre PR-140 (Florida) y Median End (Arecibo)","2012-01-01T00:00:00.000","20696"
"2","58.25","Primaria","Barceloneta","Oeste PR-140","2007-01-01T00:00:00.000","17781"
"2","58.3","Secundaria","Barceloneta","Oeste PR-140 oeste","2005-01-01T00:00:00.000","30490"
"2","60.85","Secundaria","Barceloneta","Entre Arecibo y Florida","2010-01-01T00:00:00.000","18898"
"2","60.9","Secundaria","Arecibo","Este PR-639","2005-01-01T00:00:00.000","23388"
"2","63.6","Secundaria","Arecibo","Entre PR-639 y PR-22","2005-01-01T00:00:00.000","30747"
"2","63.6","Primaria","Arecibo","Entre PR-639 y PR-22","2007-01-01T00:00:00.000","26919"
"2","64.55","Secundaria","Arecibo","Entre PR-663 y PR-22","2011-01-01T00:00:00.000","18040"
"2","64.6","Secundaria","Arecibo","Entre PR-22 y PR-683","2005-01-01T00:00:00.000","30476"
"2","64.73","Secundaria","Arecibo","Entre PR-683 y PR-650","2003-01-01T00:00:00.000","33066"
"2","65.55","Secundaria","Arecibo","Entre PR-22 y Arecibo","2011-01-01T00:00:00.000","22245"
"2","65.55","Primaria","Arecibo","Entre PR-683 y PR-650","2007-01-01T00:00:00.000","31212"
"2","65.6","Secundaria","Arecibo","Entre PR-683 y PR-650","2005-01-01T00:00:00.000","33079"
"2","66.7","Secundaria","Arecibo","Entre PR-662 y PR-650","2010-01-01T00:00:00.000","30336"
"2","66.9","Primaria","Arecibo","Entre PR-662 y PR-682","2004-01-01T00:00:00.000","33400"
"2","67.5","Secundaria","Arecibo","Entre PR-662 y PR-682","2005-01-01T00:00:00.000","33142"
"2","67.59","Secundaria","Arecibo","Entre PR-662 y PR-682","2010-01-01T00:00:00.000","27385"
"2","69",,"Arecibo","Entre PR-682 y PR-638","2002-01-01T00:00:00.000","30700"
"2","69.21","Secundaria","Arecibo","Entre PR-682 y PR-638","2010-01-01T00:00:00.000","27096"
"2","69.3","Secundaria","Arecibo","Entre PR-682 y PR-638","2005-01-01T00:00:00.000","32811"
"2","70.35","Primaria","Arecibo","Entre PR-638 y Acceso PR-22","2007-01-01T00:00:00.000","30364"
"2","70.4","Secundaria","Florida","Entre PR-638 y PR-22","2012-01-01T00:00:00.000","23383"
"2","70.4","Secundaria","Arecibo","Entre PR-638 y Acceso PR-22","2008-01-01T00:00:00.000","30589"
"2","72.3","Secundaria","Arecibo","Entre Acceso a PR-22 y PR-638","2006-01-01T00:00:00.000","29703"
"2","74.15","Secundaria","Arecibo","Oeste PR-6681","2006-01-01T00:00:00.000","17425"
"2","74.9",,"Arecibo","Entre Limite Urbano Arecibo y PR-10","2012-01-01T00:00:00.000","19632"
"2","75.45","Primaria Urbana","Arecibo","Entre PR-10 y Ave. Constitución","2005-01-01T00:00:00.000","21492"
"2","75.7","Primaria Urbana","Arecibo","Entre Ave. Constitución y Ave. Rotario","2005-01-01T00:00:00.000","21801"
"2","76.4","Primaria Urbana","Arecibo","Entre C/ Sulsoni y PR-129","2012-01-01T00:00:00.000","12084"
"2","76.4","Primaria Urbana","Arecibo","Entre Calle Susoni y PR-129","2006-01-01T00:00:00.000","14794"
"2","76.7","Primaria","Arecibo","Entre PR-129 y Calle Celis Aguilera","2010-01-01T00:00:00.000","15131"
"2","76.75","Primaria Urbana","Arecibo","Entre PR-129 y Ángel M. Marín","2006-01-01T00:00:00.000","15308"
"2","77","Primaria Urbana","Arecibo","Entre Calle Ángel M. Marín y Calle Unión","2005-01-01T00:00:00.000","21215"
"2","77","Primaria Urbana","Arecibo","Entre C/ Marín y C/ Unión","2012-01-01T00:00:00.000","11224"
"2","77.65","Primaria Urbana","Arecibo","Entre Calle Unión y Calle de La Cruz","2006-01-01T00:00:00.000","22155"
"2","77.65","Primaria","Arecibo","Entre Calle de la Cruz y Calle Unión","2010-01-01T00:00:00.000","28102"
"2","77.7","Primaria Urbana","Arecibo","Entre Calle Unión y Calle La Cruz","2005-01-01T00:00:00.000",
"2","79.26","Primaria Urbana","Arecibo","Entre C/ De La Cruz y Ave. san Daniel","2009-01-01T00:00:00.000","19966"
"2","85.4","Primaria","Hatillo","Al este PR 119","2004-01-01T00:00:00.000","55000"
"2","85.5","Primaria","Hatillo","Este PR-119","2007-01-01T00:00:00.000","54954"
"2","87","Primaria","Hatillo","Entre PR-130 y PR-119","2007-01-01T00:00:00.000","36161"
"2","88",,"Hatillo","Entre PR-130 y PR-4491 (este)","2002-01-01T00:00:00.000","33300"
"2","90.5","Primaria","Camuy","Entre PR-4491 Este y Calle Estrella","2004-01-01T00:00:00.000","32700"
"2","90.9","Primaria","Camuy","Entre Calle Estrella y PR-4491","2007-01-01T00:00:00.000","35350"
"2","90.9","Primaria","Camuy","Entre PR-119 oeste y PR-4491","2007-01-01T00:00:00.000","33626"
"2","91","Primaria","Camuy","Entre PR-119 y PR-4491","2003-01-01T00:00:00.000","41401"
"2","92","Primaria","Camuy","Al oeste Int.PR-4491","2004-01-01T00:00:00.000","40900"
"2","92.3","Primaria","Camuy","Entre PR-119 y PR-4491","2010-01-01T00:00:00.000","37252"
"2","93","Primaria","Camuy","Al noreste PR-482","2003-01-01T00:00:00.000","33789"
"2","95","Primaria","Camuy","Entre PR-119 y PR-482","2008-01-01T00:00:00.000","29345"
"2","98.55","Primaria","Quebradillas","Entre PR-482 y PR-485","2007-01-01T00:00:00.000","29427"
"2","101",,"Quebradillas","Entre PR-485 y PR-4484","2002-01-01T00:00:00.000","30700"
"2","101.5","Secundaria","Quebradillas","Entre PR-485 y PR-4484","2012-01-01T00:00:00.000","18470"
"2","102.8","Secundaria","Quebradillas","Entre PR-4484 y PR-113","2012-01-01T00:00:00.000","19600"
"2","103","Primaria","Quebradillas","Entre PR-4484 y PR-113","2004-01-01T00:00:00.000","33800"
"2","103.5","Primaria","Quebradillas","Entre PR-113 este y PR-4484","2007-01-01T00:00:00.000","33449"
"2","103.8","Secundaria","Quebradillas","Entre PR-113 y Arecbo/Aguadilla limite urbano","2012-01-01T00:00:00.000","21594"
"2",,"Primaria","Vega Alta","Al sureste PR-690","2010-01-01T00:00:00.000","27188"
"2","103.85","Primaria","Quebradillas","Entre PR-113 y Límite Municipal","2007-01-01T00:00:00.000","24409"
"2","104","Primaria","Quebradillas","Entre PR-113 este y PR-113 oeste","2008-01-01T00:00:00.000","26585"
"2","106",,"Isabela","Entre PR-113 y PR-446","2002-01-01T00:00:00.000","32800"
"2","106.2","Primaria","Isabela","Entre PR-446 y PR-113","2007-01-01T00:00:00.000","30899"
"2","107.4","Primaria ","Aguadilla","Entre PR-113 y PR-474","2012-01-01T00:00:00.000","20960"
"2","110.8","Primaria ","Aguadilla","Entre PR-474 y PR-4494","2012-01-01T00:00:00.000","20036"
"2","110.8","Primaria","Isabela","Entre PR-475 y PR-474","2007-01-01T00:00:00.000","32151"
"2","112.15","Primaria","Isabela","Entre PR-4494 y PR-112","2011-01-01T00:00:00.000","29020"
"2","112.15","Primaria","Isabela","Entre PR-475 y PR-112 (este)","2006-01-01T00:00:00.000","29051"
"2","112.2","Primaria ","Isabela","Entre PR-112 y PR-4494","2012-01-01T00:00:00.000","18933"
"2","112.5","Primaria","Quebradillas","Entre PR-112 este y PR-4494","2007-01-01T00:00:00.000","26767"
"2","112.7","Primaria ","Isabela","Entre PR-112 (Arenales) y PR-112 (pueblo)","2012-01-01T00:00:00.000","19253"
"2","114.05","Primaria","Isabela","Entre PR-112 (oeste) y PR-464","2006-01-01T00:00:00.000","41402"
"2","114.1","Primaria ","Isabela","Entre PR-112 y PR-464","2012-01-01T00:00:00.000","29877"
"2","114.1","Primaria ","Aguadilla","Entre PR-112 y PR-464","2012-01-01T00:00:00.000","32011"
"2","114.7","Primaria","Quebradillas","Entre PR-112 oeste y PR-464","2007-01-01T00:00:00.000","37459"
"2","115.3","Primaria","Aguadilla","Entre PR-464 y PR-466","2003-01-01T00:00:00.000","35723"
"2","116.1","Primaria","Aguadilla","Entre PR-464 y PR-466","2007-01-01T00:00:00.000","41996"
"2","116.6","Primaria ","Aguadilla","Entre Mayaguez y Arecibo","2012-01-01T00:00:00.000","27562"
"2","117","Primaria","Aguadilla","Entre PR-464 y PR-110","2008-01-01T00:00:00.000","32658"
"2","119",,"Aguadilla","Entre PR-110 y PR-462/PR-463","2002-01-01T00:00:00.000","36700"
"2","120","Primaria","Aguadilla","Entre PR-110 (oeste) y PR-462","2007-01-01T00:00:00.000","40783"
"2","121.6","Primaria","Aguadilla","Entre PR-462 y PR-443","2003-01-01T00:00:00.000","40898"
"2","122","Primaria","Aguadilla","Entre PR-463/PR-462 y PR-443","2007-01-01T00:00:00.000","47465"
"2","123.35","Primaria","Aguadilla","Entre PR-462 y PR-443","2007-01-01T00:00:00.000","36161"
"2","123.5","Primaria","Aguadilla","Entre PR-462 y PR-443","2003-01-01T00:00:00.000","38144"
"2","125.2","Primaria","Aguadilla","Entre PR-459 y PR-107","2007-01-01T00:00:00.000","48775"
"2","126.4","Primaria ","Aguadilla","Entre PR-107 y PR-2R","2012-01-01T00:00:00.000","42947"
"2","127","Primaria","Aguadilla","Norte Puente Ramal PR-2","2007-01-01T00:00:00.000","61868"
"2","127.35","Primaria","Aguadilla","Entre PR-2R y Calle Plácido Acevedo","2003-01-01T00:00:00.000","53356"
"2","127.4","Primaria","Aguadilla","Puente sobre PR-2R","2003-01-01T00:00:00.000","27650"
"2","128.4","Primaria","Aguadilla","Entre PR-2R y Ave. Juan Santos","2011-01-01T00:00:00.000","51715"
"2","129.82","Primaria","Aguadilla","Entre Ave. Juan santos y PR-111","2011-01-01T00:00:00.000","50319"
"2","130",,"Aguadilla","Entre Ave. Juan J. Santos y PR-111","2002-01-01T00:00:00.000","45500"
"2","130","Primaria","Aguadilla","Norte de PR-111","2007-01-01T00:00:00.000","50331"
"2","133.7","Primaria","Aguada","Entre PR-418 y PR-417","2006-01-01T00:00:00.000","44125"
"2","138",,"Aguada","Al norte de la PR-419","2002-01-01T00:00:00.000","38800"
"2","139.4","Primaria","Aguada","Entre PR-419 y PR-110","2003-01-01T00:00:00.000","37904"
"2","140",,"Aguada","Entre PR-419 este y PR-110","2002-01-01T00:00:00.000","42000"
"2","141","Primaria","Ańasco","Entre PR-110 y PR-402","2004-01-01T00:00:00.000","45500"
"2","143","Primaria","Ańasco","Sur PR-402","2007-01-01T00:00:00.000","33218"
"2","144.1","Primaria ","Ańasco","Entre PR-402 y PR-109","2012-01-01T00:00:00.000","42264"
"2","145.6","Primaria","Ańasco","Sur de la PR-109","2004-01-01T00:00:00.000","51100"
"2","145.7","Primaria ","Ańasco","Entre PR-109 y Aguadilla South Urban Boundary","2012-01-01T00:00:00.000","42164"
"2","146","Primaria","Ańasco","Entre PR-109 y PR-342","2008-01-01T00:00:00.000","45502"
"2","146.6","Primaria","Mayagüez","Entre PR-109 y PR-342","2007-01-01T00:00:00.000","45655"
"2","146.7",,"Mayaguez","Entre Aguadilla South Urban Boudary y Mayaguez North Urban Boundary","2012-01-01T00:00:00.000","40146"
"2","148",,"Mayaguez","Entre Mayague North Urban Boundary y PR-64","2012-01-01T00:00:00.000","45780"
"2","148.7","Primaria","Mayagüez","Entre Calle San Francisco y Ave. Algarrobo","2003-01-01T00:00:00.000","56633"
"2","149",,"Mayagüez","Al sur de la PR-342","2002-01-01T00:00:00.000","45100"
"2","149","Primaria","Mayagüez","Entre PR-64 y Ave. Algarrobo","2004-01-01T00:00:00.000","54400"
"2","149.4",,"Mayaguez","Entre PR-64 y Ave Algarrobo","2012-01-01T00:00:00.000","44361"
"2","149.4",,"Mayaguez","Entre PR-64 y Ave Algarrobo","2012-01-01T00:00:00.000","49465"
"2","150.3","Secundaria","Mayaguez","Entre Aguadilla y San Germán","2012-01-01T00:00:00.000","37976"
"2","150.5",,"Mayagüez","Entre Ave. Algarrobo y Calle San Francisco","2002-01-01T00:00:00.000","55600"
"2","151.4",,"Mayaguez","Entre PR-104 y PR-102","2012-01-01T00:00:00.000","49976"
"2","152.4","Primaria ","Mayaguez","Entre PR-102 y PR-104","2012-01-01T00:00:00.000","29868"
"2","152.8",,"Mayaguez","Entre PR-104 y Calle Chardón","2012-01-01T00:00:00.000","36054"
"2","153.6","Primaria","Mayagüez","Entre C/San Juan y C/Post","2007-01-01T00:00:00.000","25056"
"2","157","Primaria","Mayagüez","Norte Calle Carolina","2008-01-01T00:00:00.000","77314"
"2","157.6","Primaria","Mayagüez","Entre Calle Carolina y PR-2R Sur","2004-01-01T00:00:00.000","88200"
"2","157.6999969","Primaria","Mayagüez","Entre PR-114 y C/H. Cabassa","2008-01-01T00:00:00.000","74568"
"2","158","Primaria","Mayagüez","Entre C/Sultana y C/Post","2008-01-01T00:00:00.000","58723"
"2","159",,"Mayagüez","Entre Calle San José y PR-102","2002-01-01T00:00:00.000","55800"
"2","160","Primaria","Hormigueros","Entre PR-343 y PR-100","2008-01-01T00:00:00.000","59473"
"2","160.1","Primaria ","Mayaguez","Entre Mayaguez Mall y PR-343","2012-01-01T00:00:00.000","46455"
"2","160.1",,"Mayaguez","Entre Mayaguez Mall y PR-343","2012-01-01T00:00:00.000","46160"
"2","160.5","Primaria","Mayagüez","Entre PR-100 y PR-343","2008-01-01T00:00:00.000","61866"
"2","160.5",,"Hormigueros","Entre PR-343 y PR-100","2012-01-01T00:00:00.000","42642"
"2","162","Primaria","Hormigueros","Entre PR-100 y PR-103","2010-01-01T00:00:00.000","37400"
"2","163.1",,"Hormigueros","Entre PR-319 y PR-345","2012-01-01T00:00:00.000","34886"
"2","165","Primaria","Hormigueros","Entre PR-319 y PR-345","2008-01-01T00:00:00.000","32522"
"2","166.9","Primaria","Hormigueros","Entre PR-345 y PR-330","2003-01-01T00:00:00.000","35922"
"2","167.8","Primaria","Hormigueros","Entre Mayaguez y San Germán","2010-01-01T00:00:00.000","29869"
"2","170",,"San Germán","Sureste PR-347","2002-01-01T00:00:00.000","29600"
"2","170",,"San Germán","Entre PR-330 y Mayaguez East Urb Boundary","2012-01-01T00:00:00.000","37662"
"2","170",,"San Germán","Entre PR-330 y Mayaguez East Urban Boundary","2012-01-01T00:00:00.000","26985"
"2","171.85","Primaria","San Germán","Entre Sabana Grande y Mayaguez","2011-01-01T00:00:00.000","33288"
"2","171.9",,"San Germán","Entre Mayaguez East Urban Boundary y PR-119","2012-01-01T00:00:00.000","34995"
"2","171.9",,"San Germán","Entre Mayaguez y PR-119","2012-01-01T00:00:00.000","31663"
"2","173.45","Primaria","San Germán","Entre PR-119 y PR-122","2011-01-01T00:00:00.000","32805"
"2","176","Primaria","San Germán","Entre PR-12  y PR-102","2004-01-01T00:00:00.000","41500"
"2","177.2","Primaria","San Germán","Entre PR-122 y PR-102","2011-01-01T00:00:00.000","34021"
"2","177.2","Primaria ","San Germán","Entre PR-122 y PR-102","2012-01-01T00:00:00.000","28771"
"2","180.4","Primaria","Sabana Grande","Entre PR-328 y PR-102","2007-01-01T00:00:00.000","25147"
"2","183","Primaria","Sabana Grande","Al este PR-102","2003-01-01T00:00:00.000","27584"
"2","184.2","Primaria ","San Germán","Entre Mayaguez y Ponce","2012-01-01T00:00:00.000","22357"
"2","185.1","Primaria","Sabana Grande","Entre PR-117 y PR-328","2007-01-01T00:00:00.000","24536"
"2","188.4","Primaria","Yauco","Oeste de PR-116/oeste de Yauco","2003-01-01T00:00:00.000","25926"
"2","188.4","Primaria","Yauco","Oeste PR-116/oeste de Yauco","2004-01-01T00:00:00.000","26400"
"2","189.7","Primaria ","Guánica","Entre San Germán East Urban Boundary y Yauco West Urban Boundary)","2012-01-01T00:00:00.000","36394"
"2","192.5","Primaria ","Guánica","Entre West Urban Boundary y PR-116","2012-01-01T00:00:00.000","34355"
"2","194",,"Guánica","Al oeste de PR-116","2002-01-01T00:00:00.000","24400"
"2","194","Primaria","Yauco","Oeste PR-116","2005-01-01T00:00:00.000","25334"
"2","194","Primaria","Yauco","Oeste PR-116","2006-01-01T00:00:00.000","24942"
"2","194","Primaria","Yauco","Oeste PR-116 oeste Yauco","2007-01-01T00:00:00.000","24443"
"2","195.2",,"Yauco","Entre PR-116 y PR-128","2012-01-01T00:00:00.000","26819"
"2","195.9","Primaria","Yauco","Entre PR-116 y PR-128","2007-01-01T00:00:00.000","25695"
"2","195.9","Primaria ","Yauco","Entre PR-116 y PR-128","2012-01-01T00:00:00.000","35293"
"2","196","Primaria","Yauco","Entre PR-116  y PR-128","2004-01-01T00:00:00.000","35600"
"2","198","Primaria","Yauco","Entre PR-128 y PR-359","2004-01-01T00:00:00.000","39300"
"2","198","Primaria","Yauco","Oeste Yauco","2010-01-01T00:00:00.000","21030"
"2","200","Primaria","Yauco","Al noroeste PR-359","2003-01-01T00:00:00.000","45755"
"2","200.8","Primaria","Yauco","Entre PR-359 y PR-127","2008-01-01T00:00:00.000","39402"
"2","202.78","Primaria","Guayanilla","Entre limite municipal y PR-136","2011-01-01T00:00:00.000","34667"
"2","202.8","Primaria ","Guayanilla","Entre Límite y PR-136","2012-01-01T00:00:00.000","30885"
"2","202.8","Primaria","Guayanilla","Entre Límite Municipal y PR-136","2005-01-01T00:00:00.000","31338"
"2","205.4","Primaria","Guayanilla","Entre PR-136 y PR-127","2005-01-01T00:00:00.000","43252"
"2","205.4","Primaria","Guayanilla","Entre PR-136 y PR-127","2007-01-01T00:00:00.000","37685"
"2","205.43","Primaria","Guayanilla","Entre PR-136 y PR-127","2011-01-01T00:00:00.000","33858"
"2","207.5","Primaria","Guayanilla","Entre PR-127 y El Tuque (Ponce)","2010-01-01T00:00:00.000","28223"
"2","209","Primaria","Peńuelas","Al oeste PR-384","2003-01-01T00:00:00.000","33057"
"3","87","Terciaria","Yabucoa","Al norte de la PR-906","2005-01-01T00:00:00.000","11520"
"2","209.8",,"Guayanilla","Entre Yauco SWUB y Yauco SEUB","2012-01-01T00:00:00.000","35212"
"2","210","Primaria","Peńuelas","Entre (eul) Yauco y (seul) Yauco","2007-01-01T00:00:00.000","35811"
"2","211.7",,"Peńuelas","Entre Yauco SWUB y Yauco SEUB","2012-01-01T00:00:00.000","39693"
"2","212",,"Peńuelas","Al oeste PR-385","2002-01-01T00:00:00.000","42400"
"2","212.7","Primaria","Peńuelas","Entre Límite urbano sureste y PR-385","2007-01-01T00:00:00.000","34096"
"2","213.4",,"Ponce","Entre PR-385 y PR-127","2012-01-01T00:00:00.000","43471"
"2","213.5","Primaria","Peńuelas","Al sur PR-127","2006-01-01T00:00:00.000","39672"
"2","214",,"Peńuelas","Al este PR-385","2002-01-01T00:00:00.000","54000"
"2","214","Primaria","Peńuelas","Entre PR-385 ysur de la PR-127","2004-01-01T00:00:00.000","55900"
"2","214.1","Primaria","Peńuelas","Entre PR-385 y PR-127( wul) 74","2007-01-01T00:00:00.000","40769"
"2","215.58","Primaria","Peńuelas","Entre PR-127 (oeste Ponce) y Limite Municipal","2010-01-01T00:00:00.000","35079"
"2","218.7","Primaria","Peńuelas","Al este de Las Cucharas","2003-01-01T00:00:00.000","49666"
"2","219.35","Primaria","Ponce","Entre Ponce y Guayanilla","2011-01-01T00:00:00.000","37217"
"2","219.4","Primaria ","Ponce","Entre Peńuelas y Ponce","2012-01-01T00:00:00.000","32587"
"2","220","Primaria","Ponce","Entre Límite Municipal y PR-591 oeste","2005-01-01T00:00:00.000","51820"
"2","222.5","Primaria","Ponce","Entre PR-591 y Ave. Punto Oro","2007-01-01T00:00:00.000","37635"
"2","224.2","Primaria Urbana","Ponce","Entre PR-52 y PR-2R","2003-01-01T00:00:00.000","57219"
"2","224.5","Primaria","Ponce","Entre PR-2R y PR-52","2008-01-01T00:00:00.000","49162"
"2","224.5","Primaria Urbana","Ponce","Entre PR-52 y PR-2R","2009-01-01T00:00:00.000","28076"
"2","225",,"Ponce","Entre PR-2R y PR-585","2002-01-01T00:00:00.000","45900"
"2","225.8","Primaria Urbana","Ponce","Entre PR-2R y PR-123","2006-01-01T00:00:00.000","32224"
"2","226","Primaria Urbana","Ponce","Entre PR-2R y PR-123","2008-01-01T00:00:00.000","28894"
"2","227.8","Primaria Urbana","Ponce","Entre PR-12 y Ave. J. Monagas","2003-01-01T00:00:00.000","28671"
"2",,"Primaria","Vega Alta","Al oeste de PR-694","2010-01-01T00:00:00.000","23167"
"3","0.83","Primaria Urbana","San Juan","Entre PR-1 y PR-27","2009-01-01T00:00:00.000","54217"
"3","1","Primaria","San Juan","Entre  PR-1 y PR-27","2004-01-01T00:00:00.000","70300"
"3","1","Primaria","San Juan","Entre PR-1 y PR-27","2008-01-01T00:00:00.000","61069"
"3","1.5","Primaria Urbana","San Juan","Entre PR-27 y PR-25","2009-01-01T00:00:00.000","54936"
"3","1.5","Primaria Urbana","San Juan","Entre PR-27 y PR-25","2009-01-01T00:00:00.000","55460"
"3","2.28","Primaria Urbana","San Juan","Entre PR-27 y PR-181","2011-01-01T00:00:00.000","66386"
"3","6",,"San Juan","Entre Ave. Campo Rico y Calle Machicote","2002-01-01T00:00:00.000","67700"
"3","6","Primaria","San Juan","Entre Ave. Campo Rico/PR-849 y Calle Machicote","2008-01-01T00:00:00.000","66137"
"3","6.4","Primaria","San Juan","Entre PR-8 y Calle Machicote","2008-01-01T00:00:00.000","52818"
"3","7","Primaria Urbana","Carolina","Entre PR-8 y PR-26","2009-01-01T00:00:00.000","70339"
"3","7","Primaria Urbana","Carolina","Entre PR-8 y PR-26","2009-01-01T00:00:00.000","70411"
"3","7.7","Primaria","Carolina","Entre PR-8 y PR-26","2007-01-01T00:00:00.000","49003"
"3","8.83","Primaria","Carolina","Entre PR-26 y Calle Roberto Clemente","2003-01-01T00:00:00.000","101681"
"3","9","Primaria Urbana","Carolina","Entre Acceso PR-26 y Calle Roberto Clemente","2009-01-01T00:00:00.000","8652"
"3","9","Primaria Urbana","Carolina","Entre Acceso PR-26 y Calle Roberto Clemente","2009-01-01T00:00:00.000","80500"
"3","9.7","Primaria","Carolina","Entre PR-26 y Calle Roberto Clemente","2007-01-01T00:00:00.000","78208"
"3","10.75","Primaria Urbana","Carolina","Entre Ave Roberto Clemente y Entrada Carolina","2011-01-01T00:00:00.000","100890"
"3","10.8","Primaria Urbana","Carolina","Entre Calle Roberto Clemente y Entrada Carolina","2012-01-01T00:00:00.000","53507"
"3","11.2","Primaria","Carolina","Entre PR-874 y Entrada a Carolina","2008-01-01T00:00:00.000","85872"
"3","11.4","Primaria Urbana","Carolina","Entre Entrada Carolina y PR-874","2012-01-01T00:00:00.000","64845"
"3","12","Primaria","San Juan","Entre PR-874 y PR-853","2005-01-01T00:00:00.000","77473"
"3","13.4","Primaria Urbana","Carolina","Entre PR-853 y PR-874","2012-01-01T00:00:00.000","60882"
"3","13.4","Primaria Urbana","Carolina","Entre PR-853 y PR-874","2012-01-01T00:00:00.000","53507"
"3","14","Primaria","Canóvanas","Oeste PR-874","2003-01-01T00:00:00.000","83925"
"3","14.5","Primaria","Carolina","Entre PR-874 y Límite Municipal","2007-01-01T00:00:00.000","62636"
"3","14.5","Primaria Urbana","Carolina","Entre PR-874 y Dist Boundary","2012-01-01T00:00:00.000","50723"
"3","15.1","Primaria Urbana","Canóvanas","Entre PR-9959 y PR-874","2009-01-01T00:00:00.000","63953"
"3","15.1","Secundaria","Canóvanas","Entre Límite Municipal y PR-9959 oeste","2006-01-01T00:00:00.000","44955"
"3","16.2","Primaria ","Canóvanas","Entre PR-9959 West y PR-185","2012-01-01T00:00:00.000","46281"
"3","16.6","Primaria","Canóvanas","Oeste PR-185","2003-01-01T00:00:00.000","76363"
"3","17.1",,"Río Grande","Entre PR-185 y PR-9959","2012-01-01T00:00:00.000","55342"
"3","17.1","Secundaria","Canóvanas","Entre PR-185 y PR-9959","2006-01-01T00:00:00.000","43087"
"3","18.15","Primaria","Canóvanas","Entre PR-9959 este y PR-188","2007-01-01T00:00:00.000","62306"
"3","19.95","Primaria","Río Grande","Entre PR-188 y PR-959","2011-01-01T00:00:00.000","16430"
"3","20",,"Río Grande","Entre PR-188 y PR-959","2012-01-01T00:00:00.000","48736"
"3","22.1","Primaria","Río Grande","Entre PR-959 y PR-187 R","2009-01-01T00:00:00.000","64334"
"3","23.8","Primaria ","Río Grande","Entre PR-187 R y PR-187","2012-01-01T00:00:00.000","45905"
"3","24.6","Primaria","Río Grande","Entre PR-187 y PR-186","2009-01-01T00:00:00.000","49026"
"3","25.3","Primaria","Río Grande","Entre PR-186 y PR-967","2007-01-01T00:00:00.000","52853"
"3","26",,"Río Grande","Entre PR-967 y PR-955 este","2002-01-01T00:00:00.000","55900"
"3","27.05","Primaria","Río Grande","Entre PR-967 y PR-191","2009-01-01T00:00:00.000","43012"
"3","28","Primaria","Río Grande","Al noroeste PR-966","2003-01-01T00:00:00.000","48463"
"3","29",,"Río Grande","Al este PR-186","2002-01-01T00:00:00.000","45200"
"3","29","Primaria","Río Grande","Este de Río Grande","2003-01-01T00:00:00.000","44744"
"3","29","Primaria","Río Grande","Entre PR-955 y PR-966","2004-01-01T00:00:00.000","44900"
"3","29","Primaria","Río Grande","Entre PR-955 y PR-966","2005-01-01T00:00:00.000","43586"
"3","29","Secundaria","Río Grande","Entre PR-955 y PR-966","2006-01-01T00:00:00.000","44521"
"3","29","Primaria","Río Grande","Entre PR-955 y PR-968","2007-01-01T00:00:00.000","43802"
"3","29","Primaria","Río Grande","Oeste PR-186","2009-01-01T00:00:00.000","37209"
"3","29","Primaria","Río Grande","Oeste PR-186","2010-01-01T00:00:00.000","39822"
"3","29",,"Río Grande","Oeste PR-186","2012-01-01T00:00:00.000","37819"
"3","30.78","Primaria","Luquillo","Entre PR-191 y PR-955","2009-01-01T00:00:00.000","38194"
"3","31.4","Primaria","Río Grande","Entre PR-968 y PR-992","2009-01-01T00:00:00.000","35213"
"3","31.45","Secundaria","Loíza","Entre PR-955 y PR-992","2006-01-01T00:00:00.000","34670"
"3","31.45","Primaria","Luquillo","Entre PR-955 y PR-992","2010-01-01T00:00:00.000","27221"
"3","32",,"Río Grande","Al oeste de la PR-992","2002-01-01T00:00:00.000","39200"
"3","32",,"Río Grande","Al oeste de la PR-992","2002-01-01T00:00:00.000","39700"
"3","32.55","Primaria","Luquillo","Entre PR-992 Y Límite Oeste de Fajardo","2011-01-01T00:00:00.000","37302"
"3","32.6","Primaria ","Luquillo","Entre PR-992 y Límite Urbano Oeste Fajardo","2012-01-01T00:00:00.000","31397"
"3","32.6","Primaria ","Luquillo","Entre PR-992 y Fajardo West Urban Boundary","2012-01-01T00:00:00.000","37191"
"3","34.3","Primaria ","Luquillo","Entre Fajardo  West Límite y Entrada Balneariio","2012-01-01T00:00:00.000","25534"
"3","35.7","Primaria","Luquillo","Al sureste Pte. sobre  Río Sabana","2003-01-01T00:00:00.000","44905"
"3","35.8","Primaria ","Luquillo","Entre Int Balneario Luquillo y PR-193","2012-01-01T00:00:00.000","26022"
"3","36.3","Primaria","Luquillo","Entre PR-193 y PR-992","2003-01-01T00:00:00.000","43172"
"3","37.05","Primaria","Luquillo","Al oeste PR-992","2007-01-01T00:00:00.000","36158"
"3","37.1","Primaria ","Luquillo","Entre PR-193 y PR-992","2012-01-01T00:00:00.000","33418"
"3","39.45","Primaria","Luquillo","Entre PR-992 y Acceso PR-940","2007-01-01T00:00:00.000","36484"
"3","39.5","Primaria ","Luquillo","Entre PR-992  y PR-940 Access","2012-01-01T00:00:00.000","28435"
"3","42",,"Luquillo","Al oeste PR-940 (este)","2002-01-01T00:00:00.000","43000"
"3","42.25","Primaria","Luquillo","Entre Aceso PR-940 y Noroeste PR-194/PR-940","2010-01-01T00:00:00.000","28205"
"3","43.2","Primaria","Fajardo","Entre acceso PR-940 y noroeste PR-194/PR-940","2004-01-01T00:00:00.000","44400"
"3","44.15","Secundaria","Fajardo","Entre PR-194 y Calle Prince","2006-01-01T00:00:00.000","36219"
"3","44.15","Primaria","Fajardo","Entre PR-194/PR-940 y Calle Principal","2010-01-01T00:00:00.000","36133"
"3","45",,"Luquillo","Entre Calle Principal y Calle 3","2002-01-01T00:00:00.000","40900"
"3","45","Primaria","Fajardo","Entre Calle Prince y PR-976","2008-01-01T00:00:00.000","37378"
"3","45.3","Primaria ","Fajardo","Entre Calle Principal y PR-195","2012-01-01T00:00:00.000","35478"
"3","45.95","Primaria","Fajardo","Entre PR-195 Y PR-976","2010-01-01T00:00:00.000","25345"
"3","46","Primaria","Fajardo","Inmediatamente al norte Calle San Rafael","2003-01-01T00:00:00.000","40246"
"3","46.95","Secundaria","Fajardo","Entre PR-195 y PR-53","2006-01-01T00:00:00.000","22864"
"3","46.95","Primaria","Fajardo","Entre PR-195 y PR-53","2007-01-01T00:00:00.000","25037"
"3","47","Primaria","Fajardo","Al sur de la PR-976","2005-01-01T00:00:00.000","18448"
"3","49","Terciaria","Fajardo","Entre Conector y PR-982","2005-01-01T00:00:00.000","14107"
"3","50.2","Terciaria","Fajardo","Entre Conector PR-53/PR-3 y PR-982","2012-01-01T00:00:00.000","13670"
"3","50.2","Primaria","Fajardo","Entre Conector PR-53/PR-3 y PR-982","2007-01-01T00:00:00.000","13368"
"3","51.8","Terciaria","Ceiba","Entre PR-982 y Entrada Roosevelt Roads","2006-01-01T00:00:00.000","13808"
"3","51.8","Terciaria","Ceiba","Entre PR-982 y Entrada Roosevelt  Roads","2011-01-01T00:00:00.000","11628"
"3","51.8","Terciaria","Ceiba","Entre PR-982 y Entrada Roosevelt Roads","2012-01-01T00:00:00.000","11448"
"3","51.8","Terciaria","Ceiba","Entre  PR-982 y Ent. Roosevelt  Roads","2012-01-01T00:00:00.000","10319"
"3","52","Terciaria","Fajardo","Norte Calle Israel","2005-01-01T00:00:00.000","13144"
"3","52.6","Terciaria","Ceiba","Entre PR-982 y PR-3","2003-01-01T00:00:00.000","7833"
"3","132.5","Primaria","Guayama","Entre PR-178 y PR-54","2006-01-01T00:00:00.000","25789"
"3","52.6","Terciaria","Ceiba","Entre Entrada Roosevelt Roads y PR-979 norte","2006-01-01T00:00:00.000","5321"
"3","52.6","Terciaria","Ceiba","Entre entrada Roosevelt Roads y PR-979 Norte","2011-01-01T00:00:00.000","2813"
"3","52.7","Terciaria","Ceiba","Entre Entrada Roosevelt Roads y PR-979 norte","2007-01-01T00:00:00.000","12961"
"3","53.3","Terciaria","Ceiba","Calle Dońa Felisa Rincón de Gautier","2005-01-01T00:00:00.000","3569"
"3","53.95","Terciaria","Ceiba","Entre PR-979 norte y PR-979 sur","2006-01-01T00:00:00.000","4300"
"3","54",,"Fajardo","Entre Calle Principal y Calle C. Figueroa","2002-01-01T00:00:00.000","5200"
"3","55","Primaria","Ceiba","Entre PR-979 sur y PR-974","2004-01-01T00:00:00.000","14800"
"3","56","Terciaria","Ceiba","Entre Calle Los Caobos y Calle Los Cedros","2005-01-01T00:00:00.000","4884"
"3","56.2","Terciaria","Ceiba","Entre PR-979 y PR-974","2006-01-01T00:00:00.000","3525"
"3","56.2","Terciaria","Ceiba","Entre PR-979 sur y PR-974","2007-01-01T00:00:00.000","6525"
"3","58.25","Terciaria","Ceiba","Entre PR-974 y Gate B. Roosevelt Roads","2006-01-01T00:00:00.000","2906"
"3","81.6","Primaria","Humacao","Entre PR-908 y PR-909","2008-01-01T00:00:00.000","11909"
"3","60.15","Terciaria","Ceiba","Entre Gate B Roosevelt Roads y Fajardo South Urban Bound","2011-01-01T00:00:00.000","3501"
"3","60.15","Terciaria","Ceiba","Sur Gate B. Roosevelt Roads","2006-01-01T00:00:00.000","4386"
"3","61.7","Terciaria","Naguabo","Este PR-973","2007-01-01T00:00:00.000","3823"
"3","61.9","Terciaria","Naguabo","Entre PR-973 y PR-31","2009-01-01T00:00:00.000","5802"
"3","62.4","Terciaria","Ceiba","Entre PR-973 y PR-31","2005-01-01T00:00:00.000","6956"
"3","63.3","Terciaria","Naguabo","Entre Calle Cambin Bora y PR-192","2010-01-01T00:00:00.000","3249"
"3","64.2","Terciaria","Naguabo","Entre PR-31 y Entrada Hucár","2006-01-01T00:00:00.000","3979"
"3","66.4","Terciaria","Naguabo","Entre Entrada Húcar y PR-192","2005-01-01T00:00:00.000","2967"
"3","68.8","Primaria","Naguabo","Entre PR-192 y Límite Municipal","2007-01-01T00:00:00.000","4923"
"3","68.8","Terciaria","Naguabo","Entre PR-192 y Límite Municipal","2007-01-01T00:00:00.000","5361"
"3","70.85","Terciaria","Naguabo","Entre Límite Municipal y Calle Aduana","2006-01-01T00:00:00.000","9103"
"3","70.85","Terciaria","Humacao","Entre Limiite Municipal y Calle Aduana","2010-01-01T00:00:00.000","10364"
"3","71.88","Terciaria","Humacao","Entre Calle Aduana y Centro Vacacional Villas Punta Santiago","2010-01-01T00:00:00.000","9551"
"3","71.9","Terciaria","Humacao","Entre Calle Aduana y Centro Vac. Villas Punta Santiago","2006-01-01T00:00:00.000","11018"
"3","73","Terciaria","Naguabo","Entre Centro Vac. Punta Stgo. y Urb.Villa Palmera","2005-01-01T00:00:00.000","10949"
"3","73.2","Terciaria","Humacao","Entre Calle Rosa y PR-925","2003-01-01T00:00:00.000","34889"
"3","73.5",,"Humacao","Entre Urb. Villa Palmera y PR-925","2002-01-01T00:00:00.000","13200"
"3","74.2","Terciaria","Humacao","Entre Urb Verde Mar y PR-925/Camino Pasto Viejo","2007-01-01T00:00:00.000","11626"
"3","75.2","Terciaria","Humacao","Entre PR-925 y PR-53","2003-01-01T00:00:00.000","15390"
"3","75.9","Terciaria","Humacao","Este de Humacao/Este PR-53","2009-01-01T00:00:00.000","14544"
"3","75.9",,"Humacao","Este Humacao /Este PR-53","2012-01-01T00:00:00.000","13775"
"3","75.9",,"Humacao","Este de PR-53","2002-01-01T00:00:00.000","17900"
"3","75.9","Terciaria","Humacao","Este de PR-3/este de Humacao","2003-01-01T00:00:00.000","17026"
"3","75.9","Terciaria","Humacao","Este PR-53","2005-01-01T00:00:00.000","17000"
"3","75.9","Terciaria","Humacao","Este PR-53","2006-01-01T00:00:00.000","15578"
"3","75.9","Terciaria","Humacao","Este PR-53","2007-01-01T00:00:00.000","12469"
"3","75.9","Terciaria","Humacao","Este Humacao/ Est PR-53","2010-01-01T00:00:00.000","13282"
"3","78.5","Primaria","Humacao","Entre PR-53 y PR-923","2008-01-01T00:00:00.000","28170"
"3","78.55","Primaria","Humacao","Entre PR-53 y PR-923","2009-01-01T00:00:00.000","30275"
"3","79",,"Humacao","Entre PR-923 y PR-60","2002-01-01T00:00:00.000","47600"
"117","3",,"Lajas","Al sureste de la PR-321","2002-01-01T00:00:00.000","4800"
"3","79","Primaria Urbana","Humacao","Entre PR-923 y PR-60","2005-01-01T00:00:00.000","50867"
"3","79.64","Primaria Urbana","Humacao","Entre PR-60 Y Ave. Boulevard","2010-01-01T00:00:00.000","17857"
"3","80",,"Humacao","Entre PR-60 y Ave. Boulevard del Río","2002-01-01T00:00:00.000","35100"
"3","80.1",,"Humacao","Entre Ave. Boulevard del Río y Calle Orión","2002-01-01T00:00:00.000","15100"
"3","80.7","Primaria","Humacao","Entre Calle Flor Gerena y Calle A. López","2011-01-01T00:00:00.000","3010"
"3","81.2","Primaria Urbana","Humacao","Entre Calle Esmeralda y Calle Recreo","2005-01-01T00:00:00.000","7607"
"3","81.33","Primaria Urbana","Humacao","Entre Calle Recreo y Ave. Boulevard","2009-01-01T00:00:00.000","4788"
"3","81.33","Primaria","Humacao","Entre Calle Recreo y Ave. Boulevard","2008-01-01T00:00:00.000","15823"
"3","81.43","Primaria Urbana","Humacao","Entre Ave. Boulevard y PR-908","2010-01-01T00:00:00.000","11993"
"3","81.75","Primaria","Humacao","Entre PR-908 y PR-909","2007-01-01T00:00:00.000","13470"
"3","82",,"Humacao","Entre PR-908 y PR-909","2002-01-01T00:00:00.000","20700"
"3","82.3","Primaria","Humacao","Entre PR-909 y PR-30","2007-01-01T00:00:00.000","14746"
"3","82.5","Primaria Urbana","Humacao","Al sur PR-30","2003-01-01T00:00:00.000","10282"
"3","85.4","Terciaria","Humacao","Entre PR-906 norte y PR-906 sur","2003-01-01T00:00:00.000","13637"
"3","87.18","Terciaria","Humacao","Entre PR-906 y Limite Municipal","2010-01-01T00:00:00.000","9330"
"3","88.9","Terciaria","Humacao","Al norte PR-906 sur","2006-01-01T00:00:00.000","6821"
"3","89.78","Terciaria","Yabucoa","Entre PR-906 Sur y PR-908","2009-01-01T00:00:00.000","6431"
"3","90",,"Yabucoa","Entre PR-906 y PR-908","2002-01-01T00:00:00.000","11300"
"3","95","Primaria","Yabucoa","Entre PR-902 y Desvío PR-9909","2004-01-01T00:00:00.000","13700"
"3","95.4","Terciaria","Yabucoa","Entre Desvío PR-3 y PR-901","2003-01-01T00:00:00.000","7315"
"3","96.15","Terciaria","Yabucoa","Entre PR-9909 y PR-901","2011-01-01T00:00:00.000","11310"
"3","96.2","Terciaria","Yabucoa","Entre PR-9909 y PR-901","2007-01-01T00:00:00.000","11763"
"3","97",,"Yabucoa","Entre PR-901 y Calle 8","2002-01-01T00:00:00.000","7300"
"3","97","Terciaria","Yabucoa","Entre PR-9910 Y PR-901","2003-01-01T00:00:00.000","12943"
"3","97.5",,"Yabucoa","Al sur de la PR-901","2002-01-01T00:00:00.000","8200"
"3","97.5","Terciaria","Yabucoa","Al sur de la PR-901","2005-01-01T00:00:00.000","7164"
"3","98.2","Terciaria","Yabucoa","Entre PR-182 y Calle E. Reverón","2003-01-01T00:00:00.000","12454"
"3","99.65","Ruta Panorámica","Yabucoa","Entre PR-182 y Dist Boundary","2010-01-01T00:00:00.000","1951"
"3","99.7","Terciaria","Yabucoa","Entre PR-182 y Distrito Conservación","2005-01-01T00:00:00.000","2642"
"3","100.3","Terciaria","Yabucoa","Entre PR-901 y PR-182","2003-01-01T00:00:00.000","7553"
"3","103","Primaria","Maunabo","Entre PR-182 y PR-939","2008-01-01T00:00:00.000","3262"
"3","103.05","Terciaria","Maunabo","Entre Distrito de Conservación y PR-939","2007-01-01T00:00:00.000","2557"
"3","105.22","Primaria","Mayagüez","Entre PR-939 y Calle Muńoz Rivera","2010-01-01T00:00:00.000","2370"
"3","105.5","Primaria","Maunabo","Entre Calle Muńoz Rivera y PR-750","2004-01-01T00:00:00.000","9700"
"3","105.54","Terciaria","Maunabo","Entre Calle Muńoz Rivera y PR-750","2011-01-01T00:00:00.000","5580"
"3","105.7","Primaria","Maunabo","Entre PR-750 y Calle Antonio R. Barceló","2006-01-01T00:00:00.000","6478"
"3","105.7","Terciaria","Maunabo","Entre PR-750 y Calle Antonio R. Barceló","2011-01-01T00:00:00.000","5605"
"3","105.93","Primaria","Maunabo","Entre Calle Antonio R. Barceló y PR-760","2009-01-01T00:00:00.000","6141"
"3","106.4","Primaria","Maunabo","Entre PR-750 y Calle Antonio R. Barceló","2004-01-01T00:00:00.000","13600"
"3","107.45","Primaria","Maunabo","Entre PR-759 y Futura PR-53","2009-01-01T00:00:00.000","5121"
"3","110.35","Primaria","Maunabo","Entre futura PR-53 y PR-7758","2006-01-01T00:00:00.000","5130"
"159","20",,"Toa Alta","Entre PR-806 y PR-165","2002-01-01T00:00:00.000","6800"
"3","110.35","Primaria","Mayagüez","Entre Futura PR-53 y PR-7758","2010-01-01T00:00:00.000","4490"
"3","112.4","Primaria Urbana","Patillas","Entre PR-7758 y PR-758","2003-01-01T00:00:00.000","8843"
"3","113.95","Primaria","Patillas","Entre PR-7758 y Límite Urb. Sur San Juan","2007-01-01T00:00:00.000","6641"
"3","113.95","Primaria","Patillas","Entre PR-7758 y Sa Juan South Urban Boundary","2011-01-01T00:00:00.000","6499"
"3","116","Primaria","Patillas","Entre Límite  Municipal y PR-758","2007-01-01T00:00:00.000","8133"
"3","116.1","Primaria ","Patillas","Entre SJ South Urban Boundary  y PR-758","2012-01-01T00:00:00.000","7020"
"3","117.2","Secundaria","Guayama","Entre PR-758 y Sur Guayama","2012-01-01T00:00:00.000","9370"
"3","117.5","Primaria","Patillas","Entre PR-53 y PR-758","2007-01-01T00:00:00.000","9575"
"3","119","Primaria","Patillas","Este PR-53","2005-01-01T00:00:00.000","11827"
"3","119.2","Primaria","Patillas","Al este PR-53","2007-01-01T00:00:00.000","10820"
"3","119.2","Primaria ","Patillas","Entre Southeast Urban Boundary y PR-53","2012-01-01T00:00:00.000","9494"
"3","120.7","Secundaria","Patillas","Entre PR-53 y Desvío Sur Patillas","2009-01-01T00:00:00.000","19498"
"3","120.7","Secundaria","Patillas","Entre PR-53 y Desvío Sur Patillas","2009-01-01T00:00:00.000","11864"
"3","121","Primaria","Patillas","Entre PR-53 y Desvío Sur Patillas","2004-01-01T00:00:00.000","9400"
"3","122","Primaria","Patillas","Entre PR-53 (este) y Desvío Sur","2005-01-01T00:00:00.000","11222"
"3","124.8","Primaria","Patillas","Entre Desvio Sur y PR-184","2011-01-01T00:00:00.000","8860"
"3","124.8","Secundaria","Patillas","Entre Desvio Sur Patillas y PR-184","2012-01-01T00:00:00.000","10322"
"3","124.8","Secundaria","Patillas","Al noroeste PR-184","2006-01-01T00:00:00.000","9568"
"3","124.8","Primaria","Patillas","Al noreste PR-184","2007-01-01T00:00:00.000","11688"
"3","125.1","Secundaria","Arroyo","Entre PR-184 y PR-53","2003-01-01T00:00:00.000","15570"
"3","128.9","Primaria","Arroyo","Entre PR-53 y PR-178","2006-01-01T00:00:00.000","15148"
"3","128.9","Primaria","Arroyo","Entre PR-53 y PR-178","2007-01-01T00:00:00.000","17538"
"3","129","Primaria","Arroyo","Al este de Arroyo","2003-01-01T00:00:00.000","15181"
"3","130",,"Arroyo","Entre Calle A y PR-178 (este)","2002-01-01T00:00:00.000","24100"
"3","130.7","Primaria","Arroyo","Entre PR-178 Este y PR-178  Oeste","2009-01-01T00:00:00.000","20357"
"3","131","Primaria","Arroyo","Entre PR-178 este y PR-178 oeste","2004-01-01T00:00:00.000","22000"
"3","131","Primaria","Arroyo","Entre PR-175 este y PR-178 oeste","2005-01-01T00:00:00.000","25013"
"3","131","Primaria","Arroyo","Entre Calle A y Calle C","2009-01-01T00:00:00.000","21375"
"3","132","Primaria","Arroyo","Entre PR-178 Oeste y Calle 2(Frente al Coliseo de Arroyo)","2009-01-01T00:00:00.000","29123"
"3","132.5","Primaria","Guayama","Entre PR-178 y PR-54","2007-01-01T00:00:00.000","24163"
"3","133.85","Primaria","Guayama","Entre Entrada Urbanización y Líimite Urbano Este Guayama","2010-01-01T00:00:00.000","18964"
"3","134","Primaria","Guayama","Entre Calle West Principal y Calle 18","2004-01-01T00:00:00.000","22500"
"3","134.5",,"Guayama","Entre Entrada Plaza Wall-Mart y Calle 3","2002-01-01T00:00:00.000","20500"
"3","134.5","Primaria Urbana","Guayama","Entre Calle Girasol/Entrada Urbanización  y Calle 3","2012-01-01T00:00:00.000","13235"
"3","134.6","Primaria Urbana","Guayama","Entre Calle 3 y PR-744","2009-01-01T00:00:00.000","26776"
"3","134.7","Primaria Urbana","Guayama","Entre Calle 3 y Main Access","2005-01-01T00:00:00.000","17841"
"3","135",,"Guayama","Al oeste de la PR-748","2002-01-01T00:00:00.000","16000"
"3","135","Primaria Urbana","Guayama","Entre Main Access y Main Street.","2006-01-01T00:00:00.000","20212"
"3","135","Primaria","Guayama","Entre Main Access y Main Street","2007-01-01T00:00:00.000","23736"
"3","135","Primaria Urbana","Guayama","Entre Main Access y PR-54","2012-01-01T00:00:00.000","19542"
"3","135.2","Primaria Urbana","Guayama","Entre Main Street y Calle 6","2005-01-01T00:00:00.000","17374"
"3","135.3","Primaria Urbana","Guayama","Entre Main Street y Calle 6","2012-01-01T00:00:00.000","13289"
"3","135.3","Primaria","Guayama","Entre Main Street y Calle 6","2007-01-01T00:00:00.000","14593"
"3","135.6","Primaria Urbana","Guayama","Entre Rex Manor C-2 y Calle 6","2012-01-01T00:00:00.000","12040"
"3","135.6","Primaria Urbana","Guayama","Entre Calle 6 y Calle 2","2006-01-01T00:00:00.000","13952"
"3","135.6","Primaria","Guayama","Entre Calle 6 y Calle 2","2007-01-01T00:00:00.000","14975"
"3","136","Primaria Urbana","Guayama","Entre Rex manor C. 2 y PR-744","2012-01-01T00:00:00.000","11762"
"3","136.5","Primaria","Guayama","Entre PR-744 y Calle San José","2004-01-01T00:00:00.000","12400"
"3","136.5","Primaria Urbana","Guayama","Al oeste Calle Bering","2006-01-01T00:00:00.000","10201"
"3","136.5","Primaria","Guayama","Al oeste Calle Bering","2007-01-01T00:00:00.000","9513"
"3","136.5","Primaria Urbana","Guayama","Entre PR-744 y Calle San José","2012-01-01T00:00:00.000","10909"
"3","136.78","Primaria Urbana","Guayama","Entre San José St. y Calle Derkes","2003-01-01T00:00:00.000","12220"
"3","137.05","Primaria","Guayama","Entre Calle Derkes y Calle Martínez","2007-01-01T00:00:00.000","3350"
"3","137.8","Primaria Urbana","Guayama","Entre Calle E. González y Calle Municipal","2012-01-01T00:00:00.000","8808"
"3","137.85","Primaria Urbana","Guayama","Entre Calle González y PR-7711","2006-01-01T00:00:00.000","11117"
"3","137.85","Primaria","Guayama","Entre Calle González y PR-7711","2007-01-01T00:00:00.000","11932"
"3","138.65","Secundaria","Guayama","Entre PR-54 y Calle A","2006-01-01T00:00:00.000","12968"
"3","138.65","Secundaria","Guayama","Entre PR-54 y Calle A","2007-01-01T00:00:00.000","14600"
"3","138.7","Primaria Urbana","Guayama","Entre PR-54 y Calle A","2012-01-01T00:00:00.000","13255"
"3","138.9","Primaria Urbana","Guayama","Entre Calle A  y Calle A Sur","2012-01-01T00:00:00.000","13131"
"3","139",,"Guayama","Al suroeste de la PR-54","2002-01-01T00:00:00.000","17000"
"3","139","Secundaria","Guayama","Al noreste PR-710","2003-01-01T00:00:00.000","16090"
"3","139","Secundaria","Guayama","Noroeste PR-710","2006-01-01T00:00:00.000","18917"
"3","139.08","Primaria Urbana","Guayama","Entre Calle A Sur y Calle E","2003-01-01T00:00:00.000","16822"
"3","139.55","Secundaria","Arroyo","Entre Calle Sur y Entrada Urb. Guamaní","2006-01-01T00:00:00.000","15671"
"3","139.55","Primaria","Guayama","Entre Calle Sur y Entrada Urb. Guamaní","2007-01-01T00:00:00.000","17711"
"3","140","Secundaria","Guayama","Entre Jardines Guamaní y Urb. Melanía","2008-01-01T00:00:00.000","17117"
"3","141.8","Primaria Urbana","Guayama","Entre Urb. Jardínes Guamaní y PR-7710","2012-01-01T00:00:00.000","14888"
"3","141.8","Secundaria","Guayama","Entre PR-710 y PR-7707","2006-01-01T00:00:00.000","14262"
"3","141.8","Primaria","Guayama","Entre PR-710 y  PR-7707","2007-01-01T00:00:00.000","16862"
"3","143.9","Secundaria","Guayama","Entre PR-7710 y PR-707","2009-01-01T00:00:00.000","12065"
"3","144","Primaria","Guayama","Entre PR-7710  y PR-707","2004-01-01T00:00:00.000","13400"
"3","145","Secundaria","Guayama","Entre PR-707 y PR-713","2005-01-01T00:00:00.000","10006"
"3","145.3","Secundaria","Guayama","Entre PR-707 y PR-713","2012-01-01T00:00:00.000","9429"
"3","148.35","Secundaria","Guayama","Entre PR-713 y PR-706","2006-01-01T00:00:00.000","7564"
"3","148.35","Secundaria","Guayama","Entre PR-713 y PR-706","2007-01-01T00:00:00.000","8312"
"3","149","Secundaria","Salinas","Al este PR-706","2003-01-01T00:00:00.000","7702"
"3","149.6","Secundaria","Guayama","Entre PR-706 y PR-713","2009-01-01T00:00:00.000","9225"
"3","152.6","Secundaria","Salinas","Entre PR-703 y PR-705","2008-01-01T00:00:00.000","10591"
"3","154","Secundaria","Salinas","Entre PR-180 y PR-703","2007-01-01T00:00:00.000","14954"
"3","156","Secundaria","Salinas","Entre PR-703 y PR-180","2007-01-01T00:00:00.000","14420"
"3","158.3","Secundaria","Salinas","Entre PR-180 y Calle Cadaveo","2006-01-01T00:00:00.000","12860"
"3","158.3","Secundaria","Salinas","Entre PR-180 y Calle Cadavedo","2010-01-01T00:00:00.000","10185"
"3","158.65","Secundaria","Salinas","Entre Calle Cadaveo y Calle Suárez","2006-01-01T00:00:00.000","10346"
"3","158.9","Secundaria","Salinas","Entre Calle Suárez y Calle Palmer","2006-01-01T00:00:00.000","7871"
"5","2.8","Primaria","Catańo","Entre PR-165/El Cańo y PR-22","2007-01-01T00:00:00.000","20891"
"5","6","Primaria","Bayamón","Sobre Río Bayamón Entre PR-6 y PR-29","2009-01-01T00:00:00.000","57270"
"5","6.69","Primaria Urbana","Bayamón","Entre PR-29 y  PR-8855","2003-01-01T00:00:00.000","56131"
"5","7.18","Primaria","Bayamón","Entre PR-29 y PR-2","2010-01-01T00:00:00.000","59754"
"5","21",,"Naranjito","Al este de Naranjito","2002-01-01T00:00:00.000","14600"
"5","23.1","Secundaria","Bayamón","Al este de Naranjito","2005-01-01T00:00:00.000","16338"
"5","23.38","Secundaria","Naranjito","Entre PR-825 y PR-164","2010-01-01T00:00:00.000","19396"
"5","24.2","Primaria","Naranjito","Entre PR -825 y PR-164","2004-01-01T00:00:00.000","14800"
"6","0","Primaria Urbana","Bayamón","Entre PR-2 y PR-5","2012-01-01T00:00:00.000","14034"
"6","0.85","Terciaria","Bayamón","Entre PR-2 y PR-5","2006-01-01T00:00:00.000","17368"
"6","0.85","Primaria Urbana","Bayamón","Entre PR-2 y PR-5","2010-01-01T00:00:00.000","14788"
"6","1",,"Bayamón","Entre PR-2 y Calle Zaragoza","2002-01-01T00:00:00.000","16700"
"8","0.35","Primaria Urbana","San Juan","Entre PR-17 y Calle Simón Madera","2009-01-01T00:00:00.000","57267"
"8","1.1","Primaria Urbana","San Juan","Entre Simon Madera y Ave. Iturregui","2003-01-01T00:00:00.000","62886"
"8","1.35","Primaria","San Juan","Entre Calle Simón Madera y Calle Iturregui","2007-01-01T00:00:00.000","50228"
"8","2.5",,"San Juan","Entre Ave. Iturregui y Ave. Campo Rico","2002-01-01T00:00:00.000","44000"
"8","2.5","Primaria Urbana","San Juan","Entre Ave Iturregui y Ave Campo Rico","2011-01-01T00:00:00.000","22248"
"8","3.45","Primaria Urbana","San Juan","Entre Ave. Campo Rico y PR-3","2009-01-01T00:00:00.000","31885"
"8","3.45","Primaria Urbana","San Juan","Entre Ave. Campo Rico y PR-3","2009-01-01T00:00:00.000","27564"
"10","1.5",,"Ponce","Entre Entrada Aeropuerto y PR-52","2002-01-01T00:00:00.000","6600"
"10","3.5",,"Ponce","Entre PR-52 y PR-14","2002-01-01T00:00:00.000","22600"
"10","4.5",,"Ponce","Entre PR-14 y PR-139","2002-01-01T00:00:00.000","16000"
"10","5",,"Ponce","Entre PR-139 y Calle Marginal","2002-01-01T00:00:00.000","14800"
"10","5.75","Primaria","Ponce","Entre Ave. Machuelo y PR-14","2010-01-01T00:00:00.000","13522"
"10","5.75","Primaria","Ponce","Entre Adjuntas y Ponce","2011-01-01T00:00:00.000","20330"
"10","6.6","Primaria ","Ponce","Entre Ponce y PR-503","2012-01-01T00:00:00.000","21128"
"10","7.3","Primaria","Ponce","Al oeste  PR-503 norte","2003-01-01T00:00:00.000","9600"
"10","10",,"Ponce","Entre PR-503 y PR-588","2002-01-01T00:00:00.000","8000"
