"fch_cerrado","region","oficina","familias"
"201304","CAGUAS              ","SAN LORENZO         ","49.0"
"201403","CAGUAS              ","SAN LORENZO         ","51.0"
"201403","CAGUAS              ","GURABO              ","39.0"
"201401","BAYAMON             ","DORADO              ","34.0"
"201210","SAN JUAN            ","GUAYNABO 1          ","34.0"
"201305","CAROLINA            ","CAROLINA 2          ","43.0"
"201308","CAGUAS              ","COMERIO             ","27.0"
"201312","BAYAMON             ","VEGA BAJA 2         ","38.0"
"201211","GUAYAMA             ","CAYEY               ","62.0"
"201409","ARECIBO             ","ARECIBO 1           ","73.0"
"201405","SAN JUAN            ","RIO PIEDRAS 1       ","28.0"
"201402","CAGUAS              ","SAN LORENZO         ","44.0"
"201305","BAYAMON             ","BAYAMON 3           ","88.0"
"201311","PONCE               ","CASTAÑER            ","7.0"
"201301","HUMACAO             ","VIEQUES             ","15.0"
"201211","PONCE               ","GUAYANILLA          ","37.0"
"201301","DESCONOCIDA         ","DESCONOCIDA         ","9.0"
"201402","CAGUAS              ","COMERIO             ","24.0"
"201304","PONCE               ","CASTAÑER            ","3.0"
"201306","HUMACAO             ","CULEBRA             ","2.0"
"201303","BAYAMON             ","VEGA BAJA 1         ","30.0"
"201305","HUMACAO             ","FAJARDO             ","66.0"
"201210","HUMACAO             ","NAGUABO             ","37.0"
"201408","ARECIBO             ","HATILLO             ","53.0"
"201212","ARECIBO             ","CIALES              ","26.0"
"201406","HUMACAO             ","HUMACAO             ","85.0"
"201210","MAYAGÜEZ            ","GUANICA             ","33.0"
"201306","BAYAMON             ","CATAÑO              ","19.0"
"201407","PONCE               ","OROCOVIS            ","53.0"
"201403","BAYAMON             ","TOA BAJA 2          ","24.0"
"201310","PONCE               ","COAMO               ","72.0"
"201310","CAGUAS              ","AGUAS BUENAS        ","27.0"
"201305","SAN JUAN            ","RIO PIEDRAS 4       ","28.0"
"201312","HUMACAO             ","VIEQUES             ","22.0"
"201312","HUMACAO             ","CULEBRA             ","1.0"
"201312","AGUADILLA           ","AGUADILLA 1         ","25.0"
"201311","CAROLINA            ","RIO GRANDE 1        ","69.0"
"201302","GUAYAMA             ","ARROYO              ","48.0"
"201308","CAGUAS              ","SAN LORENZO         ","51.0"
"201304","BAYAMON             ","TOA ALTA            ","44.0"
"201312","SAN JUAN            ","RIO PIEDRAS 2       ","47.0"
"201402","CAGUAS              ","CIDRA               ","63.0"
"201310","HUMACAO             ","JUNCOS              ","54.0"
"201406","SAN JUAN            ","RIO PIEDRAS 1       ","38.0"
"201401","AGUADILLA           ","AGUADILLA 2         ","46.0"
"201406","GUAYAMA             ","SANTA ISABEL        ","27.0"
"201301","ARECIBO             ","LARES               ","38.0"
"201212","BAYAMON             ","BAYAMON 2           ","52.0"
"201305","MAYAGÜEZ            ","LAJAS               ","40.0"
"201402","MAYAGÜEZ            ","CABO ROJO           ","36.0"
"201309","SAN JUAN            ","RIO PIEDRAS 1       ","38.0"
"201308","PONCE               ","CASTAÑER            ","5.0"
"201403","CAROLINA            ","CAROLINA 1          ","33.0"
"201302","CAGUAS              ","CAGUAS              ","182.0"
"201309","BAYAMON             ","VEGA BAJA 2         ","30.0"
"201405","BAYAMON             ","TOA BAJA 2          ","39.0"
"201305","PONCE               ","PEÑUELAS            ","55.0"
"201212","CAGUAS              ","BARRANQUITAS        ","29.0"
"201301","BAYAMON             ","VEGA ALTA           ","31.0"
"201308","PONCE               ","COAMO               ","69.0"
"201308","CAROLINA            ","CANOVANAS           ","36.0"
"201311","AGUADILLA           ","AGUADILLA 2         ","50.0"
"201403","SAN JUAN            ","RIO PIEDRAS 4       ","31.0"
"201401","HUMACAO             ","LAS PIEDRAS         ","40.0"
"201401","PONCE               ","PONCE 2             ","55.0"
"201407","AGUADILLA           ","AGUADILLA 1         ","35.0"
"201408","CAROLINA            ","TRUJILLO ALTO       ","39.0"
"201307","ARECIBO             ","FLORIDA             ","18.0"
"201311","ARECIBO             ","CAMUY               ","62.0"
"201404","SAN JUAN            ","GUAYNABO 1          ","43.0"
"201306","MAYAGÜEZ            ","LAJAS               ","37.0"
"201302","ARECIBO             ","MOROVIS             ","60.0"
"201210","ARECIBO             ","HATILLO             ","62.0"
"201210","ARECIBO             ","ARECIBO 1           ","68.0"
"201407","CAROLINA            ","CANOVANAS           ","59.0"
"201405","CAGUAS              ","BARRANQUITAS        ","42.0"
"201402","PONCE               ","PEÑUELAS            ","48.0"
"201405","PONCE               ","CASTAÑER            ","8.0"
"201210","BAYAMON             ","COROZAL             ","42.0"
"201306","AGUADILLA           ","AGUADA              ","62.0"
"201211","MAYAGÜEZ            ","MAYAGÜEZ            ","109.0"
"201212","ARECIBO             ","FLORIDA             ","17.0"
"201407","PONCE               ","PEÑUELAS            ","43.0"
"201211","MAYAGÜEZ            ","CABO ROJO           ","64.0"
"201402","PONCE               ","OROCOVIS            ","32.0"
"201301","PONCE               ","PEÑUELAS            ","18.0"
"201210","PONCE               ","CASTAÑER            ","5.0"
"201305","CAROLINA            ","CAROLINA 1          ","44.0"
"201405","MAYAGÜEZ            ","MARICAO             ","12.0"
"201306","SAN JUAN            ","RIO PIEDRAS 3       ","50.0"
"201306","CAROLINA            ","RIO GRANDE 1        ","63.0"
"201308","ARECIBO             ","BARCELONETA         ","20.0"
"201402","HUMACAO             ","MAUNABO             ","22.0"
"201210","CAROLINA            ","CAROLINA 2          ","63.0"
"201302","SAN JUAN            ","RIO PIEDRAS 2       ","49.0"
"201310","BAYAMON             ","VEGA BAJA 2         ","27.0"
"201406","BAYAMON             ","TOA BAJA 1          ","50.0"
"201406","ARECIBO             ","ARECIBO 3           ","44.0"
"201310","SAN JUAN            ","RIO PIEDRAS 2       ","65.0"
"201306","BAYAMON             ","DORADO              ","33.0"
"201309","ARECIBO             ","CIALES              ","27.0"
"201311","MAYAGÜEZ            ","GUANICA             ","35.0"
"201306","HUMACAO             ","NAGUABO             ","27.0"
"201305","PONCE               ","CASTAÑER            ","2.0"
"201401","HUMACAO             ","CULEBRA             ","3.0"
"201307","PONCE               ","VILLALBA            ","45.0"
"201211","ARECIBO             ","HATILLO             ","58.0"
"201312","SAN JUAN            ","SAN JUAN            ","59.0"
"201407","ARECIBO             ","ARECIBO 1           ","83.0"
"201302","ARECIBO             ","QUEBRADILLAS        ","48.0"
"201302","MAYAGÜEZ            ","LAJAS               ","47.0"
"201211","CAGUAS              ","SAN LORENZO         ","50.0"
"201303","BAYAMON             ","VEGA ALTA           ","26.0"
"201306","GUAYAMA             ","CAYEY               ","73.0"
"201312","ARECIBO             ","ARECIBO 1           ","79.0"
"201310","CAGUAS              ","GURABO              ","32.0"
"201211","CAROLINA            ","CANOVANAS           ","59.0"
"201401","CAROLINA            ","CANOVANAS           ","45.0"
"201311","ARECIBO             ","HATILLO             ","62.0"
"201311","BAYAMON             ","TOA BAJA 1          ","50.0"
"201404","PONCE               ","AIBONITO            ","44.0"
"201304","HUMACAO             ","NAGUABO             ","29.0"
"201312","HUMACAO             ","JUNCOS              ","39.0"
"201312","BAYAMON             ","VEGA BAJA 1         ","22.0"
"201302","HUMACAO             ","LAS PIEDRAS         ","99.0"
"201303","CAGUAS              ","CAGUAS              ","153.0"
"201406","SAN JUAN            ","GUAYNABO 1          ","44.0"
"201405","HUMACAO             ","JUNCOS              ","45.0"
"201312","GUAYAMA             ","GUAYAMA             ","83.0"
"201301","HUMACAO             ","HUMACAO             ","63.0"
"201309","ARECIBO             ","LARES               ","67.0"
"201308","SAN JUAN            ","RIO PIEDRAS 1       ","21.0"
"201404","AGUADILLA           ","LAS MARÍAS          ","20.0"
"201405","CAGUAS              ","CIDRA               ","39.0"
"201303","CAGUAS              ","GURABO              ","36.0"
"201305","SAN JUAN            ","CUPEY               ","12.0"
"201403","SAN JUAN            ","GUAYNABO 2          ","7.0"
"201404","ARECIBO             ","UTUADO 2            ","15.0"
"201308","MAYAGÜEZ            ","MARICAO             ","9.0"
"201404","HUMACAO             ","JUNCOS              ","49.0"
"201306","CAGUAS              ","BARRANQUITAS        ","44.0"
"201407","AGUADILLA           ","MOCA                ","79.0"
"201302","ARECIBO             ","CAMUY               ","67.0"
"201302","PONCE               ","GUAYANILLA          ","37.0"
"201210","MAYAGÜEZ            ","SAN GERMAN          ","45.0"
"201304","PONCE               ","PEÑUELAS            ","31.0"
"201303","ARECIBO             ","CAMUY               ","56.0"
"201307","SAN JUAN            ","GUAYNABO 1          ","36.0"
"201407","BAYAMON             ","VEGA BAJA 2         ","34.0"
"201212","PONCE               ","GUAYANILLA          ","32.0"
"201306","GUAYAMA             ","SANTA ISABEL        ","51.0"
"201308","GUAYAMA             ","PATILLAS            ","36.0"
"201310","BAYAMON             ","NARANJITO           ","33.0"
"201304","ARECIBO             ","HATILLO             ","29.0"
"201305","AGUADILLA           ","AGUADA              ","44.0"
"201403","CAROLINA            ","LUQUILLO            ","20.0"
"201302","PONCE               ","CASTAÑER            ","5.0"
"201403","HUMACAO             ","HUMACAO             ","87.0"
"201306","AGUADILLA           ","ISABELA             ","84.0"
"201306","MAYAGÜEZ            ","GUANICA             ","46.0"
"201307","PONCE               ","GUAYANILLA          ","46.0"
"201309","PONCE               ","OROCOVIS            ","51.0"
"201404","PONCE               ","VILLALBA            ","50.0"
"201404","SAN JUAN            ","RIO PIEDRAS 1       ","31.0"
"201210","SAN JUAN            ","RIO PIEDRAS 4       ","23.0"
"201306","BAYAMON             ","TOA ALTA            ","37.0"
"201401","GUAYAMA             ","GUAYAMA             ","69.0"
"201308","PONCE               ","PONCE 2             ","71.0"
"201303","ARECIBO             ","CIALES              ","26.0"
"201408","BAYAMON             ","TOA BAJA 2          ","22.0"
"201303","HUMACAO             ","CULEBRA             ","2.0"
"201306","SAN JUAN            ","GUAYNABO 2          ","11.0"
"201301","CAGUAS              ","GURABO              ","37.0"
"201211","HUMACAO             ","HUMACAO             ","61.0"
"201401","MAYAGÜEZ            ","GUANICA             ","31.0"
"201309","SAN JUAN            ","GUAYNABO 1          ","42.0"
"201302","HUMACAO             ","YABUCOA             ","85.0"
"201402","AGUADILLA           ","ISABELA             ","60.0"
"201210","HUMACAO             ","JUNCOS              ","54.0"
"201405","PONCE               ","PONCE 2             ","57.0"
"201402","GUAYAMA             ","GUAYAMA             ","45.0"
"201408","SAN JUAN            ","GUAYNABO 2          ","7.0"
"201404","BAYAMON             ","BAYAMON 3           ","82.0"
"201402","CAROLINA            ","CAROLINA 1          ","39.0"
"201302","BAYAMON             ","VEGA BAJA 2         ","32.0"
"201407","HUMACAO             ","CEIBA               ","14.0"
"201212","DESCONOCIDA         ","DESCONOCIDA         ","19.0"
"201404","ARECIBO             ","ARECIBO 1           ","82.0"
"201309","BAYAMON             ","BAYAMON 2           ","47.0"
"201210","CAROLINA            ","TRUJILLO ALTO       ","45.0"
"201312","MAYAGÜEZ            ","CABO ROJO           ","50.0"
"201306","DESCONOCIDA         ","DESCONOCIDA         ","19.0"
"201312","MAYAGÜEZ            ","SAN GERMAN          ","50.0"
"201312","CAROLINA            ","CAROLINA 2          ","36.0"
"201406","ARECIBO             ","MOROVIS             ","55.0"
"201406","ARECIBO             ","CIALES              ","26.0"
"201212","MAYAGÜEZ            ","SABANA GRANDE       ","32.0"
"201305","GUAYAMA             ","ARROYO              ","45.0"
"201211","ARECIBO             ","ARECIBO 1           ","81.0"
"201311","HUMACAO             ","CULEBRA             ","6.0"
"201409","PONCE               ","CASTAÑER            ","10.0"
"201212","CAROLINA            ","LOIZA               ","21.0"
"201310","SAN JUAN            ","GUAYNABO 2          ","7.0"
"201301","PONCE               ","GUAYANILLA          ","34.0"
"201407","BAYAMON             ","BAYAMON 3           ","69.0"
"201307","GUAYAMA             ","SANTA ISABEL        ","43.0"
"201302","ARECIBO             ","BARCELONETA         ","39.0"
"201409","PONCE               ","AIBONITO            ","31.0"
"201408","PONCE               ","ADJUNTAS            ","37.0"
"201409","CAROLINA            ","CANOVANAS           ","54.0"
"201211","SAN JUAN            ","RIO PIEDRAS 3       ","54.0"
"201309","GUAYAMA             ","SANTA ISABEL        ","39.0"
"201404","AGUADILLA           ","RINCÓN              ","30.0"
"201312","SAN JUAN            ","CUPEY               ","4.0"
"201302","BAYAMON             ","VEGA BAJA 1         ","51.0"
"201409","MAYAGÜEZ            ","SABANA GRANDE       ","29.0"
"201405","HUMACAO             ","MAUNABO             ","16.0"
"201212","PONCE               ","VILLALBA            ","22.0"
"201306","AGUADILLA           ","SAN SEBASTÍAN       ","65.0"
"201403","PONCE               ","COAMO               ","55.0"
"201404","CAGUAS              ","BARRANQUITAS        ","55.0"
"201310","GUAYAMA             ","SALINAS             ","70.0"
"201407","ARECIBO             ","QUEBRADILLAS        ","56.0"
"201212","SAN JUAN            ","SAN JUAN            ","51.0"
"201409","HUMACAO             ","NAGUABO             ","29.0"
"201308","ARECIBO             ","CAMUY               ","58.0"
"201309","CAROLINA            ","CAROLINA 2          ","67.0"
"201405","CAROLINA            ","CAROLINA 2          ","47.0"
"201303","BAYAMON             ","CATAÑO              ","18.0"
"201403","SAN JUAN            ","CUPEY               ","11.0"
"201304","ARECIBO             ","QUEBRADILLAS        ","44.0"
"201210","CAGUAS              ","AGUAS BUENAS        ","31.0"
"201401","MAYAGÜEZ            ","HORMIGUEROS         ","6.0"
"201304","GUAYAMA             ","GUAYAMA             ","57.0"
"201212","PONCE               ","PONCE 1             ","28.0"
"201302","BAYAMON             ","TOA BAJA 1          ","43.0"
"201309","PONCE               ","VILLALBA            ","48.0"
"201302","PONCE               ","COAMO               ","50.0"
"201212","HUMACAO             ","CEIBA               ","11.0"
"201311","CAGUAS              ","COMERIO             ","30.0"
"201402","SAN JUAN            ","RIO PIEDRAS 3       ","33.0"
"201210","BAYAMON             ","VEGA BAJA 1         ","31.0"
"201304","SAN JUAN            ","RIO PIEDRAS 1       ","18.0"
"201401","CAROLINA            ","LOIZA               ","25.0"
"201409","BAYAMON             ","TOA ALTA            ","40.0"
"201404","SAN JUAN            ","RIO PIEDRAS 3       ","37.0"
"201303","MAYAGÜEZ            ","SAN GERMAN          ","41.0"
"201301","MAYAGÜEZ            ","LAJAS               ","32.0"
"201311","SAN JUAN            ","RIO PIEDRAS 2       ","44.0"
"201408","BAYAMON             ","VEGA BAJA 1         ","30.0"
"201402","BAYAMON             ","DORADO              ","42.0"
"201305","CAGUAS              ","CAGUAS              ","147.0"
"201405","ARECIBO             ","ARECIBO 1           ","72.0"
"201402","ARECIBO             ","ARECIBO 3           ","54.0"
"201309","HUMACAO             ","YABUCOA             ","61.0"
"201302","CAGUAS              ","BARRANQUITAS        ","50.0"
"201403","PONCE               ","PONCE 3             ","80.0"
"201409","CAGUAS              ","GURABO              ","30.0"
"201409","BAYAMON             ","NARANJITO           ","23.0"
"201308","PONCE               ","JAYUYA              ","28.0"
"201301","ARECIBO             ","UTUADO 1            ","28.0"
"201407","ARECIBO             ","FLORIDA             ","21.0"
"201308","BAYAMON             ","TOA BAJA 1          ","54.0"
"201311","SAN JUAN            ","SAN JUAN            ","63.0"
"201310","PONCE               ","PONCE 1             ","47.0"
"201211","ARECIBO             ","MANATI              ","62.0"
"201405","GUAYAMA             ","GUAYAMA             ","67.0"
"201309","MAYAGÜEZ            ","SAN GERMAN          ","52.0"
"201306","SAN JUAN            ","GUAYNABO 1          ","46.0"
"201304","MAYAGÜEZ            ","LAJAS               ","45.0"
"201311","PONCE               ","PONCE 2             ","59.0"
"201306","AGUADILLA           ","LAS MARÍAS          ","26.0"
"201212","GUAYAMA             ","PATILLAS            ","24.0"
"201405","BAYAMON             ","VEGA BAJA 1         ","25.0"
"201302","ARECIBO             ","UTUADO 1            ","43.0"
"201401","HUMACAO             ","CEIBA               ","18.0"
"201401","HUMACAO             ","HUMACAO             ","65.0"
"201405","SAN JUAN            ","CUPEY               ","8.0"
"201406","ARECIBO             ","MANATI              ","42.0"
"201309","CAROLINA            ","LUQUILLO            ","32.0"
"201301","PONCE               ","VILLALBA            ","27.0"
"201408","MAYAGÜEZ            ","MARICAO             ","7.0"
"201403","SAN JUAN            ","RIO PIEDRAS 1       ","39.0"
"201308","BAYAMON             ","DORADO              ","36.0"
"201310","ARECIBO             ","FLORIDA             ","33.0"
"201210","PONCE               ","ADJUNTAS            ","36.0"
"201404","ARECIBO             ","FLORIDA             ","23.0"
"201301","HUMACAO             ","NAGUABO             ","23.0"
"201407","HUMACAO             ","YABUCOA             ","82.0"
"201404","ARECIBO             ","BARCELONETA         ","17.0"
"201311","PONCE               ","YAUCO               ","101.0"
"201401","PONCE               ","COAMO               ","51.0"
"201409","SAN JUAN            ","RIO PIEDRAS 3       ","41.0"
"201402","MAYAGÜEZ            ","AÑASCO              ","35.0"
"201302","GUAYAMA             ","SANTA ISABEL        ","39.0"
"201306","BAYAMON             ","NARANJITO           ","38.0"
"201305","ARECIBO             ","ARECIBO 3           ","45.0"
"201212","BAYAMON             ","VEGA BAJA 2         ","15.0"
"201407","BAYAMON             ","TOA BAJA 1          ","34.0"
"201211","PONCE               ","ADJUNTAS            ","26.0"
"201210","ARECIBO             ","CIALES              ","26.0"
"201406","PONCE               ","COAMO               ","58.0"
"201406","SAN JUAN            ","RIO PIEDRAS 2       ","45.0"
"201310","AGUADILLA           ","AGUADILLA 2         ","65.0"
"201210","PONCE               ","GUAYANILLA          ","55.0"
"201306","ARECIBO             ","BARCELONETA         ","33.0"
"201405","BAYAMON             ","BAYAMON 3           ","53.0"
"201402","PONCE               ","VILLALBA            ","47.0"
"201402","BAYAMON             ","VEGA ALTA           ","30.0"
"201212","AGUADILLA           ","SAN SEBASTÍAN       ","39.0"
"201402","CAROLINA            ","LUQUILLO            ","29.0"
"201408","ARECIBO             ","BARCELONETA         ","31.0"
"201408","MAYAGÜEZ            ","LAJAS               ","49.0"
"201406","SAN JUAN            ","RIO PIEDRAS 4       ","28.0"
"201303","CAGUAS              ","CIDRA               ","45.0"
"201212","PONCE               ","PONCE 2             ","49.0"
"201212","AGUADILLA           ","RINCÓN              ","14.0"
"201305","HUMACAO             ","JUNCOS              ","44.0"
"201408","ARECIBO             ","MANATI              ","61.0"
"201310","MAYAGÜEZ            ","SABANA GRANDE       ","46.0"
"201406","ARECIBO             ","BARCELONETA         ","21.0"
"201304","GUAYAMA             ","SANTA ISABEL        ","48.0"
"201311","ARECIBO             ","CIALES              ","41.0"
"201310","PONCE               ","OROCOVIS            ","64.0"
"201309","GUAYAMA             ","ARROYO              ","47.0"
"201301","SAN JUAN            ","GUAYNABO 1          ","22.0"
"201405","BAYAMON             ","COROZAL             ","44.0"
"201310","PONCE               ","AIBONITO            ","52.0"
"201408","SAN JUAN            ","SAN JUAN            ","69.0"
"201304","ARECIBO             ","CIALES              ","34.0"
"201409","CAROLINA            ","LUQUILLO            ","20.0"
"201407","HUMACAO             ","HUMACAO             ","67.0"
"201308","CAGUAS              ","CIDRA               ","63.0"
"201401","MAYAGÜEZ            ","AÑASCO              ","40.0"
"201409","CAGUAS              ","CIDRA               ","42.0"
"201303","HUMACAO             ","FAJARDO             ","53.0"
"201309","HUMACAO             ","MAUNABO             ","30.0"
"201309","CAROLINA            ","LOIZA               ","30.0"
"201306","CAROLINA            ","TRUJILLO ALTO       ","46.0"
"201409","CAROLINA            ","CAROLINA 2          ","43.0"
"201403","SAN JUAN            ","RIO PIEDRAS 2       ","51.0"
"201301","ARECIBO             ","HATILLO             ","21.0"
"201409","PONCE               ","YAUCO               ","56.0"
"201305","GUAYAMA             ","GUAYAMA             ","58.0"
"201306","BAYAMON             ","TOA BAJA 1          ","46.0"
"201405","GUAYAMA             ","CAYEY               ","45.0"
"201408","CAROLINA            ","LUQUILLO            ","38.0"
"201402","AGUADILLA           ","RINCÓN              ","19.0"
"201404","PONCE               ","PONCE 1             ","48.0"
"201408","GUAYAMA             ","SANTA ISABEL        ","49.0"
"201405","CAROLINA            ","RIO GRANDE 1        ","60.0"
"201303","CAROLINA            ","CAROLINA 2          ","49.0"
"201309","PONCE               ","ADJUNTAS            ","33.0"
"201302","PONCE               ","JUANA DIAZ          ","81.0"
"201311","ARECIBO             ","BARCELONETA         ","31.0"
"201305","HUMACAO             ","NAGUABO             ","38.0"
"201210","BAYAMON             ","NARANJITO           ","30.0"
"201405","PONCE               ","JAYUYA              ","20.0"
"201409","CAROLINA            ","CAROLINA 1          ","37.0"
"201312","DESCONOCIDA         ","DESCONOCIDA         ","19.0"
"201408","CAROLINA            ","CANOVANAS           ","52.0"
"201309","MAYAGÜEZ            ","GUANICA             ","38.0"
"201406","HUMACAO             ","JUNCOS              ","62.0"
"201403","MAYAGÜEZ            ","MARICAO             ","6.0"
"201212","ARECIBO             ","ARECIBO 3           ","26.0"
"201303","ARECIBO             ","QUEBRADILLAS        ","46.0"
"201302","BAYAMON             ","NARANJITO           ","39.0"
"201303","AGUADILLA           ","ISABELA             ","48.0"
"201407","GUAYAMA             ","SALINAS             ","62.0"
"201403","ARECIBO             ","ARECIBO 1           ","72.0"
"201305","HUMACAO             ","CEIBA               ","15.0"
"201312","PONCE               ","PONCE 2             ","41.0"
"201212","BAYAMON             ","TOA ALTA            ","31.0"
"201210","AGUADILLA           ","MOCA                ","81.0"
"201407","CAGUAS              ","SAN LORENZO         ","61.0"
"201307","AGUADILLA           ","MOCA                ","64.0"
"201406","CAROLINA            ","TRUJILLO ALTO       ","50.0"
"201311","BAYAMON             ","BAYAMON 3           ","76.0"
"201310","PONCE               ","PEÑUELAS            ","46.0"
"201301","GUAYAMA             ","ARROYO              ","32.0"
"201307","BAYAMON             ","CATAÑO              ","30.0"
"201309","SAN JUAN            ","RIO PIEDRAS 3       ","56.0"
"201305","HUMACAO             ","LAS PIEDRAS         ","42.0"
"201406","CAGUAS              ","BARRANQUITAS        ","28.0"
"201305","ARECIBO             ","BARCELONETA         ","24.0"
"201407","PONCE               ","JAYUYA              ","39.0"
"201211","MAYAGÜEZ            ","AÑASCO              ","48.0"
"201310","ARECIBO             ","CAMUY               ","75.0"
"201405","HUMACAO             ","CEIBA               ","12.0"
"201210","PONCE               ","AIBONITO            ","36.0"
"201309","BAYAMON             ","COROZAL             ","57.0"
"201301","PONCE               ","PONCE 1             ","40.0"
"201403","ARECIBO             ","HATILLO             ","42.0"
"201310","GUAYAMA             ","CAYEY               ","66.0"
"201405","ARECIBO             ","LARES               ","55.0"
"201409","SAN JUAN            ","RIO PIEDRAS 1       ","29.0"
"201310","ARECIBO             ","MANATI              ","66.0"
"201408","AGUADILLA           ","AGUADA              ","59.0"
"201303","PONCE               ","AIBONITO            ","32.0"
"201406","ARECIBO             ","QUEBRADILLAS        ","55.0"
"201211","AGUADILLA           ","AGUADA              ","46.0"
"201307","MAYAGÜEZ            ","SAN GERMAN          ","54.0"
"201303","PONCE               ","ADJUNTAS            ","29.0"
"201303","CAGUAS              ","COMERIO             ","26.0"
"201301","CAROLINA            ","LUQUILLO            ","7.0"
"201406","BAYAMON             ","COROZAL             ","42.0"
"201405","PONCE               ","ADJUNTAS            ","31.0"
"201406","ARECIBO             ","UTUADO 2            ","20.0"
"201407","PONCE               ","GUAYANILLA          ","27.0"
"201309","ARECIBO             ","UTUADO 1            ","37.0"
"201401","PONCE               ","PONCE 1             ","56.0"
"201405","MAYAGÜEZ            ","MAYAGÜEZ            ","57.0"
"201311","BAYAMON             ","COROZAL             ","66.0"
"201310","GUAYAMA             ","PATILLAS            ","39.0"
"201401","GUAYAMA             ","ARROYO              ","37.0"
"201402","PONCE               ","JAYUYA              ","31.0"
"201310","ARECIBO             ","MOROVIS             ","42.0"
"201401","ARECIBO             ","HATILLO             ","41.0"
"201407","MAYAGÜEZ            ","MARICAO             ","15.0"
"201308","BAYAMON             ","VEGA BAJA 2         ","25.0"
"201310","SAN JUAN            ","SAN JUAN            ","64.0"
"201212","HUMACAO             ","NAGUABO             ","30.0"
"201309","PONCE               ","AIBONITO            ","36.0"
"201210","BAYAMON             ","VEGA BAJA 2         ","30.0"
"201406","SAN JUAN            ","CUPEY               ","10.0"
"201406","ARECIBO             ","LARES               ","58.0"
"201308","PONCE               ","OROCOVIS            ","47.0"
"201405","GUAYAMA             ","SALINAS             ","64.0"
"201304","ARECIBO             ","BARCELONETA         ","26.0"
"201307","HUMACAO             ","FAJARDO             ","47.0"
"201305","MAYAGÜEZ            ","GUANICA             ","38.0"
"201406","AGUADILLA           ","RINCÓN              ","29.0"
"201407","ARECIBO             ","LARES               ","59.0"
"201212","PONCE               ","JAYUYA              ","27.0"
"201211","ARECIBO             ","QUEBRADILLAS        ","37.0"
"201304","AGUADILLA           ","ISABELA             ","61.0"
"201305","CAROLINA            ","CANOVANAS           ","51.0"
"201407","HUMACAO             ","NAGUABO             ","30.0"
"201308","MAYAGÜEZ            ","GUANICA             ","30.0"
"201301","ARECIBO             ","MOROVIS             ","32.0"
"201212","HUMACAO             ","LAS PIEDRAS         ","35.0"
"201301","SAN JUAN            ","SAN JUAN            ","29.0"
"201301","PONCE               ","JAYUYA              ","15.0"
"201301","MAYAGÜEZ            ","GUANICA             ","27.0"
"201212","SAN JUAN            ","GUAYNABO 1          ","26.0"
"201307","SAN JUAN            ","CUPEY               ","6.0"
"201406","CAROLINA            ","CAROLINA 1          ","39.0"
"201304","SAN JUAN            ","SAN JUAN            ","41.0"
"201402","PONCE               ","PONCE 1             ","57.0"
"201212","PONCE               ","ADJUNTAS            ","25.0"
"201210","PONCE               ","PONCE 2             ","74.0"
"201402","PONCE               ","AIBONITO            ","28.0"
"201301","PONCE               ","JUANA DIAZ          ","59.0"
"201402","MAYAGÜEZ            ","MARICAO             ","15.0"
"201402","ARECIBO             ","CIALES              ","34.0"
"201303","ARECIBO             ","FLORIDA             ","25.0"
"201404","BAYAMON             ","BAYAMON 2           ","62.0"
"201401","SAN JUAN            ","RIO PIEDRAS 3       ","34.0"
"201303","GUAYAMA             ","PATILLAS            ","40.0"
"201304","MAYAGÜEZ            ","CABO ROJO           ","56.0"
"201409","BAYAMON             ","TOA BAJA 1          ","36.0"
"201301","BAYAMON             ","TOA BAJA 2          ","26.0"
"201210","CAROLINA            ","LOIZA               ","20.0"
"201405","GUAYAMA             ","ARROYO              ","43.0"
"201312","SAN JUAN            ","GUAYNABO 2          ","7.0"
"201301","AGUADILLA           ","AGUADA              ","44.0"
"201307","MAYAGÜEZ            ","GUANICA             ","30.0"
"201308","HUMACAO             ","NAGUABO             ","24.0"
"201408","AGUADILLA           ","MOCA                ","63.0"
"201307","ARECIBO             ","HATILLO             ","42.0"
"201311","CAROLINA            ","CAROLINA 2          ","43.0"
"201404","PONCE               ","ADJUNTAS            ","46.0"
"201408","PONCE               ","PONCE 3             ","115.0"
"201212","HUMACAO             ","YABUCOA             ","53.0"
"201409","AGUADILLA           ","AGUADILLA 1         ","28.0"
"201409","CAGUAS              ","CAGUAS              ","103.0"
"201301","PONCE               ","OROCOVIS            ","34.0"
"201405","PONCE               ","OROCOVIS            ","31.0"
"201409","MAYAGÜEZ            ","GUANICA             ","30.0"
"201404","BAYAMON             ","CATAÑO              ","22.0"
"201311","CAGUAS              ","CAGUAS              ","136.0"
"201211","BAYAMON             ","TOA ALTA            ","55.0"
"201404","HUMACAO             ","YABUCOA             ","59.0"
"201401","SAN JUAN            ","RIO PIEDRAS 2       ","47.0"
"201303","ARECIBO             ","BARCELONETA         ","36.0"
"201311","BAYAMON             ","VEGA BAJA 2         ","41.0"
"201210","GUAYAMA             ","SANTA ISABEL        ","39.0"
"201401","CAGUAS              ","COMERIO             ","32.0"
"201212","MAYAGÜEZ            ","MARICAO             ","4.0"
"201308","CAROLINA            ","RIO GRANDE 1        ","47.0"
"201409","ARECIBO             ","UTUADO 1            ","34.0"
"201306","ARECIBO             ","ARECIBO 3           ","50.0"
"201408","GUAYAMA             ","CAYEY               ","64.0"
"201303","CAGUAS              ","BARRANQUITAS        ","34.0"
"201305","BAYAMON             ","COROZAL             ","38.0"
"201403","GUAYAMA             ","SALINAS             ","58.0"
"201312","HUMACAO             ","YABUCOA             ","42.0"
"201408","PONCE               ","PONCE 1             ","53.0"
"201310","MAYAGÜEZ            ","GUANICA             ","32.0"
"201210","CAGUAS              ","GURABO              ","28.0"
"201402","HUMACAO             ","CULEBRA             ","3.0"
"201212","PONCE               ","CASTAÑER            ","2.0"
"201304","AGUADILLA           ","SAN SEBASTÍAN       ","41.0"
"201401","ARECIBO             ","BARCELONETA         ","33.0"
"201404","PONCE               ","GUAYANILLA          ","36.0"
"201303","BAYAMON             ","TOA BAJA 1          ","37.0"
"201306","BAYAMON             ","BAYAMON 2           ","46.0"
"201405","CAGUAS              ","COMERIO             ","31.0"
"201210","GUAYAMA             ","GUAYAMA             ","77.0"
"201408","CAGUAS              ","COMERIO             ","27.0"
"201309","AGUADILLA           ","MOCA                ","59.0"
"201408","PONCE               ","VILLALBA            ","45.0"
"201307","MAYAGÜEZ            ","SABANA GRANDE       ","31.0"
"201210","ARECIBO             ","QUEBRADILLAS        ","65.0"
"201303","CAROLINA            ","CANOVANAS           ","45.0"
"201402","HUMACAO             ","VIEQUES             ","27.0"
"201310","HUMACAO             ","CULEBRA             ","7.0"
"201302","BAYAMON             ","COROZAL             ","58.0"
"201409","SAN JUAN            ","CUPEY               ","6.0"
"201210","ARECIBO             ","FLORIDA             ","22.0"
"201405","BAYAMON             ","TOA BAJA 1          ","33.0"
"201210","GUAYAMA             ","PATILLAS            ","55.0"
"201308","BAYAMON             ","BAYAMON 2           ","36.0"
"201308","ARECIBO             ","MOROVIS             ","41.0"
"201408","ARECIBO             ","UTUADO 1            ","33.0"
"201407","GUAYAMA             ","PATILLAS            ","37.0"
"201312","PONCE               ","COAMO               ","46.0"
"201302","SAN JUAN            ","RIO PIEDRAS 3       ","56.0"
"201409","SAN JUAN            ","SAN JUAN            ","74.0"
"201306","SAN JUAN            ","RIO PIEDRAS 1       ","32.0"
"201310","CAROLINA            ","LUQUILLO            ","28.0"
"201409","SAN JUAN            ","GUAYNABO 2          ","10.0"
"201306","SAN JUAN            ","RIO PIEDRAS 2       ","56.0"
"201308","MAYAGÜEZ            ","AÑASCO              ","34.0"
"201304","AGUADILLA           ","AGUADILLA 2         ","36.0"
"201301","GUAYAMA             ","GUAYAMA             ","46.0"
"201308","GUAYAMA             ","SALINAS             ","40.0"
"201304","MAYAGÜEZ            ","HORMIGUEROS         ","14.0"
"201308","AGUADILLA           ","SAN SEBASTÍAN       ","41.0"
"201210","GUAYAMA             ","CAYEY               ","51.0"
"201310","CAROLINA            ","CANOVANAS           ","50.0"
"201301","GUAYAMA             ","SALINAS             ","51.0"
"201210","PONCE               ","JUANA DIAZ          ","68.0"
"201211","ARECIBO             ","CAMUY               ","53.0"
"201212","CAGUAS              ","COMERIO             ","17.0"
"201211","GUAYAMA             ","GUAYAMA             ","84.0"
"201307","ARECIBO             ","CAMUY               ","51.0"
"201304","AGUADILLA           ","AGUADILLA 1         ","45.0"
"201304","HUMACAO             ","CULEBRA             ","4.0"
"201212","SAN JUAN            ","CUPEY               ","7.0"
"201308","BAYAMON             ","VEGA ALTA           ","42.0"
"201404","AGUADILLA           ","AGUADA              ","52.0"
"201303","ARECIBO             ","ARECIBO 3           ","34.0"
"201211","MAYAGÜEZ            ","LAJAS               ","47.0"
"201308","AGUADILLA           ","AGUADA              ","66.0"
"201401","GUAYAMA             ","CAYEY               ","51.0"
"201409","AGUADILLA           ","MOCA                ","47.0"
"201406","BAYAMON             ","VEGA BAJA 1         ","30.0"
"201406","PONCE               ","OROCOVIS            ","43.0"
"201408","CAGUAS              ","BARRANQUITAS        ","35.0"
"201310","SAN JUAN            ","RIO PIEDRAS 3       ","60.0"
"201404","SAN JUAN            ","GUAYNABO 2          ","13.0"
"201310","HUMACAO             ","LAS PIEDRAS         ","69.0"
"201403","ARECIBO             ","UTUADO 2            ","14.0"
"201408","MAYAGÜEZ            ","AÑASCO              ","40.0"
"201211","CAROLINA            ","CAROLINA 1          ","50.0"
"201302","CAROLINA            ","CAROLINA 1          ","56.0"
"201304","MAYAGÜEZ            ","MARICAO             ","11.0"
"201403","HUMACAO             ","VIEQUES             ","19.0"
"201212","HUMACAO             ","CULEBRA             ","1.0"
"201211","HUMACAO             ","MAUNABO             ","36.0"
"201310","MAYAGÜEZ            ","AÑASCO              ","48.0"
"201307","HUMACAO             ","VIEQUES             ","22.0"
"201310","AGUADILLA           ","RINCÓN              ","38.0"
"201407","GUAYAMA             ","ARROYO              ","57.0"
"201310","BAYAMON             ","TOA BAJA 2          ","36.0"
"201404","BAYAMON             ","DORADO              ","34.0"
"201212","CAROLINA            ","RIO GRANDE 1        ","43.0"
"201307","MAYAGÜEZ            ","CABO ROJO           ","57.0"
"201406","CAGUAS              ","COMERIO             ","19.0"
"201309","MAYAGÜEZ            ","MAYAGÜEZ            ","104.0"
"201306","AGUADILLA           ","MOCA                ","61.0"
"201408","HUMACAO             ","HUMACAO             ","69.0"
"201307","PONCE               ","PONCE 1             ","56.0"
"201407","AGUADILLA           ","LAS MARÍAS          ","17.0"
"201305","SAN JUAN            ","GUAYNABO 2          ","9.0"
"201303","BAYAMON             ","TOA ALTA            ","41.0"
"201305","BAYAMON             ","NARANJITO           ","43.0"
"201305","PONCE               ","JAYUYA              ","28.0"
"201306","BAYAMON             ","VEGA ALTA           ","35.0"
"201307","ARECIBO             ","MANATI              ","51.0"
"201306","ARECIBO             ","UTUADO 2            ","22.0"
"201211","BAYAMON             ","CATAÑO              ","29.0"
"201401","BAYAMON             ","VEGA ALTA           ","32.0"
"201401","PONCE               ","JUANA DIAZ          ","73.0"
"201407","AGUADILLA           ","AGUADA              ","65.0"
"201305","AGUADILLA           ","RINCÓN              ","24.0"
"201402","AGUADILLA           ","MOCA                ","51.0"
"201306","ARECIBO             ","QUEBRADILLAS        ","50.0"
"201212","HUMACAO             ","FAJARDO             ","49.0"
"201210","HUMACAO             ","HUMACAO             ","85.0"
"201409","AGUADILLA           ","AGUADILLA 2         ","44.0"
"201406","AGUADILLA           ","LAS MARÍAS          ","25.0"
"201404","HUMACAO             ","CEIBA               ","17.0"
"201312","AGUADILLA           ","AGUADA              ","43.0"
"201210","CAGUAS              ","CAGUAS              ","136.0"
"201308","ARECIBO             ","ARECIBO 1           ","68.0"
"201407","CAGUAS              ","CAGUAS              ","152.0"
"201308","CAROLINA            ","LUQUILLO            ","20.0"
"201307","SAN JUAN            ","RIO PIEDRAS 3       ","45.0"
"201307","BAYAMON             ","TOA BAJA 1          ","42.0"
"201408","ARECIBO             ","MOROVIS             ","49.0"
"201401","PONCE               ","GUAYANILLA          ","31.0"
"201403","ARECIBO             ","LARES               ","51.0"
"201408","MAYAGÜEZ            ","GUANICA             ","41.0"
"201309","AGUADILLA           ","AGUADILLA 2         ","48.0"
"201402","GUAYAMA             ","ARROYO              ","28.0"
"201212","GUAYAMA             ","ARROYO              ","33.0"
"201402","ARECIBO             ","FLORIDA             ","19.0"
"201301","SAN JUAN            ","RIO PIEDRAS 1       ","32.0"
"201303","AGUADILLA           ","RINCÓN              ","18.0"
"201401","ARECIBO             ","MANATI              ","44.0"
"201306","MAYAGÜEZ            ","MARICAO             ","6.0"
"201310","AGUADILLA           ","LAS MARÍAS          ","15.0"
"201409","ARECIBO             ","LARES               ","39.0"
"201210","ARECIBO             ","UTUADO 2            ","15.0"
"201303","PONCE               ","JUANA DIAZ          ","98.0"
"201312","CAGUAS              ","CAGUAS              ","107.0"
"201212","PONCE               ","PONCE 3             ","71.0"
"201302","AGUADILLA           ","LAS MARÍAS          ","18.0"
"201312","GUAYAMA             ","PATILLAS            ","30.0"
"201304","ARECIBO             ","MOROVIS             ","45.0"
"201309","CAROLINA            ","RIO GRANDE 1        ","73.0"
"201406","CAROLINA            ","LOIZA               ","25.0"
"201403","BAYAMON             ","BAYAMON 2           ","22.0"
"201309","SAN JUAN            ","GUAYNABO 2          ","15.0"
"201304","BAYAMON             ","TOA BAJA 1          ","30.0"
"201304","ARECIBO             ","CAMUY               ","38.0"
"201405","ARECIBO             ","CIALES              ","30.0"
"201306","CAGUAS              ","AGUAS BUENAS        ","24.0"
"201401","ARECIBO             ","QUEBRADILLAS        ","38.0"
"201403","MAYAGÜEZ            ","GUANICA             ","24.0"
"201310","MAYAGÜEZ            ","MARICAO             ","8.0"
"201307","PONCE               ","CASTAÑER            ","6.0"
"201406","ARECIBO             ","CAMUY               ","58.0"
"201406","AGUADILLA           ","AGUADILLA 2         ","43.0"
"201310","ARECIBO             ","CIALES              ","42.0"
"201402","BAYAMON             ","VEGA BAJA 2         ","36.0"
"201210","MAYAGÜEZ            ","SABANA GRANDE       ","33.0"
"201407","PONCE               ","COAMO               ","71.0"
"201403","HUMACAO             ","LAS PIEDRAS         ","46.0"
"201312","PONCE               ","PONCE 3             ","89.0"
"201302","AGUADILLA           ","AGUADILLA 1         ","51.0"
"201406","HUMACAO             ","FAJARDO             ","49.0"
"201401","MAYAGÜEZ            ","LAJAS               ","38.0"
"201406","ARECIBO             ","HATILLO             ","62.0"
"201409","HUMACAO             ","JUNCOS              ","27.0"
"201409","PONCE               ","JAYUYA              ","33.0"
"201303","PONCE               ","VILLALBA            ","44.0"
"201401","BAYAMON             ","COROZAL             ","43.0"
"201405","AGUADILLA           ","AGUADILLA 2         ","55.0"
"201211","HUMACAO             ","YABUCOA             ","75.0"
"201306","ARECIBO             ","MANATI              ","51.0"
"201309","CAGUAS              ","SAN LORENZO         ","52.0"
"201210","CAGUAS              ","BARRANQUITAS        ","37.0"
"201312","HUMACAO             ","CEIBA               ","20.0"
"201306","HUMACAO             ","YABUCOA             ","84.0"
"201406","GUAYAMA             ","GUAYAMA             ","97.0"
"201310","AGUADILLA           ","MOCA                ","75.0"
"201307","BAYAMON             ","BAYAMON 2           ","46.0"
"201308","PONCE               ","GUAYANILLA          ","31.0"
"201210","ARECIBO             ","MANATI              ","55.0"
"201305","SAN JUAN            ","RIO PIEDRAS 3       ","53.0"
"201401","BAYAMON             ","BAYAMON 2           ","34.0"
"201211","PONCE               ","YAUCO               ","86.0"
"201310","BAYAMON             ","COROZAL             ","47.0"
"201311","HUMACAO             ","CEIBA               ","26.0"
"201304","AGUADILLA           ","LAS MARÍAS          ","5.0"
"201408","SAN JUAN            ","CUPEY               ","10.0"
"201404","AGUADILLA           ","ISABELA             ","89.0"
"201405","AGUADILLA           ","AGUADILLA 1         ","34.0"
"201312","AGUADILLA           ","SAN SEBASTÍAN       ","37.0"
"201406","AGUADILLA           ","AGUADA              ","61.0"
"201210","BAYAMON             ","TOA BAJA 2          ","27.0"
"201305","MAYAGÜEZ            ","MAYAGÜEZ            ","54.0"
"201312","CAGUAS              ","CIDRA               ","42.0"
"201308","MAYAGÜEZ            ","MAYAGÜEZ            ","73.0"
"201302","SAN JUAN            ","RIO PIEDRAS 1       ","33.0"
"201304","ARECIBO             ","LARES               ","44.0"
"201401","HUMACAO             ","FAJARDO             ","58.0"
"201312","SAN JUAN            ","RIO PIEDRAS 1       ","30.0"
"201408","ARECIBO             ","ARECIBO 1           ","86.0"
"201302","ARECIBO             ","LARES               ","61.0"
"201305","BAYAMON             ","TOA ALTA            ","63.0"
"201404","CAGUAS              ","GURABO              ","50.0"
"201408","ARECIBO             ","QUEBRADILLAS        ","47.0"
"201403","BAYAMON             ","TOA ALTA            ","56.0"
"201212","MAYAGÜEZ            ","CABO ROJO           ","40.0"
"201210","GUAYAMA             ","SALINAS             ","34.0"
"201308","SAN JUAN            ","GUAYNABO 2          ","8.0"
"201403","PONCE               ","CASTAÑER            ","3.0"
"201312","BAYAMON             ","TOA BAJA 2          ","27.0"
"201302","MAYAGÜEZ            ","GUANICA             ","35.0"
"201305","SAN JUAN            ","RIO PIEDRAS 1       ","35.0"
"201307","MAYAGÜEZ            ","AÑASCO              ","44.0"
"201304","CAGUAS              ","CAGUAS              ","119.0"
"201302","HUMACAO             ","HUMACAO             ","99.0"
"201312","CAROLINA            ","LOIZA               ","30.0"
"201409","GUAYAMA             ","GUAYAMA             ","78.0"
"201210","HUMACAO             ","CULEBRA             ","7.0"
"201408","BAYAMON             ","BAYAMON 2           ","40.0"
"201211","MAYAGÜEZ            ","HORMIGUEROS         ","24.0"
"201301","MAYAGÜEZ            ","CABO ROJO           ","40.0"
"201310","GUAYAMA             ","ARROYO              ","40.0"
"201305","ARECIBO             ","LARES               ","55.0"
"201211","DESCONOCIDA         ","DESCONOCIDA         ","21.0"
"201402","ARECIBO             ","UTUADO 2            ","11.0"
"201312","ARECIBO             ","MOROVIS             ","41.0"
"201409","SAN JUAN            ","GUAYNABO 1          ","28.0"
"201407","HUMACAO             ","CULEBRA             ","2.0"
"201403","BAYAMON             ","CATAÑO              ","20.0"
"201301","BAYAMON             ","TOA ALTA            ","33.0"
"201304","PONCE               ","PONCE 3             ","86.0"
"201309","ARECIBO             ","UTUADO 2            ","17.0"
"201406","BAYAMON             ","VEGA BAJA 2         ","16.0"
"201408","MAYAGÜEZ            ","CABO ROJO           ","52.0"
"201301","CAGUAS              ","SAN LORENZO         ","30.0"
"201407","BAYAMON             ","VEGA BAJA 1         ","25.0"
"201305","PONCE               ","PONCE 2             ","85.0"
"201210","SAN JUAN            ","GUAYNABO 2          ","9.0"
"201409","MAYAGÜEZ            ","CABO ROJO           ","49.0"
"201303","ARECIBO             ","LARES               ","50.0"
"201310","PONCE               ","CASTAÑER            ","6.0"
"201308","HUMACAO             ","CULEBRA             ","1.0"
"201311","GUAYAMA             ","PATILLAS            ","34.0"
"201312","PONCE               ","YAUCO               ","50.0"
"201305","CAGUAS              ","BARRANQUITAS        ","39.0"
"201210","PONCE               ","PONCE 1             ","50.0"
"201301","CAROLINA            ","LOIZA               ","23.0"
"201406","MAYAGÜEZ            ","HORMIGUEROS         ","20.0"
"201404","HUMACAO             ","LAS PIEDRAS         ","51.0"
"201311","PONCE               ","JAYUYA              ","28.0"
"201306","CAROLINA            ","CAROLINA 1          ","37.0"
"201304","PONCE               ","COAMO               ","61.0"
"201302","SAN JUAN            ","RIO PIEDRAS 4       ","34.0"
"201307","GUAYAMA             ","CAYEY               ","67.0"
"201402","ARECIBO             ","LARES               ","41.0"
"201309","BAYAMON             ","CATAÑO              ","22.0"
"201402","BAYAMON             ","VEGA BAJA 1         ","18.0"
"201402","CAROLINA            ","CAROLINA 2          ","25.0"
"201309","GUAYAMA             ","GUAYAMA             ","88.0"
"201305","CAGUAS              ","GURABO              ","44.0"
"201212","AGUADILLA           ","MOCA                ","46.0"
"201405","BAYAMON             ","CATAÑO              ","18.0"
"201301","GUAYAMA             ","PATILLAS            ","35.0"
"201404","HUMACAO             ","MAUNABO             ","15.0"
"201304","GUAYAMA             ","SALINAS             ","52.0"
"201306","MAYAGÜEZ            ","HORMIGUEROS         ","21.0"
"201305","GUAYAMA             ","SALINAS             ","47.0"
"201405","BAYAMON             ","VEGA BAJA 2         ","25.0"
"201409","ARECIBO             ","CIALES              ","23.0"
"201408","HUMACAO             ","MAUNABO             ","21.0"
"201408","BAYAMON             ","VEGA ALTA           ","27.0"
"201311","BAYAMON             ","NARANJITO           ","21.0"
"201304","SAN JUAN            ","CUPEY               ","4.0"
"201311","PONCE               ","OROCOVIS            ","50.0"
"201311","GUAYAMA             ","SALINAS             ","66.0"
"201309","SAN JUAN            ","RIO PIEDRAS 2       ","74.0"
"201212","AGUADILLA           ","AGUADILLA 1         ","34.0"
"201405","ARECIBO             ","ARECIBO 3           ","39.0"
"201302","CAROLINA            ","CANOVANAS           ","74.0"
"201304","CAGUAS              ","AGUAS BUENAS        ","22.0"
"201302","PONCE               ","PEÑUELAS            ","55.0"
"201405","PONCE               ","JUANA DIAZ          ","69.0"
"201405","ARECIBO             ","UTUADO 1            ","41.0"
"201309","BAYAMON             ","TOA ALTA            ","74.0"
"201308","BAYAMON             ","CATAÑO              ","44.0"
"201403","ARECIBO             ","CIALES              ","45.0"
"201302","SAN JUAN            ","CUPEY               ","11.0"
"201303","HUMACAO             ","MAUNABO             ","22.0"
"201408","BAYAMON             ","VEGA BAJA 2         ","18.0"
"201409","MAYAGÜEZ            ","HORMIGUEROS         ","14.0"
"201401","MAYAGÜEZ            ","MAYAGÜEZ            ","91.0"
"201212","PONCE               ","YAUCO               ","56.0"
"201303","MAYAGÜEZ            ","MAYAGÜEZ            ","65.0"
"201308","AGUADILLA           ","AGUADILLA 1         ","36.0"
"201409","BAYAMON             ","VEGA BAJA 2         ","27.0"
"201210","HUMACAO             ","CEIBA               ","29.0"
"201307","BAYAMON             ","NARANJITO           ","29.0"
"201401","AGUADILLA           ","SAN SEBASTÍAN       ","54.0"
"201306","CAROLINA            ","LOIZA               ","29.0"
"201408","SAN JUAN            ","RIO PIEDRAS 3       ","46.0"
"201401","CAROLINA            ","CAROLINA 1          ","45.0"
"201307","GUAYAMA             ","ARROYO              ","42.0"
"201305","SAN JUAN            ","GUAYNABO 1          ","56.0"
"201408","PONCE               ","AIBONITO            ","29.0"
"201303","PONCE               ","JAYUYA              ","27.0"
"201302","HUMACAO             ","CEIBA               ","28.0"
"201301","AGUADILLA           ","RINCÓN              ","13.0"
"201405","BAYAMON             ","VEGA ALTA           ","44.0"
"201409","ARECIBO             ","UTUADO 2            ","4.0"
"201401","AGUADILLA           ","RINCÓN              ","24.0"
"201301","PONCE               ","CASTAÑER            ","2.0"
"201312","CAROLINA            ","TRUJILLO ALTO       ","42.0"
"201407","MAYAGÜEZ            ","LAJAS               ","34.0"
"201312","CAGUAS              ","SAN LORENZO         ","44.0"
"201303","GUAYAMA             ","SANTA ISABEL        ","34.0"
"201306","GUAYAMA             ","ARROYO              ","43.0"
"201404","BAYAMON             ","COROZAL             ","53.0"
"201303","CAGUAS              ","SAN LORENZO         ","38.0"
"201402","HUMACAO             ","LAS PIEDRAS         ","34.0"
"201311","PONCE               ","GUAYANILLA          ","53.0"
"201303","PONCE               ","PONCE 1             ","36.0"
"201405","PONCE               ","AIBONITO            ","39.0"
"201305","CAGUAS              ","COMERIO             ","38.0"
"201310","SAN JUAN            ","GUAYNABO 1          ","47.0"
"201406","BAYAMON             ","TOA BAJA 2          ","26.0"
"201302","ARECIBO             ","UTUADO 2            ","17.0"
"201407","MAYAGÜEZ            ","SABANA GRANDE       ","44.0"
"201408","PONCE               ","PONCE 2             ","71.0"
"201408","CAROLINA            ","CAROLINA 2          ","67.0"
"201211","AGUADILLA           ","AGUADILLA 2         ","38.0"
"201306","CAROLINA            ","LUQUILLO            ","33.0"
"201306","ARECIBO             ","CIALES              ","32.0"
"201309","MAYAGÜEZ            ","SABANA GRANDE       ","44.0"
"201211","HUMACAO             ","JUNCOS              ","60.0"
"201403","ARECIBO             ","QUEBRADILLAS        ","51.0"
"201402","ARECIBO             ","QUEBRADILLAS        ","34.0"
"201312","HUMACAO             ","LAS PIEDRAS         ","37.0"
"201403","ARECIBO             ","UTUADO 1            ","37.0"
"201312","AGUADILLA           ","RINCÓN              ","23.0"
"201407","BAYAMON             ","NARANJITO           ","28.0"
"201212","BAYAMON             ","DORADO              ","37.0"
"201306","BAYAMON             ","BAYAMON 3           ","81.0"
"201401","PONCE               ","ADJUNTAS            ","34.0"
"201303","HUMACAO             ","JUNCOS              ","42.0"
"201407","CAGUAS              ","AGUAS BUENAS        ","34.0"
"201409","PONCE               ","GUAYANILLA          ","32.0"
"201305","HUMACAO             ","MAUNABO             ","37.0"
"201309","MAYAGÜEZ            ","CABO ROJO           ","50.0"
"201303","BAYAMON             ","COROZAL             ","31.0"
"201403","PONCE               ","ADJUNTAS            ","36.0"
"201401","PONCE               ","JAYUYA              ","20.0"
"201210","DESCONOCIDA         ","DESCONOCIDA         ","22.0"
"201308","HUMACAO             ","YABUCOA             ","45.0"
"201301","AGUADILLA           ","LAS MARÍAS          ","15.0"
"201301","ARECIBO             ","CIALES              ","15.0"
"201211","MAYAGÜEZ            ","SAN GERMAN          ","53.0"
"201211","PONCE               ","JUANA DIAZ          ","95.0"
"201408","PONCE               ","GUAYANILLA          ","48.0"
"201306","BAYAMON             ","VEGA BAJA 2         ","33.0"
"201408","PONCE               ","JUANA DIAZ          ","65.0"
"201306","MAYAGÜEZ            ","CABO ROJO           ","37.0"
"201409","PONCE               ","OROCOVIS            ","32.0"
"201210","MAYAGÜEZ            ","AÑASCO              ","43.0"
"201403","CAGUAS              ","CIDRA               ","34.0"
"201210","AGUADILLA           ","AGUADILLA 2         ","52.0"
"201408","HUMACAO             ","YABUCOA             ","67.0"
"201305","ARECIBO             ","UTUADO 2            ","11.0"
"201402","BAYAMON             ","BAYAMON 2           ","30.0"
"201311","CAROLINA            ","TRUJILLO ALTO       ","47.0"
"201406","MAYAGÜEZ            ","SAN GERMAN          ","54.0"
"201308","SAN JUAN            ","RIO PIEDRAS 3       ","32.0"
"201403","GUAYAMA             ","ARROYO              ","37.0"
"201402","PONCE               ","CASTAÑER            ","4.0"
"201409","MAYAGÜEZ            ","MARICAO             ","7.0"
"201211","CAGUAS              ","CAGUAS              ","140.0"
"201406","PONCE               ","YAUCO               ","57.0"
"201302","BAYAMON             ","CATAÑO              ","30.0"
"201312","MAYAGÜEZ            ","AÑASCO              ","40.0"
"201406","ARECIBO             ","ARECIBO 1           ","76.0"
"201408","PONCE               ","OROCOVIS            ","35.0"
"201406","BAYAMON             ","BAYAMON 3           ","88.0"
"201304","CAROLINA            ","LUQUILLO            ","21.0"
"201408","GUAYAMA             ","ARROYO              ","50.0"
"201312","PONCE               ","PEÑUELAS            ","46.0"
"201211","PONCE               ","PONCE 1             ","45.0"
"201303","HUMACAO             ","VIEQUES             ","27.0"
"201401","HUMACAO             ","JUNCOS              ","30.0"
"201308","CAROLINA            ","LOIZA               ","28.0"
"201212","CAROLINA            ","CAROLINA 2          ","31.0"
"201401","CAROLINA            ","CAROLINA 2          ","27.0"
"201312","GUAYAMA             ","ARROYO              ","31.0"
"201211","GUAYAMA             ","SALINAS             ","79.0"
"201403","CAROLINA            ","TRUJILLO ALTO       ","37.0"
"201301","GUAYAMA             ","CAYEY               ","45.0"
"201404","MAYAGÜEZ            ","HORMIGUEROS         ","24.0"
"201309","ARECIBO             ","QUEBRADILLAS        ","68.0"
"201407","AGUADILLA           ","RINCÓN              ","32.0"
"201302","CAGUAS              ","SAN LORENZO         ","73.0"
"201301","HUMACAO             ","CEIBA               ","18.0"
"201404","BAYAMON             ","TOA BAJA 1          ","47.0"
"201406","PONCE               ","JAYUYA              ","35.0"
"201211","SAN JUAN            ","CUPEY               ","7.0"
"201403","HUMACAO             ","MAUNABO             ","25.0"
"201401","ARECIBO             ","MOROVIS             ","39.0"
"201307","CAROLINA            ","CAROLINA 1          ","43.0"
"201401","PONCE               ","CASTAÑER            ","1.0"
"201311","ARECIBO             ","MOROVIS             ","46.0"
"201211","PONCE               ","PEÑUELAS            ","46.0"
"201304","BAYAMON             ","BAYAMON 3           ","48.0"
"201302","SAN JUAN            ","SAN JUAN            ","59.0"
"201409","SAN JUAN            ","RIO PIEDRAS 4       ","34.0"
"201311","BAYAMON             ","VEGA BAJA 1         ","40.0"
"201404","GUAYAMA             ","ARROYO              ","43.0"
"201409","ARECIBO             ","MOROVIS             ","30.0"
"201406","CAGUAS              ","CAGUAS              ","123.0"
"201301","MAYAGÜEZ            ","HORMIGUEROS         ","15.0"
"201407","SAN JUAN            ","RIO PIEDRAS 3       ","65.0"
"201303","SAN JUAN            ","RIO PIEDRAS 4       ","28.0"
"201404","GUAYAMA             ","CAYEY               ","69.0"
"201406","HUMACAO             ","CEIBA               ","16.0"
"201308","PONCE               ","ADJUNTAS            ","33.0"
"201312","PONCE               ","CASTAÑER            ","2.0"
"201311","DESCONOCIDA         ","DESCONOCIDA         ","21.0"
"201307","HUMACAO             ","CEIBA               ","25.0"
"201408","PONCE               ","CASTAÑER            ","7.0"
"201302","PONCE               ","AIBONITO            ","55.0"
"201305","HUMACAO             ","HUMACAO             ","70.0"
"201408","ARECIBO             ","UTUADO 2            ","22.0"
"201403","AGUADILLA           ","MOCA                ","69.0"
"201403","BAYAMON             ","VEGA BAJA 1         ","24.0"
"201302","GUAYAMA             ","SALINAS             ","55.0"
"201301","PONCE               ","COAMO               ","47.0"
"201303","PONCE               ","YAUCO               ","55.0"
"201407","ARECIBO             ","CIALES              ","30.0"
"201303","MAYAGÜEZ            ","GUANICA             ","39.0"
"201309","CAROLINA            ","TRUJILLO ALTO       ","49.0"
"201309","PONCE               ","PEÑUELAS            ","58.0"
"201306","CAROLINA            ","CANOVANAS           ","53.0"
"201403","CAGUAS              ","AGUAS BUENAS        ","21.0"
"201311","AGUADILLA           ","LAS MARÍAS          ","25.0"
"201212","MAYAGÜEZ            ","AÑASCO              ","34.0"
"201402","ARECIBO             ","HATILLO             ","42.0"
"201303","CAROLINA            ","CAROLINA 1          ","27.0"
"201212","CAGUAS              ","CIDRA               ","40.0"
"201312","PONCE               ","JAYUYA              ","23.0"
"201212","ARECIBO             ","MANATI              ","42.0"
"201407","SAN JUAN            ","RIO PIEDRAS 1       ","48.0"
"201306","ARECIBO             ","FLORIDA             ","25.0"
"201311","SAN JUAN            ","GUAYNABO 2          ","9.0"
"201304","ARECIBO             ","UTUADO 2            ","13.0"
"201312","HUMACAO             ","HUMACAO             ","76.0"
"201401","PONCE               ","OROCOVIS            ","40.0"
"201406","CAGUAS              ","CIDRA               ","61.0"
"201301","CAGUAS              ","CAGUAS              ","106.0"
"201211","ARECIBO             ","FLORIDA             ","29.0"
"201404","ARECIBO             ","UTUADO 1            ","48.0"
"201406","PONCE               ","PEÑUELAS            ","49.0"
"201301","CAROLINA            ","CAROLINA 1          ","29.0"
"201310","HUMACAO             ","HUMACAO             ","77.0"
"201306","HUMACAO             ","LAS PIEDRAS         ","55.0"
"201308","AGUADILLA           ","LAS MARÍAS          ","11.0"
"201308","CAGUAS              ","AGUAS BUENAS        ","21.0"
"201309","SAN JUAN            ","RIO PIEDRAS 4       ","29.0"
"201311","ARECIBO             ","ARECIBO 1           ","100.0"
"201402","HUMACAO             ","JUNCOS              ","23.0"
"201210","MAYAGÜEZ            ","LAJAS               ","47.0"
"201307","CAROLINA            ","CANOVANAS           ","49.0"
"201305","GUAYAMA             ","PATILLAS            ","36.0"
"201405","PONCE               ","VILLALBA            ","47.0"
"201210","MAYAGÜEZ            ","MARICAO             ","9.0"
"201311","ARECIBO             ","UTUADO 2            ","12.0"
"201212","AGUADILLA           ","LAS MARÍAS          ","18.0"
"201309","MAYAGÜEZ            ","MARICAO             ","10.0"
"201311","PONCE               ","AIBONITO            ","43.0"
"201311","PONCE               ","PONCE 1             ","72.0"
"201305","PONCE               ","GUAYANILLA          ","37.0"
"201405","GUAYAMA             ","SANTA ISABEL        ","32.0"
"201404","MAYAGÜEZ            ","CABO ROJO           ","50.0"
"201403","ARECIBO             ","ARECIBO 3           ","40.0"
"201407","CAROLINA            ","CAROLINA 2          ","66.0"
"201303","ARECIBO             ","ARECIBO 1           ","88.0"
"201403","GUAYAMA             ","GUAYAMA             ","83.0"
"201212","CAROLINA            ","CANOVANAS           ","49.0"
"201409","ARECIBO             ","FLORIDA             ","22.0"
"201312","MAYAGÜEZ            ","LAJAS               ","34.0"
"201310","ARECIBO             ","LARES               ","91.0"
"201403","CAGUAS              ","BARRANQUITAS        ","35.0"
"201402","CAGUAS              ","AGUAS BUENAS        ","26.0"
"201309","ARECIBO             ","ARECIBO 3           ","43.0"
"201304","PONCE               ","YAUCO               ","69.0"
"201408","ARECIBO             ","LARES               ","62.0"
"201310","HUMACAO             ","CEIBA               ","25.0"
"201309","PONCE               ","JAYUYA              ","33.0"
"201403","AGUADILLA           ","ISABELA             ","55.0"
"201308","ARECIBO             ","CIALES              ","21.0"
"201302","PONCE               ","ADJUNTAS            ","36.0"
"201305","AGUADILLA           ","LAS MARÍAS          ","20.0"
"201308","ARECIBO             ","FLORIDA             ","18.0"
"201409","CAGUAS              ","AGUAS BUENAS        ","14.0"
"201308","HUMACAO             ","CEIBA               ","12.0"
"201305","BAYAMON             ","DORADO              ","29.0"
"201401","CAGUAS              ","CIDRA               ","31.0"
"201308","PONCE               ","PONCE 1             ","58.0"
"201211","BAYAMON             ","VEGA ALTA           ","42.0"
"201404","CAROLINA            ","CAROLINA 1          ","54.0"
"201407","CAROLINA            ","LOIZA               ","31.0"
"201403","GUAYAMA             ","CAYEY               ","60.0"
"201308","ARECIBO             ","MANATI              ","51.0"
