"lic","nombre_de_la_institucion","direccion_fisica","pueblo_fisico","zip_code_fisico","direccion_postal","pueblo_postal","zip_code_postal","telefono_primario","telefono_secundario","email_primario","email_secundario","fax_primario","fax_secundario","nombre_del_director","matricula_total"
"V 01-09","Institute of Beauty Careers","Ave. Lloréns Torres, Número 199, Esquina Coll y Toste","Arecibo","00612","PO BOX 809","Arecibo","00613","(787) 878-2880","(787) 878-2880","majosue@yahoo.com","registeribc@yahoo.com","(787) 880-6999","(787) 884-0101","Naydamar Fuentes","205"
"V 01-15","Universidad Interamericana de Puerto Rico, Inc.","Carr. Estatal Número 2, Km. 76.6, Bo. San Daniel, Sector Las Canelas","Arecibo","00614","PO BOX 4050","Arecibo","00614","(787) 878-5475","(787) 878-5475","irosado@arecibo.inter.edu","avega@arecibo.inter.edu","(787) 880-1624","(787) 878-5475","Rafael Ramirez Rivera","250"
"V 01-18","Dasan, Arecibo Fashion Academy, Inc.","Urb. Jardines de Arecibo, Calle K-2","Arecibo","00612","PO BOX 141575","Arecibo","00612","(787) 878-7631","(787) 878-7631","dasandesign@gmail.com",,"(787) 878-7631","(787) 878-7631","Eugenio Dávila Iguina","33"
"V 01-21","Instituto Comercial de Puerto Rico Junior College (ICPR)","Ave. San Patricio #20","Arecibo","00614","PO BOX 140067","Arecibo","00614","(787) 878-6000","(787) 878-6000","icharriez@icprjc.edu","lvargas@icprjc.edu","(787) 878-7750","(787) 878-6000","Ivette Charriez, Directora","22"
"V 01-24","Colegio Educativo Tecnológico Industrial (CETI COLLEGE)  Inc.","#68 Calle Puro Girau","Arecibo","00613","PO BOX 1800","Arecibo","00613","(787) 879-3300","(787) 458-6283","ceticollege@hotmail.com","ipvipr@yahoo.com","(787) 879-3834","(787) 879-3834","Nilsa López Rivera","129"
"V 01-28","Arecibo Job Corps","Carr. 686, Km. 6.6","Arecibo","00652","PO BOX 544","Garrochales","00652","(787) 881-2300","(787) 881-3775","torres.miguelina@jobcorps.org","carrion.aynette@jobcorps.org","(787) 881-0971",,"Miguelina Torres","149"
"V 01-29","Instituto de Banca y Comercio","Ave.Víctor Rojas, Esquina Cervantes, Bo. Pueblo","Arecibo","00612","PMB 430, Box 144035","Arecibo","00614","(787) 880-4019","(787) 880-4019","JIrizarry@ibancapr.com","wmalave@ibancapr.com","(787) 880-3956","(787) 880-3956","Jacqueline Irizarry López","383"
"V 01-32","Caribbean University-Centro de Vega Baja","Carr. 671 Km. 5 Bo. Algarrobo, Sector El Criollo","Vega Baja","00693","PO BOX 4258","Vega Baja","00694","(787) 858-3668","(787) 780-0070","president@caribbean.edu","mvalle@caribbean.edu","(787) 785-0101","(787) 780-0070","Dr. Angel Mejias Melendez","0"
"V 02-02","Universidad del Turabo, Centro Universitario de Barceloneta","Carr. PR 2, Km. 59.0, Sector Tiburón","Barceloneta","00617","PO BOX 2194","Barceloneta","00617","(787) 846-1778","(787) 743-7979","keroche@suagm.edu","ut_mflores@suag.edu","(787) 746-6860","(787) 263-2177","Ramón Díaz","0"
"V 03-01","Universal Technology College of Puerto Rico, Inc.","Ave. Muñoz Rivera # 163 y # 167","Camuy","00627","167 Ave. Muñoz Rivera Oeste Suite # 2","Camuy","00627","(787) 262-5786","(787) 898-2429","directora_camuy@unitecpr.net","directora_planificacion@unitecpr.net","(787) 820-5560",,"Profa. Nelida Cardona","63"
"V 04-01","American Educational College","#36 Calle Palmer, Pueblo Viejo","Ciales","00638","PO BOX 205","Bayamón","00960","(787) 871-0185","(787) 798-1199","FINANCEDIRECTOR.amedco@gmail.com","FINANCEDIRECTOR.amedCO@GMAIL.COM","(787) 787-1199",,"Ramiro Repollet Solivan","0"
"V 06-04","Millenium Beauty Academy","Edificio FerroCarr.il, Avenida Dr. Susoni, Esquina Avenida FerroCarr.il","Hatillo","00659","PO BOX 1000","Hatillo","00659","(787) 820-1000","(787) 262-1000","milleniumbeautyacademy@gmail.com",,"(787) 820-1000",,"Aida I. Colón Vega","61"
"V 07-04","Escuela de Peritos Electricistas de Isabela Inc.","Calle Surinam #1059, Ave. Agustín Ramos Calero Interior (Antes Ave. Aguadilla)","Isabela","00662","PO BOX 457","Isabela","00662","(787) 872-1747","(787) 830-4267","epeiinc@hotmail.com","epei@prtc.net","(787) 830-4267",,"María M. Santiago Maldonado","84"
"V 07-13","Professional Technical College, Inc.","Francisco Ávila #100, Calle Socorro St.","Quebradillas","00678","PO BOX 1981","Isabela","00662","(787) 402-1451","(787) 517-5915","ptcinc2000@hotmail.com","medina-johanna@hotmail.com","(787) 658-7219",,"GILFREDO PEREZ","376"
"V 07-14","Centro Universitario de Isabela","Carr. PR 12, Km. 27.3, Bo. Mora, Zona Industrial","Isabela","00662","7349 Ave. Agustín Ramos Calero","Isabela","00662","(787) 830-4160","(787) 743-7979","keroche@suagm.edu","ut_mflores@suagm.edu","(787) 746-6860","(787) 830-5070","Carmen Rivera","22"
"V 09-02.0","Advantage Technical College (ADTEC)","Calle Ramos Vélez #3 y #4","Manatí","00674","PO BOX 1797","Manatí","00674","(787) 854-4776","(787) 854-4776","adtecpr.info@gmail.com",,"(939) 440-9691","(939) 440-9691","Marisabel Ramos","95"
"V 09-04","Instituto de Educación Técnica Ocupacional La Reiné","Ave. Colón #8-A // Calle Mckinley #88","Manatí","00674","PO BOX 988","Manatí","00674","(787) 854-1119","(787) 884-7777","reine@prtc.net","wrey@lareine.edu","(787) 884-3505",,"Carmen R.Ocasio Padilla, Presidenta","38"
"V 09-06","Instituto de Banca y Comercio (Manatí)","Carr. #2 KM 49.7 Bo. Tierras Nuevas","Manatí","00674","#150 calle Miguel Otero","Manatí","00674","(787) 854-6634","(787) 884-6709","bpadilla@ibancapr.com","cgordillo@ibancapr.com","(787) 884-3372",,"Benjamín Padilla Rosa","558"
"V 09-08","Atenas College","Edificio Julio Hernández, Paseo del Atenas # 101","Manatí","00674","PO BOX 365","Manatí","00674","(787) 884-3838","(787) 854-9165","presidenta@atenascollege.edu","icolon@atenascollege.edu","(787) 854-4530",,"María L. Hernández Núñez","117"
"V 09-11","Universidad del Este","Carr. PR-2, Km. 59.0, Bo. Florida Afuera","Barceloneta","00617","PO BOX 2050","Barceloneta","00617","(787) 884-4414","(787) 257-7373","mvelezr@suagm.edu","pamercado@suagm.edu","(787) 854-3612","(787) 257-8841","Dra. Mildred Huertas Solá","142"
"V 09-13","Institute of Beauty Careers","Calle Mckinley Núm. 21","Manatí","00664","PO BOX 809","Arecibo","00612","(787) 884-0099","(787) 754-0099","majosue@yahoo.com","rmontanoibc@yahoo.com","(787) 884-0101","(787) 884-0099","Roberto Montano","207"
"V 09-15","Dewey University","Carr. 604, Km. 49.1, Bo. Tierras Nuevas Saliente","Manatí","00674","PO BOX 19538","San Juan","00910","(787) 854-3800","(787) 753-0039","director.man@dewey.edu","lina.vega@dewey.edu","(787) 854-1899","(787) 751-4660","Magdalena Vega","100"
"V 09-16","Instituto Comercial de Puerto Rico Junior College (ICPR)","Carr. Núm. 2, Puerta del Norte Mall, Km. 49.9, Bo. Pueblo","Manatí","00674","PO BOX 49","Manatí","00674","(787) 884-6000","(787) 753-6335","fgonzalez@icprjc.edu","lvargas@icprjc.edu","(787) 854-6049","(787) 622-3416","Fernando L Gonzalez Alvarez","94"
"V 10-03","Instituto de Educación Vocacional","Carr. 805 Km 2.4 Bo. Negros Corozal, Puerto Rico 00783","Corozal","00783","PO BOX 615","Corozal","00783","(787) 859-0957","(787) 649-9593","instituto.eduvoc@gmail.com",,"(787) 859-0957","(787) 802-0000","Sr. Juan A. Moreno Padilla","21"
"V 10-04","Millenium Professional Arts Institute","Carr. 633 Km 4.9, Bo Barahona","Morovis","00687","Bo.Campanillas 1309 Villa Hostos","Toa Baja","00949","(787) 862-4205","(787) 579-2762","mpai2003@gmail.com",,"(787) 862-4205","(787) 862-4205","Wilfredo Alvarado Rodríguez","93"
"V 13-03","Universidad del Este","Carr. #129, Urb. Industrial Zeno Gandía Calle A lote A-1 Víctor Rojas","Arecibo","00612","PO BOX 3119","Arecibo","00612","(787) 257-7373","(787) 815-1275","mvelezr@suagm.edu","pamercado@suagm.edu","(787) 257-8841","(787) 257-8841","Dra. Mildred Huertas Solá","155"
"V 13-06","Runway Center Arts & Institute","Laguna Gardens Shopping Center #203","Carolina","00979","PO BOX 108","Dorado","00646","(787) 717-2229","78721-","runwaycenterartsinstitute@gmail.com","a.delgadoeventos@gmail.com","(787) 717-2229",,"Ángel E. Delgado Salgado","0"
"V 14-03","Professional Technical Institution, Inc.","Bo. La Aldea, Carr. 167, Km. 20.5, Calle Comerio Final","Bayamón","00960","PO BOX 4307","Bayamón","00957","(787) 740-6810","(787) 740-6810","pticollege@aol.com","pticollege@aol.com","(787) 798-5535","(787) 740-6810","Anna Sanfilippo","244"
"V 14-05","Modern Hairstyling Institute","Calle Betances #20 Esquina Degatau","Bayamón","00961","PO BOX 369","Bayamón","00960","(787) 778-0300","(787) 778-0300","e.lebron@modern.edu","dr.berrios@modern.edu","(787) 740-3980",,"Israel A. Berrios Tosses","305"
"V 14-07","Academia Viemar","Calle Martí # 8, Edif. Casa del Rey","San Juan","00936","PO BOX 366411","Bayamón","00961","(787) 269-7770","(787) 269-7770","aviemar@hotmail.com","mcmr220@gmail.com","(787) 269-7770","(787) 269-7770","Fanny Martínez de Viera","6"
"V 14-16","Quality Technical & Beauty College","Bo. Pueblo Carr. 167 Esq Calle Parque Local #10","Bayamón","00961","Barrio Pueblo Carr. 167 Esq Calle Parque Local #10","Bayamón","00961","(787) 740-7490","(787) 787-1809","trochee@prtc.net","rvenegas1212@gmail.com","(787) 785-4666","(787) 740-7490","Aracelis Gascot","68"
"V 14-18","Centro Nuevos Horizontes, Inc.","Urb. Lomas Verdes, Ave. Laurel 3 M-20","Bayamón","00959","Urbanización Alturas de Flamboyán, Calle 23 N-16","Bayamón","00959","(787) 269-1577","-0","nuevoshorizontesinc@gmail.com","kairuzmayte@gmail.com","-0",,"Mayte Kairuz Vélez, Directora Académica","84"
"V 14-29","American Educational College, Inc.","Calle Santa Cruz # 45","Bayamón","00960","PO BOX 62","Bayamón","00960","(787) 798-1199","(787) 798-2970","aec.bayamon@gmail.com","complianceoffice.amedco@gmail.com","(787) 798-1134",,"Joaquín E. González Pinto","63"
"V 14-33","Nova College de Puerto Rico, Inc.","Calle Dr. Veve #137, Bayamón Centro","Bayamón","00960","PO BOX  55016 Station # 1","Bayamón","00960","(787) 740-5030","(787) 740-5030","ismaelreyes52@gmail.com","exito@novacollegepr.com","(787) 778-0420",,"Ismael Reyes Morales","155"
"V 14-35","Automeca Technical College","Carr. PR# 2, Km 14.0, Esquina Calle Morales #1, Urb. Industrial Teresita, Bo. Hato Tejas","Bayamón","00960","PO BOX  8569","Bayamón","00960","(787) 779-6161","(787) 779-6162","cestrada@automeca.com","dfernandez@automeca.com","(787) 779-6200",,"Carmen Estrada","437"
"V 14-35.1","Automeca Technical College (Centro de Extensión)","Carr. 3 km 43.8 Bo Quebrada","Fajardo","00738","4229 calle marginal carr. #3","Fajardo","00738","(787) 468-2370","(787) 468-2372","rtorres@automeca.com","dfernandez@automeca.com","(787) 779-6200",,"Ruth Torres","144"
"V 14-38","Leston College, Inc.","Calle Dr. Veve # 52","Bayamón","00961","Calle Dr. Veve # 52, Altos","Bayamón","00961","(787) 787-9661","(787) 787-9661","lestonc@coqui.net","info@lestoncollege.com","(787) 779-0744","(787) 779-0744","Ruth M. De Jesus","112"
"V 14-38.1","Leston College, Centro de Extensión de Isabela","Calle Manuel Corchado Juarbe #60","Isabela","00662","Dr Veve # 52","Bayamón","00961","(787) 830-9191","(787) 830-9191","lestonc@coqui.net",,"(787) 830-9191",,"Andre Meléndez Concepción",
"V 14-41","World Training Academy","PR-2 KM 14.4 HATO TEJAS","Bayamón","00959","2185 Carretera #2","Bayamón","00960","87-7737","(787) 593-6640","info@worldtrainingacademy.com","ivelisse@ckvnailsystem.com","(787) 780-5931","(787) 740-7372","Harry Archilla Trinidad","145"
"V 14-42","Bayamón Community College","Calle Maceo # 17","Bayamón","00961","PO BOX 55176","Bayamón","00960","(787) 780-4242","(787) 780-4242","saadt@bccpr.org","rebeccaberrios@bccpr.org","(787) 778-7447",,"Tanus J. Saad Marrero","112"
"V 14-44","Dewey University","Carr. #2, Km. 15.9, Industrial Corujo, Edificio 2,3,5 y 6","Bayamón","00959","PO BOX 19538","San Juan","00910","(787) 778-1200","(787) 753-0039","director.bay@dewey.edu","lina.vega@dewey.edu","(787) 778-8451","(787) 764-6303","Yesenia Machuca","31"
"V 14-49","Universidad Interamericana de PR (Instituto Técnico)","Carr. 830, Dr. John Hill Harris #500","Bayamón","00957","Carr. 830, Dr. John Hill Harris #500","Bayamón","00957","(787) 279-1912","(787) 279-2220","lfreytes@bayamon.inter.edu","irodriguez@bayamon.inter.edu","(787) 279-2205","(787) 279-2220","Liza Freytes Hernández","224"
"V 14-50","MECH-TECH COLLEGE, LLC","Bo. Pájaros Carr. 167, Km. 18.9","Bayamón","00960","PO BOX 959","Bayamón","00960","(787) 744-1060","(787) 797-1147","edwincolon@mechtech.edu","ysierra@mechtech.edu","(787) 744-1035","(787) 797-1147","Eric Rivera","251"
"V 14-51","Universidad Metropolitana Escuela de Estudios Técnicos","Centro de Gobierno, Paseo del Parque, Carr. # 167, Esquina Santiago Veve, Edificio B","Bayamón","00960","PO BOX 278","Bayamón","00960","(787) 288-1100","(787) 766-1717","um_laponte@suagm.edu","livega@suagm.edu","(787) 288-1137","(787) 288-1100","Dr. Guillermo Vázquez Toro","227"
"V 14-55","Instituto Central","Ave. Zaya Verde, Urb. Extensión La Milagrosa, Hato Tejas","Bayamón","00960","PO BOX 1725","Bayamón","00960","(787) 786-3030","(787) 474-5555","ncolon@ucb.edu.pr","nnarvaez@ucb.edu.pr","(787) 625-5281","(787) 786-3030","Dra. Nidia Colón Quintana, Directora","0"
"V 14-58","American Technical Institute","Avenida Castiglioni U-27, Urb. Bayamón Gardens","Bayamón","00957","PO BOX 6901","Bayamon","00960","(787) 799-5060","(787) 799-5066","emilygomez777@gmail.com","egomezamtec@gmail.com","(787) 799-5066",,"Emily Gómez Galarza","111"
"V 14-62","Caribbean University","Carr. 167 Km. 21.2 Urb. Forest Hill","Bayamón","00963","PO BOX 493","Bayamón","00960","(787) 780-0070","(787) 780-0070","president@caribbean.edu","vpadilla@caribbean.edu","(787) 785-0101","(787) 780-0070","Mary I. Rivera Cintrón","68"
"V 14-66","D'College Corp.","Carr. # 2 K28.8","Vega Alta","00692","PO BOX 3285","Vega Alta","00692","(787) 527-3951","(787) 369-0806","dcollegecorporacion@gmail.com","delegantspa@icloud.com","(787) 527-3951","(787) 369-0806","Mirna Vargas Ruiz","0"
"V 14-67","Industrial Biotechnological Institute","Carr. 871, Esquina Expreso De Diego, Sector Volcán-Arenas (Facilidades Bayamón Military Academy)","Bayamón","00959","PO BOX 362259 Ciudad San Juan","San Juan","00923","(787) 619-5059","(787) 410-9194","caudales@gmail.com","caudales@gmail.com","(787) 998-8917",,"Rodulio Caudales cepero","14"
"V 14-68","D'Rose División Fotografía","Ave. Carlos Javier Andaluz 3D-34 (antes Ave. Nogal),Urb. Lomas Verdes","Bayamón","00959","Calle 6 K-2 Alturas del Rio","Bayamón","00959","(787) 798-0591","(787) 798-0591","info@eduardoperezstudio.com","eduardoperezstudio@gmail.com","(787) 798-0591","(787) 798-0591","Eduardo L. Pérez Rodríguez","5"
"V 14-71","Instituto de Banca y Comercio","Carr. #2, Km. 15.3, Bo. Hato Tejas","Bayamón","00959","2275 Carretera # 2, Km. 15.3, Barrio Hato Tejas","Bayamón","00959","(787) 522-4325","(787) 982-3000","wnegron6@ibancapr.com","mihernandez@ibancapr.com","(787) 522-4347","(787) 982-3080","Wigdalys Negron Colon","921"
"V 14-74","Puerto Rico Advance Institute, Corp","Calle Barbosa Núm. 14","Bayamón","00961","PO BOX 1371","Bayamón","00960","(787) 786-5566","(787) 786-5566","pradvance@prai21010.com","pradvance@prai2010.com","(787) 786-5566","(787) 786-5566","Anneris Albizu","26"
"V 14-75","CEM College","Calle Degetau  #15, #19, #21, #23, #25 y Calle Maceo Esquina Marti # 7","Bayamón","00961","Calle Degetau # 25","Bayamón","00961","(787) 780-8900","(787) 787-6000","mfeliciano@cemcollege.edu","jelopez@cemcollege.edu","(787) 798-2575",,"María R. Feliciano Colón","66"
"V 14-76","Instituto Educativo Correccional (IEC) Depto de Corrección y Rehabilitación del","Carr. 167 Bo. Juan Sánchez","Bayamón","00960","50 Carr. Unit #307-607073","Bayamón","00960","(787) 488-9800","(787) 786-2085","lomartinez@ac.pr.gov","loraine1172@gmail.com","(787) 488-9800",,"Loraine Martínez Adorno","30"
"V 14-77","Gypsum Board & Art Institute","Avenida Piñero #1434, Puerto Nuevo","San Juan","00922","PO BOX 1565","Toa Alta","00954","(787) 919-0075","(787) 919-0075","info@gypsumboardinstitute.com","info@gypsumboardinstitute.com","(787) 919-0075",,"Angel Díaz Santana","0"
"V 14-78","EDIC College","Corujo Industrial Park, Calle C #45 Carr. 2, km. 15.2","Bayamón","00961","PO BOX 9120","Caguas","00726","(787) 665-7910","(787) 704-1020","lramirez@ediccollege.edu","lramirez@edipcollege.edu","(787) 665-7910",,"Rommel Alfonseca","154"
"V 14-79","ITECH INSTITUTE","Calle Dr. Veve #117","Bayamón","00956","Apartado 791","Toa Baja","00951","(787) 645-0755","(787) 645-0755","itech_institute17@yahoo.com",,"(787) 645-0755",,"Maríam Dominguez","0"
"V 14-80","Puerto Rico Partners Institute","Calle Ferrer 18, Bayamón, Pueblo","Bayamón","00960","PO BOX 55211 Station One","Bayamón","00960","(787) 740-7979","(787) 740-7979","puertoricopartners@yahoo.com",,"(787) 740-7979",,"Angel J. Díaz Santana","20"
"V 16-05","Central College UNI","Carr. 159 Km 13.4 Frente a MC'Donald's","Corozal","00783","PO BOX 615","Corozal","00783","(787) 480-0808","(787) 802-0000","centralcollegeuni@gmail.com",,"(787) 483-0808","(787) 802-0000","Dr. Giuseppe Pandolfi de Rinaldis","15"
"V 17-03","Instituto Educativo Técnico Ocupacional Dorado (SAAPE)","Carr. #695, Km. 2.2, Bo. Higuillar, Sector Aldea","Dorado","00646","HC 33 Buzón 5133","Dorado","00646","(787) 796-2160","(787) 796-0999","MRNevarez@trabajo.pr.gov","echevarria942@gmail.com","(787) 796-2722",,"Miguel A. Rivera Nevárez","82"
"V 19-01","American Educational College","Calle Muñoz Rivera # 226 y #228","Toa Alta","00953","PO BOX 205","Bayamón","00960","(787) 870-2552","(787) 870-2026","aec.toaalta@gmail.com","complianceoffice.amedco@gmail.com","(787) 870-2026",,"Angel M. Marrero Calderon","26"
"V 20-01","Centro de Adiestramiento del Sistema Eléctrico","Carr. PR-165, Km, 31.8, Bo. Palo Seco","Toa Baja","00949","Autoridad de Energía Eléctrica, PO BOX 364267, Correo General","San Juan","00936","(787) 521-7240","(787) 521-7242","letty.lasanta@prepa.com","letty.lasanta@aeepr.com","(787) 521-7084","(787) 521-5755","Luis O. Cruz Ortega","1500"
"V 21-03","American Educational College, Inc.","Calle Muñoz Rivera #64","Vega Alta","00692","PO BOX 205","Bayamón","00960","(787) 883-1140","(787) 270-5267","aec.vegaalta@gmail.com","complianceoffice.amedco@gmail.com","(787) 883-1146",,"Ramiro Repollet Solivan","55"
"V 21-03.1","American Educational College, Inc. (Centro de Extensión Educativa)","Calle Muñoz Rivera #96","Ciales","00638","PO BOX 205","Bayamón","00960","(787) 874-0185","(787) 871-0185","aec.vegaalta@gmail.com","complianceoffice.amedco@gmail.com","(787) 871-0185","(787) 871-0185","Ramiro Repollet","51"
"V 21-04","D'Mart Institute, Inc.","Carr. #2, Km. 29.7, Centro Comercial Gran Caribe, Suite #98, Cinema Building Store #1, Bo. Espinosa","Vega Alta","00692","Centro Comercial Gran Caribe, Suite #98, Cinema Building Store #1, Barrio Espinosa","Vega Alta","00692","(787) 883-8180","(787) 263-0357","jvargas@dmartpr.com","arivera@dmartpr.com","(787) 263-1481","(787) 883-8180","Amarilis Rivera González","209"
"V 22-02","Globelle Technical Institute, Inc.","Urb. Monte Carlo, Marginal # 114, Carr. #2","Vega Baja","00693","136 calle trinitaria alianza Morovis","Morovis","00687","(787) 414-3047","(787) 414-3047","gloriaesther1949@gmail.com",,"(787) 414-3047",,"n/d","0"
"V 22-06","MECH-TECH COLLEGE, LLC","Bo. Pugnado Afuera, Sector Golpe Avisa, Carr. Núm. 155, Km. 65.7","Vega Baja","00694","PO BOX 4118","Vega Baja","00694","(787) 744-1060","(787) 807-0575","edwincolon@mechtech.edu","ysierra@mechtech.edu","(787) 744-1035","(787) 858-1540","Sr. Eric Rivera","449"
"V 24-04","Sign Language Services, Inc.","Calle Gerónimo Martínez # 2 Segundo Nievel","Aibonito","00705","HC 02 Box 8465","Aibonito","00705","(787) 324-9036","(787) 324-9036","anam_burgos@yahoo.com","anam_burgos@yahoo.com","(787) 324-9036",,"Ana Burgos","31"
"V 25-02","Colegio Mayor de Tecnología, Inc.","Calle Morse #87, #151 y #152, Norte, Bo. Cuatro Calles","Arroyo","00714","PO BOX 270","Arroyo","00714","(787) 839-5266","(787) 839-4066","m.vicente@cmtarroyo.com","a.rivera@cmtarroyo.com","(787) 839-0033","(787) 839-5266","Dr. Jaime A. Colón","441"
"V 26-03","D'Mart Institute, Inc.","Carr. 156 Km. 17.3 Bo. Honduras.","Barranquitas","00794","PO BOX 373517","Cayey","00737","(787) 857-6929","(787) 263-0353","jvargas@dmartpr.com","c.berrios@dmartpr.com","(787) 263-1481","(787) 857-6633","Carmen L. Berrios Rivera","193"
"V 26-04","Universidad Interamericana de Puerto Rico, Inc.","Carr. 156, Int. 719, Km. 0.2, Bo. Helechal","Barranquitas","00794","Apartado 517","Aibonito","00705","(787) 857-3600","(787) 857-6771","aserrano@br.inter.edu","mrodriguez@br.inter.edu","(787) 857-6771","(787) 857-2244","Juan A. Negrón Berríos","187"
"V 26-06","Barranquitas Job Corps","Carr. 152, Km. 3.0, Hm. 0, Bo. Quebradillas","Barranquitas","00794","PO BOX 68","Barranquitas","00794","(787) 857-5200","(787) 857-5555","cabrera.pedro@jobcorps.org","castro.brenda@jobcorps.org","(787) 857-7760","(787) 857-1577","Pedro L. Cabrera Ramos","154"
"V 27-05","Huertas  College","Calle Héctor R. Bunker #41 y #49","Caguas","00726","PO BOX 8429","Caguas","00726","(787) 746-1400","(787) 746-1400","mlopez@huertas.edu","rbonilla@huertas.edu","(787) 743-0203",,"Miguel Diaz Peña","146"
"V 27-07","Liceo de Arte, Diseño y Comercio","Calle José Julián Acosta 38,41, 42 y 49, Calle Jiménez Sicardó Núm. 49, Bo. Pueblo","Caguas","00726","PO BOX 1889","Caguas","00726","(787) 743-7447","(787) 743-7447","cabanchina@aol.com","director@liceocaguas.com","(787) 743-7446","(787) 743-7447","Carlos Martínez García","196"
"V 27-12","IVAEM College","14 Calle Intendente Ramírez","Caguas","00726","14 Calle Intendente Ramírez","Caguas","00725","(787) 743-5327","(787) 747-0530","finanzas@ivaempr.com","directora@ivaempr.com","(787) 258-1670",,"Carmen L. Amalbert Conde","67"
"V 27-20","MECH-TECH COLLEGE LLC","Calle # 39-40 Urb.Parque Industrial Oeste","Caguas","00726","PO BOX 6118","Caguas","00726","(787) 743-0484","(787) 744-1060","edwincolon@mechtech.edu","ysierra@mechtech.edu","(787) 744-1035",,"Isaias Rojas","572"
"V 27-26","Automeca Technical College","Calle Luis Muñoz Rivera # 69","Caguas","00725","Calle Luis Muñoz Rivera # 69","Caguas","00725","(787) 746-3429","(787) 746-3468","brivera@automeca.com","dfernandez@automeca.com","(787) 779-6200",,"Blanca Rivera Santiago","210"
"V 27-27","Columbia Central University","Carr. 183 Km. 1.7 Salida Caguas a San Lorenzo","Caguas","00725","PO BOX 8517","Caguas","00726","(787) 743-4041","(787) 258-1501","gserrano@columbiacentral.edu","cmrivera@columbiacentral.edu","(787) 744-7031","(787) 746-5616","Dra. Gladys Serrano Claudio, Rectora","21"
"V 27-30","EDIC College","Avenida Rafael Cordero, Calle Génova, Esq. #5, Urb. Caguas Norte (Centro Comercial Caguas Norte) y Plaza Centro Mall #200, Ave.","Caguas","00726","PO BOX 9120","Caguas","00726","(787) 744-8519","(787) 744-8519","amanzanal@ediccollege.edu","lramirez@ediccollege.edu","(787) 743-0855",,"Anamalie Manzanal","369"
"V 27-32","Instituto de Banca y Comercio (Recinto)","Carr. #1, Km. 33.7, Lote 3, Urb. Bairoa","Caguas","00726","PO BOX 1867","Caguas","00726","(787) 745-9525","(787) 653-1549","emartinez6@ibancapr.com","AAviles@nuc.edu","(787) 744-4760",,"Eliseo Martinez Perez","844"
"V 27-35","D.T. Caguas Technology College, Inc.","calle modesto sola #12","Caguas","00725","PO BOX 3054","Caguas","00726","(787) 703-2202","(787) 703-2202","detectives2010@gmail.com","ajrdetective@yahoo.com","(787) 746-3355",,"Eric Rivera","7"
"V 27-37","Global Institute","Angora Park Plaza, Bo. Pueblo, Ave. Luis Muñoz Marín, Esquina Calle Georgetti","Caguas","00725","PO BOX 361290","San Juan","00936","(787) 744-3010","(787) 744-3210","globalcaguas@yahoo.com","mmarrero@globalcaguas.com","(787) 744-3210",") -","Magali Marrero","173"
"V 27-44","Professional Carrer Training","Carr. 734, Km. 0.4, Centro Comercial Villa Del Carmen (Segundo Nivel), Bo. Sud","Cidra","00739","PO BOX 6768","Caguas","00725","(787) 661-6666","(787) 745-2559","pctlopez@msn.com","jaipalondra@yahoo.com","(787) 745-2559","(787) 745-2559","Tanya Gomez","0"
"V 27-46","Career Real Estate College, Inc.","Ave. Roosevelt 1105, Puerto Nuevo (Segunda Planta)","San Juan","00921","PO BOX 9617","Caguas","00926","(787) 975-7177","(787) 998-9888","info@crecollegepr.com","licenciadojulioortiz@yahoo.com","(789) 975-7177",,"Julio Ángel Ortiz Dávila","499"
"V 27-47","Myrangel Beauty Institute","Calle Gautier Benítez #26","Caguas","00725","Calle Muñoz Rivera, Núm. 57 Sur","San Lorenzo","00754","(787) 736-0435","(787) 736-0435","crbadillo@yahoo.com","crbadillo@yahoo.com","(787) 736-4140","(787) 736-0435","Carlos R. Badillo Hernández","122"
"V 27-48","PPG Technical College","Ave Sukura  Lote 6, Villa Blanca Industrial Park","Caguas","00726","PO BOX 3164","Caguas","00726","(787) 961-6832","(787) 743-6833","rmarcano@ppg.edu","vaponte@ppg.edu","(787) 743-6837",,"Ruth E. Marcano Rivera","112"
"V 27-50","Sonage Institute","Urb. Villa del Carmen Q-27, Ave. Luis Munoz Marín","Caguas","00725","Urb. Villa del Carmen Q-27, Ave. Luis Munoz Marín","Caguas","00725","(787) 743-1975","(787) 743-1975","sonageinstitute@yahoo.com","burtellam@yahoo.com","(787) 743-1975","(787) 743-1975","Anita M. Burtell Flores","16"
"V 27-52","Incube2","Calle Celis Aguilera #52 Casco Urbano","Caguas","00726","PO BOX 55","Caguas","00726","(787) 967-1050","(787) 610-5966","servicios@incube2.com","juancarlos@incube2.com","(800) 521-2962",,"Juan Carlos Rodriguez Correa","0"
"V 27-53","Job Connection Center, Inc.","Ave. Gautier Benítez Esq. Georgetti Edif. Gautier Benítez 2do nivel","Caguas","00725","PO BOX 930-0213","Sa Juan","00928","(787) 743-8164","(787) 767-9210","lacevedo@jobconnectioncenter.com","fortiz@jobconnectioncenter.com","(787) 743-8164","(787) 767-4689","César M. López Santos","16"
"V 28-03","Liberty Technical College","Carr. # 735 Km. 0.5, Bo. Beatriz, Sector Montellanos","Cayey","00737","PO BOX 371298","Cayey","00737","(787) 738-4828","(787) 738-4828","a_castrodad@libertytc.org","info@libertytc.org","(787) 738-4881","(787) 738-4828","Arturo Castrodad Rodriguez, Director Ejecutivo","86"
"V 28-06","Universidad del Turabo Centro Universitario Cayey","Edificio Plaza Empresarial, primer y tercer piso, 20 Ave. Antonio R. Barceló, Suite 107B","Cayey","00737","PO BOX 9000, Suite 281","Cayey","00737","(787) 743-7979","(787) 263-2177","keroche@suagm.edu","ut_mflores@suagm.edu","(787) 746-6860","(787) 263-2177","Juan Rosado","16"
"V 30-05","Carib Technological Institute, Inc.","Avenida Borinquen 2012","San Juan","00915","PMB 407, Calle 39 -1 VV-1, Urb. Santa JuanitaL","Bayamón","00956","(787) 798-9595","(787) 644-0512","luislafo717@gmail.com","luislafo717@gmail.com","(787) 798-9595","(787) 798-9597","Luis E. Lafontaine Montero","31"
"V 30-06","Universidad Metropolitana Escuela de Estudios Técnicos","Calle Georgetti #22, Carr. 156","Comerio","00782","PO BOX 1021","Comerio","00782","(787) 875-4150","(787) 875-4155","um_laponte@suagm.edu","livega@suagm.edu","(787) 875-4266","(787) 759-7663","Jessie Hernández","175"
"V 31-05","Universidad Interamericana de Puerto Rico, Recinto de Guayama","Carr. 744, Km. 1, Hm. 2, Bo. Machete","Guayama","00784","Call Box 10004","Guayama","00785","(787) 864-2222","(787) 864-5610","maria.aquiles@guayama.inter.edu","angela.dejesus@guayama.inter.edu","(787) 866-5006",,"Angela de Jesús Alicea, Rectora","41"
"V 31-08","Instituto de Banca y Comercio","Carr. #3 Km. 138.2  Edificio Iraola","Guayama","00784","RR-1 Box 6092","Guayama","00784","(787) 864-3220","(787) 686-1030","JaRivera@ibancapr.com","crosario3@ibancapr.com","(787) 864-4606","(787) 864-4606","Marisel Pagan Marchand","542"
"V 31-13","Instituto Tecnológico de Puerto Rico, Recinto de Guayama","Urb. Vives Calle Paseo del Pueblo #2","Guayama","00785","PO BOX 150","Guayama","00785","(787) 866-8522","(787) 866-8142","alvcollazo@yahoo.com",,"(787) 864-3350",,"Rafael Rivera Ortiz","0"
"V 32-02","Universidad del Turabo, Escuela de Estudios Técnicos","State Road 189, Km. 3.3","Gurabo","00778","PO BOX 3030","Gurabo","00778","(787) 743-7979","(787) 743-7979","keroche@suagm.edu","ut_mflores@suagm.edu","(787) 746-6860","(787) 743-7979","Maria Elena Flores Aponte","91"
"V 34-02","Myrangel Beauty Institute","Calle Muñoz Rivera, Núm. 57 y 100 Sur","San Lorenzo","00754","Calle Muñoz Rivera, Núm. 57 Sur","San Lorenzo","00754","(787) 736-0435","(787) 736-0435","crbadillo@yahoo.com","myrangel1@prtc.net","(787) 736-4991","(787) 736-3620","Myrna L. Laboy","105"
"V 34-03","Gavidia Fashion Institute.I.nc","Calle Luis Muñoz Rivera #155","San Lorenzo","00754","Calle Luis  Muñoz  Rivera #155","San Lorenzo","00754","(787) 736-3790","(787) 239-5634","gavidiafashion@hotmail.com","gavidiafashion@yahoo.com","(787) 715-2165",,"Amparo Gavidia Paz","11"
"V 49-02","Colegio Tecnológico y Comercial de Puerto Rico","165 Calle Paz Suite 2","Aguada","00602","PO BOX 960","Aguada","00602","(787) 868-2688","(787) 868-2673","ctcpr@prtc.net",,"(787) 868-2688","(787) 868-2673","Valentín Rivera Reyes","79"
"V 36-01","Puerto Rico Aviation Maintenance Institute","Antigua Base Naval Roosevelt Roads, Aeropuerto José Aponte de la Torre, Forrestal Drive, Esq. Langley Drive, Edif. 376","Ceiba","00735","PO BOX 422","Ceiba","00735","(787) 865-1300","(787) 773-6681","prami.ceiba@gmail.com","D36343@de.pr.gov","(787) 865-1300",,"Mario A. Massó Maldonado, Maestro Encargado","155"
"V 36-01.1","Puerto Rico Aviation Maintenance Institute (Centro de Extensión de Aguadilla)","Rafael Hernández International Airporting.Orlando Alarcon Ave. 576 Hangar Road","Aguadilla","00603","PO BOX 422","Ceiba","00735","(787) 865-1300","(787) 773-6681","prami.ceiba@gmail.com","massomm@de.pr.gov","(787) 865-1300",,"Mario A. Massó Maldonado, Maestro Encargado","0"
"V 37-04","Instituto de Banca y Comercio Recinto de Fajardo","Carr. #3, Km. 44.0, Calle Marginal, Bo. Quebrada Fajardo","Fajardo","00738","PO BOX 822","Fajardo","00961","(787) 860-6262","(787) 860-6262","jiperez@ibancapr.com","jalmodovar@ibancapr.com","(787) 860-6265","(787) 860-6262","Ann Coppin Miranda","310"
"V 37-06","Universidad Interamericana de Puerto Rico- Recinto de Fajardo","Calle Unión Batey Central, Carr. 195, Salida para el muelle de Vieques y Culebra","Fajardo","00738","Call Box 70003","Fajardo","00738","(787) 863-2390","(787) 860-2280","yolanda.ramos@fajardo.inter.edu","janys.garcia@fajardo.inter.edu","(787) 860-3470",,"Dr.Javier Martínez Ortiz, Rector","172"
"V 37-07","Modern Hairstyling Institute","#10 Oeste, Calle Dr. López (Primera y Segunda Planta)","Fajardo","00738","PO BOX 369","Bayamón","00960","(787) 778-0300","(787) 863-9911","e.lebron@modern.edu","dr.berrios@modern.edu","(787) 740-3980",,"Lenys Caraballo","85"
"V 37-09","Escuela Técnica de Electricidad","6 Calle Antonio R. Barceló","Fajardo","00738","6 Calle Antonio R. Barceló","Fajardo","00738","(787) 801-5555","(787) 801-5557","etefajardo@etepr.edu","smalvarado@etepr.edu","(787) 801-5557",,"Shala Alvarado Scott","56"
"V 37-11","Dewey University","Ave. General Valero #267","Fajardo","00738","PO BOX 19538","San Juan","00910","(787) 860-1212","(787) 753-0039","miguel.rivera@dewey.edu","miguel.rivera@dewey.edu","(787) 860-1245","(787) 860-1212","Elia Rosa","57"
"V 37-15","Northern Research & Training Institute","Calle Dr. López, Núm. 60, Esq. San Rafael","Fajardo","00738","185 Ave. F.D. Roosevelt, Suite 3D, San Juan","San Juan","00917","(787) 763-7113","(787) 692-7377","northerninstitute@prw.net","fuentesvalentin@prw.net","(787) 653-0050","(787) 763-7113","Dr. Luis Torres Luzunaris","0"
"V 38-03","Centro de Estudios Multidisciplinarios (CEM)","Calle Doctor Vidal # 8(Primera planta),Dr. Vidal  #6 (segunda planta), #52 Este (primera y segunda planta) y # 53, Esq. Masferr","Humacao","00791","Dr. Vidal # 8","Humacao","00791","(787) 850-8333","(787) 852-3750","hdavila@cemcollege.edu","davila.hectorm@gmail.com","(787) 850-7044","(787) 852-2530","Hector M. Davila Rivera","39"
"V 38-09","Humacao Community College","Calle Georgetti, Número 69 y Ave. Cruz Ortiz Stella #68, Esq. Calle Perla, Bo. Pueblo (Oficinas Administrativas y Salones)","Humacao","00792","PO BOX 9139","Humacao","00792","(787) 852-1430","(787) 285-2525","jmojica@hccpr.edu","bmorales@hccpr.edu","(787) 850-1577",,"Brenda L. Morales González","37"
"V 38-10","Industrial Technical College (Colegio Técnico Industrial)","Calle Francisco Vega #15,Dolores Cabrera #56,57","Humacao","00792","PO BOX 8480","Humacao","00792","(787) 656-8555","(787) 852-8806","itcollege@prtc.net","itcpr2003@yahoo.com","(787) 852-5501","(787) 852-8806","Jorge Dávila","118"
"V 38-10.1","Industrial Technical College (Centro de Extensión Educativa)","Calle Baldorioty No 44 Altos","Naguabo","00718","PO BOX 8480","Humacao","00791","(787) 906-4047","(787) 656-8555","naguabo@industrialtechnicalcollege.com","itcpr2003@yahoo.com","(787) 852-5501",,"RAFAELA RODRIGUEZ","26"
"V 38-13","Jessy Technical College","Urb. San Antonio A-8, Carr. PR-924, Bo. Pueblo","Humacao","00791","Urb. San Antonio A-8","Humacao","00791","(787) 449-7798","87-4779","jessytech1dia@gmail.com","jessytech1dia@gmail.com","(900) 000-0000","-0","Samuel Falcón","76"
"V 39-02","Centro de Desarrollo Educativo / CDE Development, Inc.","#7 Calle Teodomiro Delfaus","Juncos","00777","#7 Calle Teodomiro del Faus","Juncos","00777","(787) 946-0841","(787) 617-2281","cdedevelopmentinc@yahoo.com","edur_pr@yahoo.com","(787) 713-9999",,"Mirayda García Campagne","16"
"V 39-02.1","Centro de Desarrollo Educativo/CDE Development, Inc.","55 Rubianes, Ave. Severino Cuebas","Aguadilla","00603","#7 Calle Teodomiro del Faus","Juncos","00777","(787) 946-0841","(787) 617-2281","cdedevelopmentinc@yahoo.com",,"(787) 713-9999",,"Mirayda Garcia Campagne","0"
"V 39-02.2","Centro de Desarrollo Educativo / CDE Development, Inc. (Centro de Extensión -San Germán)","Carr. 2, Km. 170.3, Local 1, Edificio Pagán, Sector Hoconuco","San Germán","00683","#7 Calle Teodomiro del Faus","Juncos","00777","(787) 946-0841","(787) 617-2281","cdedevelopmentinc@yahoo.com","edur_pr@yahoo.com","(787) 713-9999",,"Mirayda García Campagne","0"
"V 39-02.3","Centro de Desarrollo Educativo / CDE Development, Inc. (Centro de Extensión Educativa)","Calle Santiago R Palmer #12","Mayagüez","00680","#7 Calle Teodomiro del Faus","Juncos","00777","(787) 617-2281","(787) 946-0841","cdedevelopmentinc@yahoo.com","edur_pr@yahoo.com","(787) 713-9999",,"Mirayda Garcia Campagne","0"
"V 40-02","Instituto de Las Piedras (AAFET)","Carr. 198, Km. 20.0, Bo. Ceiba","Las Piedras","00771","Num. 520 Ave. Constitución, Suite 1","San Juan","00901","(787) 733-5323","(787) 722-2190","mlvazquez@trabajo.pr.gov","mairaliz24@hotmail.com","(787) 733-7565",,"Carlos J. Saavedra Gutierrez","20"
"V 41-03","Politécnico Teresiano-Hermanas Carmelitas Teresas de San José, Inc.","Urb. Villas de Loíza, R-14, Calle 5, Bo. Canóvanas","Canóvanas","00729","PO BOX 868","Canóvanas","00729","(787) 886-2060","(787) 886-2007","hogaresteresatoda@yahoo.com","politecnicoteresiano@gmail.com","(787) 886-2075","(787) 886-2060","Lilliam Díaz, Directora","30"
"V 45-03","Monteclaro: Escuela de Hotelería y Artes Culinarias (Monteclaro: School of Hospitality and Culinary","Bo. Palmer, Carr. 955, Km. 4.6","Río Grande","00745","PO BOX 447, Palmer","Palmer","00721","(787) 888-1135","(787) 604-5982","mailbox@monteclaro.edu","agarcia@monteclaro.edu","-0",,"Wendy E. Maldonado Hayes","5"
"V 45-04","Puerto Rico Massage & Bodywork Institute, Inc.","Calle Loíza #2103, Local A, Urb. Ocean Park","San Juan","00911","Calle Loíza #2103,","San Juan","00911","(787) 728-0536","(787) 410-2450","ausuboazul@yahoo.com","ausuboazul@yahoo.com","(787) 410-2450",,"Carmen Rivera Batle","27"
"V 48-01","Centro Universitario de Yabucoa, Universidad Turabo; Escuela Estudios Técnicos Profesionales","Carr. PR 901, Km. 1.4, Bo. Juan Martín","Yabucoa","00767","PO BOX 25","Yabucoa","00767","(787) 266-2066","(787) 743-7979","keroche@suagm.edu","ut_mflores@suagm.edu","(787) 266-0250","(787) 746-6860","Glenda Bermúdez","70"
"V 49-04","Rosslyn Training Academy of Cosmetology, Inc.","Calle Paz # 213 (1er. y 2do. pisos)","Aguada","00602","Calle Paz # 213 (1er. y 2do. pisos)","Aguada","00602","(787) 868-2902","(787) 868-2902","rosslyntrainingacad@yahoo.com","rosslyntrainingacad@prtc.net","(787) 868-2902",,"Abraham Gonzalez","29"
"V 49-06","Colegio Técnico de Electricidad Galloza, Inc.","Carr. # 4416, Km. 2.0, Int. Bo. Piedras Blancas","Aguada","00602","HC 03 Box 32562","Aguada","00602","(787) 252-0922","(787) 938-6058","cteg99@gmail.com","rosriver99@gmail.com","-0",,"Héctor E. Galloza","27"
"V 49-07","Emma's Beauty Academy","Bo. Guanábano, Carr. #2 Interseccion Carr. # 417","Aguada","00602","PO BOX 2095","Mayaguez","00681","(787) 868-4711","(787) 868-4711","emmasbeautyacademy@yahoo.com","eba_mayaguez@coqui.net","(787) 252-0775",,"Sr. Carlos Ramos Camara, Rector","129"
"V 49-10","Escuela Comercial del Oeste, Inc.","Carr. 442, Km. 0.8, Interior, Bo. Espinal","Aguada","00602","Barrio Espinar #3, Sector Javier","Aguada","00602","(787) 368-4000","(787) 891-7808","mrvrealty18@gmail.com",,"(787) 891-7808",,"Juan Francisco Velázquez Cabán","5"
"V 50-01","Universal Technology College of Puerto Rico, Inc. (UNITEC)","Calle Comercio #111, #113 y  #39, Calle Betances #21, # 68 y #70 y Calle Progreso #8, 16 y #99","Aguadilla","00605","PO BOX 1955, Victoria Station","Aguadilla","00605","(787) 882-2065","(787) 882-2063","utcpresident@yahoo.com","directora_planificacion@unitecpr.net","(787) 891-2370",,"Profa. Keila López Rivera","113"
"V 50-03","Xtreme Career Institute","Calle José De Jesús Esteves #7","Aguadilla","00603","Calle José De Jesús Esteves #7","Aguadilla","00603","(787) 854-1119","(787) 854-1119","xtremecareer@gmail.com",,"(787) 854-1119","(787) 854-1119","Carmen Ocasio Padilla","0"
"V 50-07","Charlie's Guard Detective Bureau and Academy (Charlie's Academy)","Carr. 107 Km 3.1, Bo. Borinquen (Oficina Administrativa y Salones de Clases)","Aguadilla","00605","PO BOX 3087","Aguadilla","00605","(787) 882-7222","(787) 819-0829","mcorderoca@gmail.com","dediego@coqui.net","(787) 882-7233","(787) 882-7233","Leocadio Nieves Feliciano","56"
"V 50-10","Universidad Interamericana de Puerto Rico, Recinto de Aguadillla","Carr. 459, Km. 3.6, Bo. Corrales, Sector Calero","Aguadilla","00605","Apartado 20,000","Aguadilla","00605","(787) 891-0925","(787) 891-3450","eagesila@aguadilla.inter.edu","nramos@aguadilla.inter.edu","(787) 882-3020","(787) 882-6020","Dr. Elie A. Agésilas","148"
"V 50-13","Century College, Inc.","Calle Marginal Km 8.2 Carr. #2 jardines de Caparra","Bayamón","00959","Urb Sabanera 497 Camino Cambalache","Dorado","00907","(787) 786-6474","(787) 724-3017","centurycollege@msn.com","centurycollege@msn.com","(787) 946-3139","(787) 725-8633","Anna Sanfilippo","208"
"V 50-14","Automeca Technical College","Parque Industrial La Montaña, Calle B #932, Bo. La Montaña","Aguadilla","00605","PO BOX 4999","Aguadilla","00605","(787) 882-2828","(787) 882-2828","ocardona@automeca.com","dfernandez@automeca.com","(787) 779-6200","(787) 882-2828","Orlando Cardona Fernández","230"
"V 50-18","Universidad Metropolitana Escuela de Estudios Técnicos","Carr. Estatal Número 111, Km. 0.3","Aguadilla","00605","Apartado 70","Aguadilla","00605","(787) 882-7070","(787) 882-7070","um_laponte@suagm.edu","livega@suagm.edu","(787) 882-7105","(787) 759-7663","Prof. Luis A.  Ruiz Vargas","88"
"V 50-24","Ramey Job Corps","Belt Road, Edificio 760, Base Ramey","Aguadilla","00604","PO BOX 250463","Aguadilla","00604","(787) 890-2030","(787) 890-6507","cd.ramey@jobcorps.org","perez.joann@jobcorps.org","(787) 890-4749","(787) 890-7054","Osvaldo Ubiñas","159"
"V 50-25","Instituto de Aguadilla (NETO)","Ave. Ing. Alarcon esquina Arch dificio 605 y 609, Base Ramey","Aguadilla","00604","Apartado 250071, Ramey","Aguadilla","00604","(787) 890-2731","(787) 890-1430","tvalentin@trabajo.pr.gov","aafeteresa@gmail.com","(787) 890-2794",,"Teresa Valentin Rodriguez","59"
"V 50-27","Instituto de Banca y Comercio (Recinto de Aguadilla)","Carr. #2 KM 121.1 Bo. CAIMITAL ALTO","Aguadilla","00603","PO BOX 3963","Aguadilla","00605","(787) 891-4345","(787) 891-9403","mdelvalle@ibancapr.com",,"(787) 891-9406",,"MARILYN DEL VALLE QUILES","394"
"V 52-02","Universidad del Este","Bo. Miradero, Sector Conde Ávila, Carr. Número 100, Km. 4.8","Cabo Rojo","00623","Apartado 1159","Cabo Rojo","00623","(787) 255-2033","(787) 257-7373","mvelezr@suagm.edu","pamercado@suagm.edu","(787) 851-5775","(787) 257-8841","Mildred Huertas Solá","81"
"V 52-04","Instituto Vocacional Centro para el Desarrollo Educativo","Edificio Círculo de Recreo, Calle Dr. Veve #18, Esquina Calle Cruz","Mayagüez","00680","114 Jardines de Guanajibo","Mayagüez","00680","(787) 313-8666","(787) 313-8666","ccsiverio@yahoo.com",,"-0","(787) 313-8666","Heriberto Aponte Pachot","88"
"V 57-02","Mayaguez Institute of Technology","Calle Ramos Antonini (Este) #116","Mayagüez","00680","116 Calle Ramos Antonini E","Mayagüez","00638","(787) 833-2474","(787) 832-2774","mayaguezinstituteoftechnology@gmail.com","rafael.jimenez.1957@gmail.com","(787) 832-2774",,"Juan A. Orengo","73"
"V 57-03","MECH-TECH COLLEGE, LLC","Lote #43, Vía parque Industrial, Bo. Guanajibo","Mayagüez","00680","PO BOX 3121","Mayagüez","00681","(787) 744-1060","(787) 834-5225","edwincolon@mechtech.edu","ysierra@mechtech.edu","(787) 744-1035","(787) 832-8484","Julio Illanas","363"
"V 57-06","Emma's Beauty Academy","Calle Muñoz Rivera  Números 9, 10, 11 y 12 Oeste","Mayagüez","00681","PO BOX 2095","Mayagüez","00681","(787) 833-0980","(787) 833-2747","emmasbeautyacademy@yahoo.com","eba_mayaguez@coqui.net","(787) 833-0613",,"Sr. Carlos Ramos Cámara","172"
"V 57-11.0","Instituto de Banca y Comercio (Recinto)","75 Calle Tenerife, Carr. #2, Urb. Sultana","Mayagüez","00680","75 Calle Tenerife, Urb. Sultana","Mayagüez","00680","(787) 833-4647","(787) 833-4748","rrodriguez@ibancapr.com","blsanchez@ibancapr.com","(787) 833-4746","(787) 833-4746","Michael Bannett","549"
"V 57-12","Instituto Comercial de Puerto Rico Junior College (ICPR)","Calle La Candelaria # 80 Oeste y La Calle Candelaria #83 Oeste","Mayagüez","00680","PO BOX 1108","Mayagüez","00681","(787) 832-6000","(787) 832-6000","lvargas@icprjc.edu","sramirez@icprjc.edu","(787) 833-2237","(787) 832-6000","Sylvia Ramírez, Directora","26"
"V 57-20","MECH-TECH COLLEGE D.B.A. / Ramírez College","Lote #43 Via parque Industrial Bo. Guanajibo","Mayagüez","00680","PO BOX 3121","Mayagüez","00681","(787) 744-1060","(787) 834-5225","edwincolon@mechtech.edu","ysierra@mechtech.edu","(787) 744-1035","(787) 832-8484","Dr. Cesar Toro","0"
"V 57-23","Ponce Paramedical College, Inc.","Carr. Número 2, Avenida Hostos # 410, Km. 187.5, Bo. Sabalos (Hospital Ramón E. Betances:Advanced Cardiology Center)","Mayagüez","00680","PO BOX 800106","Coto Laurel","00780","(787) 831-5566","(787) 831-5566","wvelez1@popac.edu","rcruz@popac.edu","(787) 259-0169","(787) 831-5566","Carlos Torres _Director Asociado Interino","169"
"V 57-26","Escuela de Masajes RED","Calle Meditación #60 Altos","Mayagüez","00681","#60 Meditacion","Mayagüez","00681","(787) 832-7134","(787) 635-8772","yefrinred@gmail.com",,"(787) 832-7134",,"Yefrin Omar Rodríguez Escalón","2"
"V 57-27","Escuela Hotelera de San Juan - Mayaguez","Carr. 114, Km. 0.4, Solar B-14, Sector Western Industrial Park, Bo. Guanajibo","Mayagüez","00682","Edificio Rochelaise Center #35","Mayagüez","00682","(787) 806-4200","(787) 806-1345","apascual@escuelahotelera.com","mramos@escuelahotelera.edu","(787) 806-4200","(787) 759-7599","Marieva Ramos Acosta","382"
"V 57-28","Pontificia Universidad Católica de Puerto Rico, Recinto de Mayaguez","Calle Ramón Emeterio Betances  #482 Sur, Bo. Sábalos","Mayagüez","00681","PO BOX 1326","Mayagüez","00681","(787) 834-5151","(787) 834-5151","karen_morales@pucpr.edu","vperez@pucpr.edu","(787) 986-7026","(787) 831-8203","Olga Hernández de Patino","72"
"V 57-28.1","Pontificia Universidad Católica de PR - Centro Educativo de San Germán","Calle Hernández Álvarez, Bo. Pueblo","Mayagüez","00681","Apartado 1326","Mayagüez","00681","(787) 834-5151","(787) 834-5151","Karen_morales@pucpr.edu","vperez@pucpr.edu","(787) 986-7026","(787) 831-8203","Olga Hernández de Patiño",
"V 57-30","CEM COLLEGE","Calle Cristy #56","Mayagüez","00681","PO BOX 2982 Marina Station","Mayagüez","00681","(787) 986-7440","(787) 765-4210","cristina.rosado@cemcollege.edu","jcpagani@cemcollege.edu","(787) 986-7444","(787) 765-4210","Cristina Rosado Silva","23"
"V 57-31","World Training Academy, Inc.","Km 150.6 Carr. #2 Bo. Algarrobo","Mayagüez","00680","2185 Carretera #2","Bayamón","00960","(787) 805-0107","(787) 444-7769","info@worldtrainingacademy.com","hiram@worldtrainingacademy.com","(787) 805-0701",") -","HARRY ARCHILLA TRINIDAD","107"
"V 58-03","IBO Technology Course","Carr. #3 Km. 27.5 Bo Zarzal","Río Grande","00745","PO BOX 746","Rio Grande","00745","(787) 685-7939","(787) 896-5609","ibotcpr@gmail.com","ibodirector729@gmail.com","(787) 685-7939",,"Luis A. Vazquez Oquendo","136"
"V 58-09","Instituto de Banca y Comercio,  INC. Recinto de Moca","Carr. 111,  Km 4.5  Ave La Moca Bo. Pueblo","Moca","00676","145 Ave. La Moca","Moca","00676","(787) 818-0337","(787) 877-2292","htoro@ibancapr.com",,"(787) 877-2070",,"Hermit Toro Rodriguez","258"
"V 60-01","Academia Serrant, Inc.","Anbgel G. Martínez  #6","Sabana Grande","00637","# 8180 Calle Concordia","Ponce","00717","(787) 873-3900","(787) 873-3800","yanira@serrant.edu","hserrant@serrant.edu","(787) 842-4646","(787) 873-3800","Irma Garcia","61"
"V 61-04","Universidad Interamericana de Puerto Rico, Inc. Recinto de San Germán, InterTec","Carr. # 102, km 30.6, Avenida Universidad,  San Germán, PR","San Germán","00683","PO BOX 5100 InterTec","San Germán","00683","(787) 264-1940","(787) 264-1912","amojica@intersg.edu","milortiz@intersg.edu","(787) 264-1940","(787) 264-4448","Agnes Mojica, M.A., Rectora","422"
"V 61-05","Password Technical College","#14 Calle Carr.o, Suite 2 (antes Calle Ruíz Belvis # 9, Esquina Carr.o)","San Germán","00683","PO BOX 5000-462","San Germán","00683","(787) 892-7947","(787) 313-3315","jirizarry@passwordtech.org","jirizarry@passwordpr.com","(787) 476-7949","(787) 892-7947","Javier P. Irizarry Riveiro","20"
"V 61-07","Instituto Educativo Técnico Ocupacional Instituto San Germán","Carr. 102, Km. 37.9, Bo. Minillas","San Germán","00683","Urbanización Santa Elena Calle 1 A #5","Sabana Grande","00637","(787) 892-6180","(787) 892-4435","wruiz@trabajo.pr.gov","DPABON@trabajo.pr.gov","(787) 892-6180","(787) 892-4435","Wancy I Ruiz Montalvo","36"
"V 62-02.0","Educational Technical College (EDUTEC) SAN SEBASTIAN","Calle Hostos #20","San Sebastián","00685","PO BOX 360426","San Juan","00936","(787) 896-7655","(787) 280-6725","ysantiago@edutecpr.com","mcrodriguez@edutecpr.com","(787) 926-2828","(787) 780-8258","Yadira Santiago","89"
"V 62-02.1","Educational Technical College, Inc., [EDUTEC]  SATELITE LARES","Calle Ermita #1, Esquina Muñoz Rivera, Bo. Pueblo","Lares","00669","PO BOX 360426","San Juan","00936","(787) 897-4725","(787) 896-7655","ysantiago@edutecpr.com","mreyes@edutecpr.com","(787) 926-2828","(787) 780-8258","Yadira Santiago","65"
"V 62-07","IBO Technology Course","Carr. 111 Km 1.8 Bo. Bahomamey, San Sebastian","San Sebastián","00685","Calle Concepcion Vera # 500","Moca","00676","(787) 685-7939","(787) 685-7939","iboctpr@gmail.com",,"(787) 896-5609",,"Gilberto Acevedo Jiménez","116"
"V 64-04","Universidad del Este","Bo. Felicia II, Sector Jauca, Carr. PR #52, Carr. PR #153, Interior","Santa Isabel","00757","PO BOX 756","Santa Isabel","00757","(787) 845-3050","(787) 257-7373","mvelezr@suagm.edu","pamercado@suagm.edu","(787) 825-3660","(787) 257-8841","Dra. Mildred Huertas Solá","129"
"V 64-05","Educational Technical College (EDUTEC) COAMO,PR","CALLE RAMON POWER # 5","Coamo","00769","PO BOX 360426","San Juan","09360","(787) 825-0370","(787) 780-8234","mcolon@edutecpr.com",,"(787) 780-8258",,"Sra. Arleen Martinez","120"
"V 65-02.0","Instituto Especial para el Desarrollo Integral del Individuo, la Fam y la Com (IDIIFCO)","Calle # 4, Esquina D. Barriada Esperanza","Guánica","00653","PO BOX 1370","Guanica","00653","(787) 821-0546","(787) 569-7285","idiiscoguanica@yahoo.com","idiiscoguanica@hotmail.com","(787) 821-0546",,"Sor M. Julia Cintrón Espinell, O.P.","12"
"V 65-02.1","Instituto Especial para el Desarrollo Integral del Individuo, la Fam y la Com (IDIIFCO)","Bo. Santa Juanita, Sector Pozo Prieto Calle B","Guánica","00653","Apartado 1370","Guánica","00653","(787) 821-0546","(787) 569-7285","idiiscoguanica@hotmail.com","idiiscoguanica@hotmail.com","(787) 821-0546",,"Sor M. Julia Cintrón Espinell, O.P.","26"
"V 65-04","NETV- Departamento del Trabajo y Recursos Humanos","Carr.retera 116, Ramal 3116, Km. 3.5, Ave. Los Veteranos","Guánica","00647","Apartado 398, Ensenada","Guanica","00647","(787) 821-4150","(787) 821-5930","JBALAY@trabajo.pr.gov","elsrivera@trabajo.pr.gov","(787) 821-4150","(787) 821-4150","Sr. Jóse A, Balay Ruiz","57"
"V 67-04","Universidad Metropolitana Escuela de Estudios Técnicos","Calle Figueras #100","Jayuya","00664","PO BOX 1527","Jayuya","00664","(787) 828-1319","(787) 766-1717","um_laponte@suagm.edu","livega@suagm.edu","(787) 828-1445","(787) 753-5990","Dra. Irma del Pilar Cruz Montijo","22"
"V 68-03","Dewey University","Carr. #149, Km. 55.9, Bo. Lomas, Zona Industrial","Juana Díaz","00795","PO BOX 19538","San Juan","00910","(787) 260-1023","(787) 753-0039","georgina.solivan1@dewey.edu","miguel.rivera@dewey.edu","(787) 764-6303","(787) 260-1039","Sra. Georgina Soliván Quiles","54"
"V 70-02","Escuela Técnica de Electricidad, Inc.","Calle Villa # 190","Ponce","00730","Calle Villa # 190","Ponce","00730","(787) 843-3588","(787) 843-7100","eteponce@etepr.edu","jcolon@etepr.edu","(787) 841-1392","(787) 843-3588","Daniel Schultz Cruz","164"
"V 70-04","Academia Serrant, Inc.","Calle Concordia # 8180 y #8186, Calle Marina # 34 Esquina Aurora y Calle Comerio #55, Calle Méndez Vigo #7042, Suite 2 Altos","Ponce","00717","Calle Concordia #8180","Ponce","00717","(787) 259-4900","(787) 259-4241","yanira@serrant.edu","hserrant@serrant.edu","(787) 842-4646",,"Imelda Rivera","212"
"V 70-07","Ponce Paramedical College, Inc.","Urb Villa Flores, Calle Acacia #1213 y Calle Begonia #1703, University Plaza Building, Carr. #1, Núm. 37, Zona Industrial, Bo. S","Ponce","00716","PO BOX 800106","Coto Laurel","00780","(787) 848-1589","(787) 848-1589","wvelez1@popac.edu","rcruz@popac.edu","(787) 259-0169","(787) 848-1589","Myrna E Saldana","436"
"V 70-09","Emma's Beauty Academy","101 Carr. 592","Juana Díaz","00795","101 Carr. 592","Juana Diaz","00795","(787) 837-0303","(787) 837-0345","mct@prtc.net","iriscotto@live.com","(787) 837-0333","(787) 837-0303","Iris Cotto Dones - Directora","385"
"V 70-11","Instituto de Banca y Comercio (Recinto)","Calle FerroCarr.il Número 709, Esquina Concordia","Ponce","00732","PO BOX 7623","Ponce","00732","(787) 840-6119","(787) 840-6110","rmorales@ibancapr.com","gvazquez@ibancapr.com","(787) 840-0530",,"Sr. Raúl Morales Lozada","752"
"V 70-13","Universidad Interamericana de Puerto Rico","104 Turpeaux Ind. Park/Mercedita","Ponce","00715","Programa de Certificados Técnicos/104 Turpeaux Ind. Park/Mercedita","Ponce","00715","(787) 840-2094","(787) 955-5993","mavelez@ponce.inter.edu","jalvarez@ponce.inter.edu","(787) 284-1925","(787) 841-0102","Dra. Vilma E. Colón Acosta","253"
"V 70-15","Instituto de Comercio y Bienes Raíces","Calle Marina #9140, Edificio Ponciana, Suites 205 y 406","Ponce","00733","PO BOX 336771","Ponce","00717","(787) 840-4375","(787) 840-4375","candidomartinezschool@hotmail.com","candidomartinezschool@hotmail.com","(787) 840-4375","(787) 840-4375","Cándido Martínez Rodríguez","0"
"V 70-16","Inst for the Tech and Occup Careers, Inc. y/o Fashion Institute y/o Performing Arts Studio","Avenida Ponce de León Parada 23 1/2 Edif Cobian Plaza #1607 Local GM02","San Juan","00909","PO BOX 8681","San Juan","00910","(787) 268-2999","(787) 502-2816","ritacolon@hotmail.com","finanzas@sanjuanschoolpr.com","(787) 963-0826","(787) 982-7384","Rita Colón","209"
"V 70-18","Instituto Educativo Premier","Villa #123","Ponce","00730","Villa #123","Ponce","00730","(787) 843-1515","(787) 499-1515","rafaelvalladares1@live.com","rafaelvalladares1@live.com","(787) 843-3786",,"Bárbara I. Torres Viñolo","243"
"V 70-23","Centros Sor Isolina Ferré, Inc.","Parcelas Amalia Marin Calle Roberto Baracoa Collado Final # 4903","Ponce","00731","PO BOX 7313","Ponce","00732","(787) 842-0000","(787) 453-3010","jovenesyadultostabaiba@gmail.com","emuniz@csifpr.org","(787) 840-5020",,"José Luis Díaz Cotto","56"
"V 70-24","Automeca Technical College","Calle Villa # 452","Ponce","00728","PO BOX 7105, PMB 271","Ponce","00732","(787) 840-7880","(787) 840-7640","wisantiago@automeca.com","dfernandez@automeca.com","(787) 779-6200",,"Wigberto Santiago","264"
"V 70-27","Trinity College of Puerto Rico","Ave. Hostos # 834","Ponce","00716","PO BOX 7313","Ponce","00732","(787) 842-0000","(787) 848-5739","mpbonnin@trinitypr.edu","imedinam@csifpr.org","(787) 284-2537","(787) 840-5020","María del Pilar Bonnin Orozco","84"
"V 70-43","Beautech Express Academy","Calle Villa #137","Ponce","00730","Calle Villa #137","Ponce","00730","(787) 812-3117","(787) 842-7076","beautechxp@gmail.com","beautechxp@gmail.com","(787) 812-3117",,"Miriam Serrano Quiñones","17"
"V 70-47","Job Connection Center, Inc.","Calle Mayor Número 49","Ponce","00733","PO BOX 335120","Ponce","00733","(787) 848-1280","(787) 843-1144","lacevedo@jobconnectioncenter.com","oacevedo@jobconnectioncenter.com","(787) 843-1144","(787) 848-1280","Odette Acevedo","32"
"V 70-47.1","Job Connection Center, Inc. (Centro de Extensión Educativa)","Calle Font Martello Esq. Francisco Vega Núm. 45","Humacao","00791","PO BOX 335120","Ponce","00733","(787) 852-5195","(787) 848-1280","lacevedo@jobconnectioncenter.com","oacevedo@jobconnectioncenter.com","(787) 843-1144","(787) 767-4689","Jazmary Vega Alvarez","77"
"V 70-49","Universidad del Turabo Centro Universitario de Ponce: Escuela de Estudios Técnicos","Carr. PR 14, Km. 3.4, Bo. Machuelo","Ponce","00717","PO BOX 740, Mercedita","Ponce","00715","(787) 812-5001","(787) 743-7979","keroche@suagm.edu","ut_mflores@suag.edu","(787) 844-2383","(787) 743-7979","Sigfredo Morales","80"
"V 70-51","Golden Academy","Avenida Roosevelt #2844, Edificio Torres, Local 2, Suite #102","Ponce","00733","PO BOX 330206","Ponce","00733","(787) 844-6529","(787) 844-6529","dev_consultants@yahoo.com","dev_consultants@yahoo.com","(787) 843-0641","(787) 844-6529","Maria Del C. Sarraga","6"
"V 70-55","MECH-TECH COLLEGE, LLC","Carr. PR-2, Km. 220.1, Complejo Recreacional El Tuque","Ponce","00732","PO BOX 10430","Ponce","00732","(787) 744-1060","(787) 709-4440","edwincolon@mechtech.edu","ysierra@mechtech.edu","(787) 744-1035","(787) 709-4199","Julio Illanas","339"
"V 70-57","American Business and Technical College.","#85Calle Méndez Vigo, Esquina Guadalupe","Ponce","00730","PO BOX 8170","Ponce","00732","(787) 207-1577","(787) 207-1577","abtc.pr@hotmail.com","osvi-1@hotmail.com","(787) 284-7733","-0","Osvaldo Medina","10"
"V 70-60","Caribbean University-Centro de Ponce","Avenida La Ceiba 1015","Ponce","00732","PO BOX 7733","Ponce","00732","(787) 840-2955","(787) 780-0070","president@caribbean.edu","mvalle@caribbean.edu","(787) 785-0101","(787) 780-0070","Prof. Sonia Pacheco","0"
"V 70-61","Instituto Educativo de las Américas Inc.","Calle Torres #6143 Altos Plaza del Sol de Boriquen","Ponce","00717","PMB 317, #1575 Ave. Muñoz Rivera","Ponce","00717","(787) 843-8005","(787) 843-8005","iecdponce@gmail.com",,"(787) 843-8005",,"Héctor L. Vázquez Torres","12"
"V 70-62","North Point International Institute","Ave. Tito Castro #606 La Rambla Plaza Suite 119","Ponce","00780","PO BOX 801150","Ponce","00780","(787) 848-9898","(787) 848-9898","olugo@edunorthpoint.net","aristi@campussite.org","(787) 848-9898",,"n/d",
"V 74-02","Columbia Central University","Edificio Galeria Yaucana Calle Betances #3","Yauco","00698","PO BOX 3062","Yauco","00698","(787) 856-0845","(787) 856-0945","jmendez@columbiacentral.edu","crivera@columbiacentral.edu","(787) 267-0994","(787) 856-0945","Dra. Jannette Mendez","0"
"V 74-06","Universidad del Este","Calle Santo Domingo, Núm. 29 Final","Yauco","00698","Calle Santo Domingo Final #29","Yauco","00698","(787) 856-4852","(787) 257-7373","mvelezr@suagm.edu","pamercado@suagm.edu","(787) 257-8841","(787) 856-4852","Dra. Mildred Huertas Sola","184"
"V 74-10","Instituto de Banca y Comercio, Recinto de Yauco","Yauco Plaza 1 Shopping Center, Suite #48","Yauco","00698","Yauco Plaza Shopping Center, Suite #48","Yauco","00698","(787) 992-0237","(787) 221-5704","aroche@ibancapr.com","mkilgore@ibancapr.com","(787) 992-0240","(787) 992-0240","Sra. Awilda Roche Cruz, Directora","558"
"V 75-01","Richport Technical College","Carr. # 189, Km 6.0, Rincón Industrial Park","Gurabo","00778","HC 02 Box 12004","Gurabo","00778","(787) 712-4851","(787) 712-4645","hac02@coqui.net","hac01@coqui.net","(787) 712-6003","(787) 712-6003","Dr. Lester Colón de Vega","88"
"V 75-01.2","Richport Technical College (Centro de Extensión Educativa)","Carr. # 713, Km 1.5 Bo. Jobos, Sector Villodas","Guayama","00784","HC 02 Box 12004","Gurabo","00778","(787) 866-3597","(787) 712-4748","hac02@coqui.net","hac01@coqui.net","(787) 712-6003","(787) 712-6003","Dra. Lester Colón de Vega","0"
"V 75-04","Dewey University","Carr. PR # 3, Km. 11.1, Lote 3A , 7 y 8, Industrial Park","Carolina","00986","PO BOX 19538","San Juan","00910","(787) 769-1515","(787) 753-0039","director.car@dewey.edu","miguel.rivera@dewey.edu","(787) 769-1979","(787) 769-1579","Sra. Lourdes Soto Simonetti","72"
"V 75-06","Colegio de Cinematografía, Artes y Televisión (CCAT)","Calle Dr. Veve, # 51, Esq. Calle Degetau, Bayamón Pueblo","Bayamón","00960","PO BOX 10774","San Juan","00927","(787) 779-2500","(787) 798-6705","cgarcia@ccat.edu","mfeliciano@ccat.edu","(787) 995-2525",,"Harry J. Vázquez","174"
"V 75-06.1","Colegio de Cinematografía, Artes y Televisión (CCAT) (Centro de Extensión Educativa)","Calle Gautier Benítez Local 1-A Esquina Monseñor Berrios Bo. Pueblo","Caguas","00725","PO BOX 10774","San Juan","00927","(787) 653-7666","(787) 779-2500","cgarcia@ccat.edu","mfeliciano@ccat.edu","(787) 995-2525",,"Harry J. Vázquez","94"
"V 75-09","Modern Hairstyling Institute","Carr. 887 KM 0.9 BO MARTIN GONZALEZ VICTORIA PARK","Carolina","00985","PO BOX 369","Bayamón","00960","(787) 778-0300","(787) 752-8383","e.lebron@modern.edu","dr.berrios@modern.edu","(787) 740-3980",,"Antonia Santiago","226"
"V 75-15","Universidad del Este","Bo. Sabana Abajo, Carr. Número 190, Km. 1.8","Carolina","00984","PO BOX 2010","Carolina","00984","(787) 257-7373","(787) 751-1405","mvelezr@suagm.edu","pamercado@suagm.edu","(787) 257-8841","(787) 752-8749","Dra. Mildred Huertas Solá","278"
"V 75-20","Educational Computer Center","Calle 11, Núm. 33-1, Extensión Villa Carolina","Carolina","00985","PO BOX 8728, Plaza Carolina Station","Carolina","00988","(787) 776-7230","(787) 998-3723","laponte@eccpr.com","lourdesaponte@hotmail.com","(787) 998-3723","(787) 776-7230","Lourdes M. Aponte Rodríguez","41"
"V 75-27","Sulky Lugo, Servicios Profesionales de Bienes Raíces","Calle 401, Bloque 143 #4, Urb. Villa Carolina","Carolina","00985","PO BOX 3918","Carolina","00984","(787) 750-1333","(787) 750-1333","sulkylugo@gmail.com","academiasulkylugo@yahoo.com","(787) 776-1460",,"Severa Lugo Alarcón","0"
"V 75-32","International Hospitality Group, Inc.","Carr. 187, Km. 1.5, Ave. Boca de Cangrejos #7012, Isla Verde","Carolina","00979","Ave. Boca de Cangrejos # 7012, Isla Verde","Carolina","00979","(787) 791-7717","(787) 253-2378","svila@sjcourtyard.com","torregrosa.luis@gmail.com","(787) 791-7727",,"Luis Torregrosa","28"
"V 75-36","Sylvia Realty Instituto de Bienes Raíces","Urb. Villas de Cupey, Calle Platero B-1","San Juan","00926","PMB #105, 100 Gran Paseos Boulevard, Suite 112","San Juan","00926","(787) 292-1319","(787) 292-1319","instituto@sylviarealty.com","mstorres@sylviarealty.com","(787) 292-1319",,"Martha Sylvia Torres Nuñez","3"
"V 75-37","Caribbean Aviation Training Institute, Inc.","Ave. José A Santana, Ed. World Cargo, 2nd Floor, Base Muñiz Carolina, P.R. 00979","Carolina","00981","PO BOX 810300","Carolina","00981","(787) 253-2030","(787) 253-2030","jaimecruz.caribav.edu@gmail.com","e.figueroa@caribav.org","(787) 253-2030","(787) 253-2030","Jaime Cruz","83"
"V 75-37.1","Caribbean Aviation Training Institute - Extensión Educativa","Edificio VIP,Marriott Courtyard – Calle 4th Street esq Wings Road, West Parade #200 Base Ramey","Aguadilla","00603","PO BOX 81300","Carolina","00981","(787) 253-2030","(787) 243-6696","jaimecruz.caribav.edu@gmail.com","admin@caribav.org","(939) 337-5670",,"Ezra Figueroa Ríos & Jaime Cruz","38"
"V 75-39","The Learning Zone Institute","Calle Dr. Fernandez # 203","Trujillo Alto","00977","PO. Box 1496","Trujillo Alto","00977","(787) 529-2291","(787) 668-7800","educatepr@educatepr.com","earubio@gmail.com","(787) 761-8171","(787) 761-8171","José A. Cruz Ortiz","0"
"V 75-40","Instituto de Banca y Comercio (Recinto Carolina)","Ave. 65 Infantería, Km. 5.4. Bo. Sabana Llana","San Juan","00983","Edificio Royal Motors, Ave. 65 Infantería","San Juan","00983","(787) 522-2300","(787) 522-2300","aaviles@nuc.edu","jtorres19@nuc.edu","(787) 522-2323","(787) 522-2300","José Torres González","777"
"V 75-43","World Training Academy, Inc.","Calle Infante 618, Urb. Extension El Comandante","Carolina","00985","2185 Carretera #2","Bayamón","00960","(787) 276-6686","(787) 593-6677","info@worldtrainingacademy.com","ivelisse@ckvnailsystem.com","(787) 257-8294",,"Harry Archilla Trinidad","175"
"V 75-44","EDIC College","Victoria Industrial Park, Edificio #1, Carr. 887 km. 0.8","Carolina","00979","PO BOX 9120","Caguas","00926","(787) 701-5100","(787) 744-8519","rrflores@ediccollege.edu","lramirez@ediccollege.edu","(787) 276-8512",,"Ricardo Flores","226"
"V 75-45","NUC IBC Institute Centros de Extensión Los Colobos","Carr. PR # 3 KM 13.8 Lote 3-A Bo. Canovanillas, Los Colobos","Carolina","00987","750 Carr. PR # 3 KM 13.8, Los Colobos, Carolina","Carolina","00987","(787) 876-7819","(787) 876-7819","aaviles@nuc.edu","anthrodriguez@ibancapr.com","(787) 256-3254","(787) 253-3254","Anthony Rodriguez Díaz","533"
"V 75-46","Caribbean University-Centro de Carolina","Calle San Ignacio Arzuaga #106","Carolina","00984","PO BOX 4760","Carolina","00984","(787) 769-0007","(787) 780-0070","president@caribbean.edu","mvalle@caribbean.edu","(787) 785-0101","(787) 780-0070","Prof. Melba Martinez Gonzalez","0"
"V 76-05","Cambridge Technical Institute","Ave. Ponce de Leon 1058","San Juan","00925","PO BOX 373517","Cayey","00737","(787) 792-5950","(787) 263-0353","arivera@cti.edu","jvargas@dmartpr.com","(787) 263-1481",,"Amarilis Rivera Gonzalez","116"
"V 77-01","CEM College","Urb. San Agustín, Calle 13, #1206, #1207,#1208 y Avenida 65th Infantería","San Juan","00926","PO BOX 191317","San Juan","00919-1317","(787) 765-4210","(787) 765-4210","brenda.colon@cemcollege.edu","brenda.colon@cemcollege.edu","(787) 765-4277","(787) 765-1660","Brenda Colón Santos","79"
"V 77-06","Liceo de Arte y Tecnología","405 Ave. Ponce de León","San Juan","00917","PO BOX 192346","San Juan","00919-2346","(787) 999-2473","(787) 999-2473","gmanzanal@liceopr.com","miguel@liceo.edu","(787) 754-8234","(787) 765-7210","José A. Rodríguez Samalot","844"
"V 77-18","Instituto Comercial de Puerto Rico, Inc.","Ave. Muñoz Rivera # 558","San Juan","00919","PO BOX 190304","San Juan","00919","(787) 753-6000","(787) 763-1010","mrivera@icprjc.edu","lvargas@icprjc.edu","(787) 763-7249","(787) 624-3416","María de los M. Rivera Cancel","50"
"V 77-18.1","Instituto Comercial de Puerto Rico Junior College, Inc. (ICPR) (Centro de Extensión Educativa)","Carr. #5, Esquina Bobby Capó, Suite A-101 y A-102, Tren Urbano","San Juan","00919","PO BOX 55438 Station 1","Bayamón","00960","(787) 523-6000","(787) 723-6000","srijos@icprjc.edu","lvargas@icprjc.edu","(787) 523-6049","(787) 723-6000","Sandra Rijos Pérez","130"
"V 77-25","Escuela Hotelera de San Juan","Calle Guayama, Núm. 229","San Juan","00917","Calle Guayama, Núm. 229","San Juan","00917","(787) 759-7599","(787) 766-0606","rmaldonado@escuelahotelera.edu","apascual@escuelahotelera.edu","(787) 281-6855","(787) 281-6855","Ramón Maldonado Ortiz","619"
"V 77-31","Workforce Training & Employment Center, Inc.","Marginal 65 de Infantería #11, Urb. San Agustín","San Juan","00925","Calle Olmo 501 Apt 210  Highland Park Apartments","San Juan","00924","(787) 587-5036","87-5503","WOTECPR@AOL.COM","WOTECPR@AOL.COM","(787) 587-5036",") -","Rosa Julia Orama","25"
"V 77-33","Colegio Universitario de San Juan","180 Calle José Oliver,  esquina avenida Calaf, Hato Rey","San Juan","00918","180 Ave. José Oliver Final","San Juan","00918","(787) 480-2371","(787) 480-2450","pgelpi@sanjuanciudadpatria.com","hzayas@cunisanjuan.edu","(787) 250-7395","(787) 753-5649","Dra. Phaedra Gelpi Rodríguez, Rectora Interina","62"
"V 77-37","Aerobic Training International","Edificio YMCA Segundo Piso Santurce, Parada 26","San Juan","00919","PO BOX 192794","San Juan","00926","(787) 635-4034","(787) 717-4357","mendiza@yahoo.com",,"(787) 763-5434","(787) 763-5434","María Teresa Mendizábal Barreda","0"
"V 77-39","Escuela de Tecnología y Asistente Dental de PR, Inc, San Juan","#518 Calle Teniente César González Urbanización Roosevelt","San Juan","00918","PO BOX 366515","San Juan","00936","(782) 250-8938","(939) 639-3639","escuelatecnologiayasistdentalpr@yahoo.com",,"(787) 250-8938",,"Ana Hilda Viera Carrrasquillo","4"
"V 77-40","Meaux Real Estate Education","Urb Tres Monjitas, Calle Federico Costa #170","San Juan","00918","Ext San Agustin, Calle 3 #1221","San Juan","00926","(787) 717-5353","(787) 789-9827","meauxlaw@gmail.com",,"-0",,"Gerardo G. Meaux Pereda","0"
"V 78-09","Instituto de Banca y Comercio (Recinto)","Ave. Ponce de León # 61","San Juan","00917","# 61 Ave. Ponce de León","San Juan","00917","(787) 754-7120","(787) 754-7120","nrosario2@ibancapr.com","rreyes2@ibancapr.com","(787) 754-7143","(787) 982-3040","Nayda M. Rosario Gonzalez","560"
"V 78-14","Caribbean Forensic and Technical College, Inc","Paseo de Diego 5, Piso 2 y 3 (Altos Ferreteria Lopez)","San Juan","00925","PO BOX 190793","San Juan","00919","(787) 759-6995","(787) 751-6961","imerca@coqui.net","imerca@icloud.com","(787) 751-6961",,"Ruben Diaz De Leon","69"
"V 78-15","Universidad Interamericana de Puerto Rico (Recinto Metropolitano): Programa de Certificados","Calle Eleanor Roosevelt # 118","San Juan","00919","PO BOX 191293","San Juan","00919","(787) 620-2047","(787) 250-1912","mwayland@metro.inter.edu","mjcarlos@metro.inter.edu","(787) 250-0742","(787) 250-1912","Marilina Wayland, Rectora","213"
"V 78-16","Modern Hairstyling Institute","Carr. # 2 Km 80.1 Marginal, Vista Azul Shopping Center","Arecibo","00612","PO BOX 369","Bayamón","00961","(787) 778-0300","(787) 817-3906","e.lebron@modern.edu","dr.berrios@modern.edu","(787) 740-3980","(787) 740-3980","Annie Rodriguez","85"
"V 78-21","Northern Research & Training Institute","Ave. Franklin Delano Roosevelt # 185, Roosevelt Plaza, Suite 3D","San Juan","00917","Ave. Franklin Delano Roosevelt # 185, Roosevelt Plaza, Suite 3D","San Juan","00917","(787) 763-7113","(787) 763-7113","fuentesvalentin@prw.net","northerninstitute@prw.net","(787) 653-0050","(787) 763-7113","Angel A. Fuentes Valentín","0"
"V 78-23","San Juan Board of Realtors","Calle Celestial # 2030, Urb. Los Angeles","Carolina","00979","Calle Celestial # 2030, Urb. Los Angeles","Carolina","00979","(787) 751-2073","-0","sanjuanboard@gmail.com",,"(787) 751-2073",,"Maribelle Rivera","0"
"V 78-27","Educational Technical College, Inc., [EDUTEC] BAYAMON","#1685, Carr. #2, Km. 11.2","Bayamón","00959","#1685, Carretera #2, Km. 11.2","Bayamón","00959","(787) 780-8234","(787) 780-8255","jferrer@edutecpr.com","mreyes@edutecpr.com","(787) 780-8258","(787) 780-8234","Carmen T. Ramírez Directora Ejecutiva","265"
"V 78-30","Universidad Metropolitana Escuela de Estudios Técnicos","1399 Ave. Ana G. Méndez","San Juan","00926","PO BOX 21150","Puerto Rico","00928","(787) 766-1717","(787) 751-0178","um_laponte@suagm.edu","livega@suagm.edu","(787) 759-7663","(787) 753-5990","Dr. Carlos M. Padín Bibiloni","464"
"V 78-32","Centro Sor Isolina Ferré-Caimito","Carr. #842, Km. 1.9, Camino Los Romeros, Caimito Bajo","San Juan","00926","RR 6, Buzón 9541","San Juan","00926","(787) 842-0000","(787) 316-0163","mlopez@csifpr.org","wrivera@csifpr.org","(787) 272-3390",,"José Luis Diaz Cotto","0"
"V 78-34","International Technical College","Calle Loaiza Cordero # 104, Urb. El Vedado","San Juan","00918","Calle Loaiza Cordero # 104, Urb. El Vedado","San Juan","00918","(787) 767-8389","(787) 767-8389","liza@intecpr.com","registro@intecpr.com","(787) 765-9593","(787) 767-8389","Liza Hernández Cortiella, Presidenta","86"
"V 78-40","Neo-Esthetique European Institute","Urb. El Señorial, Ave. Winston Churchill 305 &307","San Juan","00926","El Señorial Mail Station # 310","San Juan","00926","(787) 748-0020","(787) 283-6529","anzalota@gmail.com",,"(787) 283-6529",,"Dr. Benigno Gonzalez Anzalota","136"
"V 78-47","Job Connection Center, Inc.","Edificio Betancourt, Calle Vallejo, Esquina  Arizmendi #1121","San Juan","00928","PO BOX 930-0213","San Juan","00928","(787) 767-9211","(787) 767-9210","lacevedo@jobconnectioncenter.com","foritz@jobconnectioncenter.com","(787) 767-4689","(787) 767-9211","César M. López Santos","50"
"V 78-48","Escuela Técnica de Electircidad, Inc.","Avenida Campo Rico #767, Urb. Country Club","San Juan","00924","PO BOX 29743, Estación 65 de Infantería","Rio Piedras","00924","(787) 750-1020","(787) 752-5500","www.eteriopi@prtc.net","eperez@etepr.edu","(787) 750-0990","(787) 750-1020","Edna Pérez García","95"
"V 78-52","One Stop Training Center, Inc.","#839, Local 5, Calle Añasco, Condominio Plaza Universidad 2000","San Juan","00925","#839, Local 5, Calle Añasco, Condominio Plaza Universidad 2000","Rio Piedras","00928","(787) 765-3235","(787) 296-1785","onestoppr@yahoo.com","onestop.sccarmen@gmail.com","(787) 767-5695",,"Lucy Torres",
"V 78-54","Instituto de Educación y Tecnología, Inc.","Ave. Pedro Albizus Campos Int. 744 Bo. Machete,","Guayama","00784","PO BOX 21024","San Juan","00928","(787) 707-8472","(787) 707-7963","lmuriente@ietpr.com","josegrana@aol.com","(787) 793-9876","(787) 707-8472","José M. Muriente","16"
"V 78-55","Arts and Crafts Technological Institute","Calle Segarra #330 Marginal Ave. Kennedy Urbanización Industrial Bechara","San Juan","00920","PO BOX 11594","San Juan","00922","(787) 793-6201","(787) 793-6202","jose@newportsales.com","gmarrero.nps@gmail.com","(787) 793-8630",,"José Alfonso Vélez Seijo","0"
"V 78-56","APFI Fitness Center Education","Avenida Ponce de Leon, 560 Hato Rey","San Juan","00918","PO BOX 260121","San Juan","00926","(787) 643-3493","(787) 643-3493","apfieducation@gmail.com",,"(787) 643-3493",,"Sandra L Espinosa Muñoz","20"
"V 79-01","Antilles School of Technical Careers","Calle Cayey #1911, Esquina William Jones","San Juan","00909","PO BOX 191536","San Juan","00919","(787) 268-2244","(787) 268-2247","lupe.milan@antillespr.edu","marianela.vazquez@antillespr.edu","(787) 268-1873",,"Marianela Vazquez, Directora Academica","340"
"V 79-03","Isla Grande Flying School & Service Corp.","Aeropuerto Isla Grande, Sector Miramar","San Juan","00907","Apartado 192343","San Juan","00919","(787) 722-1160","(787) 725-5760","igfsserv@prtc.net","nreyes.igfs@gmail.com","(787) 722-5611",,"Carlos E. Torres Reyes","51"
"V 79-11","Politécnico Amigó, Inc.","Calle Refugio # 960, Miramar","San Juan","00907","PO BOX 13204","San Juan","00908","(787) 725-2059","(787) 722-3436","peosoriocarmona@gmail.com","yaritzasimons@yahoo.com","(787) 722-3436","(787) 725-2059","Pablo Osorio Carmona","42"
"V 79-13","Century College, Inc.","Ave. Ponce de León #1316, Esquina Hipódromo","San Juan","00907","Urb Sabanera 497 Camino Cambalache","San Juan","00907","(787) 724-3017","(787) 724-3017","centurycollege@msn.com","centurycollege@msn.com","(787) 725-8633","(787) 646-3139","Anna Sanfilippo","178"
"V 79-16","José R. Faría Real Estate Institute","Galería Paseos Mall, 100 Ave. Gran Boulevard, Suite G-05","San Juan","00926","Galería Paseos Mall, 100 Gran Boulevard, Suite G-05","San Juan","00926","(787) 293-4999","(787) 293-4999","info@joserfaria.com","jrfrealestate@gmail.com","(787) 293-4999","(787) 293-4999","José R. Faría Collazo","59"
"V 79-20","Reality Institute of Real Estate (REIRE)","1253 Fernández Juncos","San Juan","00907","11138 Fernandez Juncos Station","San Juan","00910","(787) 745-8777","(787) 225-0404","torresr@realityrealtypr.com","reitorres@reitorres.com","(787) 745-3289",,"Iván Zavala Steidel","19"
"V 79-22","JLMA Learning Center, Corp.","Edif. Original COSVI Ave. Américo Miranda #400 4to Piso","San Juan","00927","600 Blvd. de la Montaña Apt. 460","San Juan","00926","(787) 272-0990","(787) 272-0990","info@learningcenterpr.com","info@examencpa.com","(787) 272-0515",,"Olga Patricia Londoño","67"
"V 79-24","Instituto Nacional de Negocios","Carr. PR 53 Int 90 Km 1.5 Barri Playa Sector Ciudad Educativa","Yabucoa","00767","PO BOX 270-426","San Juan","00928","(787) 214-7355","(787) 214-7355","jusino@jusino.com",,"(787) 266-3881",,"José P. Jusino Marrero","0"
"V 79-26","Escuela de Artes Místicas","1022 Ave. Ashford ,Esq. C., Barranquitas, Bo. Condado","San Juan","00907","1022 Ave. Ashford ,Suite 3, Condado","San Juan","00907","(787) 725-5888","(787) 461-6080","yakeen@artesmisticas.com","shanti@artesmisticas.com","(787) 725-5888","(787) 725-5888","Lydia Zoraida Barreto Ramos","28"
"V 79-32","North Eastern Technical Institute","Ave. de Diego #61 Suite 2-A","San Juan","00911","PO BOX 3415","Carolina","00984","(787) 523-6511","(787) 308-1902","mperez@northeastern-pr.com","migueleperez@aol.com","(787) 726-1975",") -","Miguel E. Pérez Díaz","0"
"V 79-33","Medfit (Medical Fitness and Entrepreneurs Institute)","Ave. Jesús T. Pinero 1646","San Juan","00920","Ave. Jesús T. Pinero 1646","San Juan","00921","(787) 771-3990","(939) 717-3023","medfitpr@gmail.com","cuerpodefinidopr@gmail.com","-0",,"Frank A. Cabrera Peña","5"
"V 79-35","Institute of Beauty Careers - Recinto de San Juan","904 Ave Ponce de León Miramar","Arecibo","00613","PO BOX 809","San Juan","00613","(787) 725-5566","(787) 725-5566","majosue@yahoo.com","registeribc@yahoo.com","(787) 725-5566",,"Roberto Montano","17"
"V 79-36","Advantage Technical College","Ave. Ponce de León #818 Miramar","San Juan","00901","PO BOX 16262","San Juan","00908","(787) 908-1000","(787) 908-1000","marisableramos@gmail.com","adtec.registro@gmail.com","(787) 908-1000",,"Marisabel Ramos","0"
"V 80-05","Dewey University","Ave. Barbosa # 425 y # 427","San Juan","00910","PO BOX 19538","San Juan","00910","(787) 753-0039","(787) 753-0039","director.htr@dewey.edu","miguel.rivera@dewey.edu","(787) 764-6303","(787) 764-6527","Miguel Ángel Rivera","0"
"V 80-12","Carlota Alfaro College, Inc.","1750 Calle Loíza","San Juan","00911","1750 Calle Loíza","San Juan","00911","(787) 728-0613","(787) 728-0613","carlotalfaro@gmail.com","carlotalfaro@gmail.com","(787) 728-0613","(787) 728-0613","Carlos Benitez Perez","242"
"V 80-14","Escuela de Diseño Lisa Thon","Ave. Muñoz Rivera #992, Suite 1","San Juan","00927","Ave. Muñoz Rivera #992, Suite 1","San Juan","00927","(787) 296-0777","(787) 296-1701","info@centromodalisathon.com","lisathonpr@gmail.com","(787) 296-1703",,"Jorge E. Franceschi Rodríguez","100"
"V 80-18","Centro de Adiestramiento de Distribución Eléctrica","Carr. 165, Km. 31.8, Bo. Palo Seco","Toa Baja","00949","PO BOX 364267, Correo General","San Juan","00936","(787) 521-3092","(787) 521-3097","bfontanez10307@aeepr.com","JPEREZ13445@aeepr.com","(787) 521-3098",,"Brian Fontánez Astor","0"
"V 80-18.1","Centro de Adiestramiento de Distribución Eléctrica (Centro de Extensión Educativa)","Carr. 149 km 5.9 Fuerte Allen","Juana Díaz","00795","PO BOX 364267","San Juan","00936","(787) 521-3091","(787) 521-3092","bfontanez10307@aeepr.com","JPEREZ13445@AEEPR.COM","(787) 521-3098",,"Brian Fontánez Astor","0"
"V 80-21","PROFESSIONAL JEWELRY & ARTS SCHOOL CORP.","302 CALLE SAN FRANCISCO PISO 1","San Juan","00901","302 CALLE SAN FRANCISCO PISO 1","San Juan","00901","(787) 342-7171","(787) 727-3495","jaspr@live.com","jaspr@live.com","(787) 727-3495","(787) 727-3495","Jesús Ocampo Rincón","23"
"V 80-24","Luis Nieves Institute of Real Estate Finance & Law","Calle Jose R. Carazo #74","Guaynabo","00969","PO BOX 190080","Guaynabo","00969","(787) 486-5858","(787) 615-5858","luisnievesinstitute@gmail.com","luisnievespr@gmail.com","(787) 283-6779",,"María Ramírez","97"
"V 80-26","High Alternative Education","Ave. Fernández Juncos #1851 Parada 26 calle Jordán","San Juan","00909","Ave. Fernández Juncos #1851","San Juan","00909","(787) 727-8877","(787) 727-8899","aahaeducation@gmail.com","b_alemany1@hotmail.com","(787) 727-8899",,"Betzaida Aimeé Alemañy Vélez","11"
"V 80-27","Caribbean Technical Institute, Inc.","Calle Boulevard Complejo Arrevica 3 ra Ext. Villa Carolina","Carolina","00984","PMB 190, PO BOX 6022","Carolina","00984","(787) 614-8238","(787) 614-8638","caribbeantechnicalinstitute@yahoo.com","secretservices1@yahoo.com","(863) 313-3017","(863) 313-3017","Francisco J. Millan Rodríguez","15"
