"stamp","created_at","reason","residency","language"
"6967","2015-06-07T12:50:38.000","Otros...","PR.BC, PR","spanish"
"6966","2015-06-07T12:50:00.000","Otros...","PR.LZ, PR","spanish"
"6965","2015-06-07T12:49:51.000","Empleo","PR.PO, PR","spanish"
"6964","2015-06-07T12:49:07.000","Empleo","PR.CG, PR","spanish"
"6963","2015-06-07T12:47:57.000","Otros...","PR.VB, PR","spanish"
"6962","2015-06-07T12:46:00.000","Empleo","PR.SJ, PR","spanish"
"6961","2015-06-07T12:43:03.000","Vivienda","PR.TB, PR","spanish"
"6960","2015-06-07T12:34:59.000","Empleo","PR.BC, PR","spanish"
"6959","2015-06-07T12:32:13.000","Empleo","PR.GB, PR","spanish"
"6958","2015-06-07T12:31:42.000","Empleo","PR.QB, PR","spanish"
"6957","2015-06-07T12:31:34.000","Estudios","PR.CD, PR","spanish"
"6956","2015-06-07T12:30:31.000","Vivienda","PR.BC, PR","spanish"
"6955","2015-06-07T12:28:53.000","Licencia de Armas","PR.CV, PR","spanish"
"6954","2015-06-07T12:26:50.000","Empleo","PR.MC, PR","spanish"
"6953","2015-06-07T12:22:59.000","Empleo","PR.MC, PR","spanish"
"6952","2015-06-07T12:17:30.000","Empleo","PR.MC, PR","spanish"
"6951","2015-06-07T12:14:29.000","Empleo","PR.CN, PR","spanish"
"6950","2015-06-07T12:13:19.000","Empleo","PR.CL, PR","spanish"
"6949","2015-06-07T12:12:38.000","Empleo","PR.CL, PR","spanish"
"6948","2015-06-07T12:12:23.000","Estudios","PR.TJ, PR","spanish"
"6947","2015-06-07T12:11:37.000","Patentes o Franquicias","PR.SJ, PR","spanish"
"6946","2015-06-07T12:09:34.000","Empleo","PR.MC, PR","spanish"
"6945","2015-06-07T12:03:47.000","Empleo","PR.CL, PR","spanish"
"6944","2015-06-07T12:02:21.000","Estudios","PR.BC, PR","spanish"
"6943","2015-06-07T11:59:40.000","Estudios","PR.BY, PR","spanish"
"6942","2015-06-07T11:59:22.000","Vivienda","PR.MV, PR","spanish"
"6941","2015-06-07T11:58:44.000","Empleo","PR.SJ, PR","spanish"
"6940","2015-06-07T11:58:31.000","Otros...","PR.BY, PR","spanish"
"6939","2015-06-07T11:54:57.000","Empleo","PR.LR, PR","spanish"
"6938","2015-06-07T11:54:23.000","Vivienda","PR.GM, PR","spanish"
"6937","2015-06-07T11:51:45.000","Empleo","PR.CL, PR","spanish"
"6936","2015-06-07T11:48:46.000","Estudios","PR.SS, PR","spanish"
"6935","2015-06-07T11:45:19.000","Empleo","DO","spanish"
"6934","2015-06-07T11:38:57.000","Empleo","PR.LP, PR","spanish"
"6933","2015-06-07T11:37:18.000","Empleo","PR.BY, PR","spanish"
"6932","2015-06-07T11:27:24.000","Empleo","PR.VA, PR","spanish"
"6931","2015-06-07T11:26:34.000","Estudios","PR.OR, PR","spanish"
"6930","2015-06-07T11:22:50.000","Otros...","PR.CG, PR","spanish"
"6929","2015-06-07T11:20:32.000","Residencia","PR.SJ, PR","spanish"
"6928","2015-06-07T11:20:19.000","Otros...","PR.IS, PR","spanish"
"6927","2015-06-07T11:17:11.000","Empleo","PR.QB, PR","spanish"
"6926","2015-06-07T11:16:57.000","Empleo","PR.QB, PR","spanish"
"6925","2015-06-07T11:16:11.000","Empleo","PR.TA, PR","spanish"
"6924","2015-06-07T11:15:41.000","Estudios","PR.SJ, PR","spanish"
"6923","2015-06-07T11:12:47.000","Otros...","PR.GM, PR","spanish"
"6922","2015-06-07T11:10:26.000","Estudios","PR.HU, PR","spanish"
"6921","2015-06-07T11:10:25.000","Estudios","PR.VB, PR","spanish"
"6920","2015-06-07T11:03:31.000","Otros...","PR.GB, PR","spanish"
"6919","2015-06-07T11:02:52.000","Estudios","PR.SJ, PR","spanish"
"6918","2015-06-07T11:00:40.000","Empleo","PR.GB, PR","spanish"
"6917","2015-06-07T10:56:34.000","Vivienda","PR.SJ, PR","spanish"
"6916","2015-06-07T10:55:00.000","Empleo","PR.GB, PR","spanish"
"6915","2015-06-07T10:51:43.000","Empleo","PR.GB, PR","spanish"
"6914","2015-06-07T10:48:55.000","Empleo","PR.SL, PR","spanish"
"6913","2015-06-07T10:48:17.000","Empleo","PR.CG, PR","spanish"
"6912","2015-06-07T10:47:01.000","Empleo","PR.CL, PR","spanish"
"6911","2015-06-07T10:44:59.000","Empleo","PR.SJ, PR","spanish"
"6910","2015-06-07T10:43:01.000","Patentes o Franquicias","PR.CG, PR","spanish"
"6909","2015-06-07T10:39:41.000","Empleo","PR.CG, PR","spanish"
"6908","2015-06-07T10:38:44.000","Empleo","PR.CG, PR","spanish"
"6907","2015-06-07T10:38:32.000","Vivienda","PR.AC, PR","spanish"
"6906","2015-06-07T10:37:22.000","Empleo","PR.CY, PR","spanish"
"6905","2015-06-07T10:37:19.000","Empleo","PR.BY, PR","spanish"
"6904","2015-06-07T10:36:44.000","Empleo","PR.CG, PR","spanish"
"6903","2015-06-07T10:36:03.000","Empleo","PR.SG, PR","spanish"
"6902","2015-06-07T10:35:50.000","Otros...","PR.MG, PR","spanish"
"6901","2015-06-07T10:34:21.000","Empleo","PR.AJ, PR","spanish"
"6900","2015-06-07T10:32:50.000","Otros...","PR.MG, PR","spanish"
"6899","2015-06-07T10:32:14.000","Vivienda","PR.AC, PR","spanish"
"6898","2015-06-07T10:27:32.000","Otros...","PR.TJ, PR","spanish"
"6897","2015-06-07T10:23:59.000","Empleo","PR.NR, PR","spanish"
"6896","2015-06-07T10:23:33.000","Employment","PR.PO, PR","english"
"6895","2015-06-07T10:22:33.000","Vivienda","PR.PO, PR","spanish"
"6894","2015-06-07T10:22:28.000","Otros...","PR.TJ, PR","spanish"
"6893","2015-06-07T10:22:03.000","Empleo","PR.MG, PR","spanish"
"6892","2015-06-07T10:20:42.000","Patentes o Franquicias","PR.CG, PR","spanish"
"6891","2015-06-07T10:17:51.000","Estudios","PR.VA, PR","spanish"
"6890","2015-06-07T10:09:46.000","Empleo","PR.TJ, PR","spanish"
"6889","2015-06-07T10:08:06.000","Empleo","PR.SJ, PR","spanish"
"6888","2015-06-07T10:07:16.000","Otros...","PR.PN, PR","spanish"
"6887","2015-06-07T10:07:12.000","Empleo","PR.TJ, PR","spanish"
"6886","2015-06-07T10:06:27.000","Otros...","PR.AN, PR","spanish"
"6885","2015-06-07T10:06:14.000","Empleo","PR.SJ, PR","spanish"
"6884","2015-06-07T10:05:32.000","Estudios","PR.SJ, PR","spanish"
"6883","2015-06-07T10:00:41.000","Empleo","PR.CN, PR","spanish"
"6882","2015-06-07T09:59:17.000","Vivienda","PR.SB, PR","spanish"
"6881","2015-06-07T09:57:27.000","Empleo","PR.AL, PR","spanish"
"6880","2015-06-07T09:53:58.000","Empleo","PR.CN, PR","spanish"
"6879","2015-06-07T09:53:53.000","Empleo","PR.DO, PR","spanish"
"6878","2015-06-07T09:47:23.000","Empleo","PR.PO, PR","spanish"
"6877","2015-06-07T09:47:14.000","Empleo","PR.TJ, PR","spanish"
"6876","2015-06-07T09:46:11.000","Estudios","PR.AC, PR","spanish"
"6875","2015-06-07T09:46:07.000","Empleo","PR.LP, PR","spanish"
"6874","2015-06-07T09:41:18.000","Estudios","PR.HA, PR","spanish"
"6873","2015-06-07T09:41:13.000","Empleo","PR.AJ, PR","spanish"
"6872","2015-06-07T09:40:52.000","Otros...","PR.MG, PR","spanish"
"6871","2015-06-07T09:28:48.000","Empleo","PR.TB, PR","spanish"
"6870","2015-06-07T09:28:01.000","Empleo","PR.CG, PR","spanish"
"6869","2015-06-07T09:26:08.000","Empleo","PR.LJ, PR","spanish"
"6868","2015-06-07T09:26:03.000","Residencia","PR.TA, PR","spanish"
"6867","2015-06-07T09:16:46.000","Empleo","PR.CG, PR","spanish"
"6866","2015-06-07T09:14:58.000","Residencia","PR.SJ, PR","spanish"
"6865","2015-06-07T09:10:07.000","Empleo","PR.CV, PR","spanish"
"6864","2015-06-07T09:05:19.000","Otros...","PR.FJ, PR","spanish"
"6863","2015-06-07T09:03:03.000","Empleo","PR.FJ, PR","spanish"
"6862","2015-06-07T08:55:14.000","Otros...","PR.AB, PR","spanish"
"6861","2015-06-07T08:53:16.000","Otros...","PR.AB, PR","spanish"
"6860","2015-06-07T08:53:15.000","Otros...","PR.AB, PR","spanish"
"6859","2015-06-07T08:44:22.000","Estudios","PR.SJ, PR","spanish"
"6858","2015-06-07T08:42:48.000","Empleo","PR.CV, PR","spanish"
"6857","2015-06-07T08:30:52.000","Empleo","PR.GL, PR","spanish"
"6856","2015-06-07T08:22:15.000","Licencia de Armas","PR.CD, PR","spanish"
"6855","2015-06-07T08:18:55.000","Empleo","PR.CG, PR","spanish"
"6854","2015-06-07T08:18:43.000","Empleo","PR.CD, PR","spanish"
"6853","2015-06-07T08:03:54.000","Empleo","PR.SJ, PR","spanish"
"6852","2015-06-07T08:03:21.000","Empleo","PR.SL, PR","spanish"
"6851","2015-06-07T08:01:34.000","Empleo","PR.CG, PR","spanish"
"6850","2015-06-07T07:59:31.000","Empleo","PR.NG, PR","spanish"
"6849","2015-06-07T07:47:18.000","Empleo","PR.GL, PR","spanish"
"6848","2015-06-07T07:24:54.000","Empleo","PR.FJ, PR","spanish"
"6847","2015-06-07T07:21:33.000","Estudios","PR.GL, PR","spanish"
"6846","2015-06-07T07:16:08.000","Empleo","PR.SJ, PR","spanish"
"6845","2015-06-07T06:50:46.000","Empleo","PR.CR, PR","spanish"
"6844","2015-06-07T06:49:35.000","Empleo","PR.CY, PR","spanish"
"6843","2015-06-07T06:44:56.000","Estudios","PR.JC, PR","spanish"
"6842","2015-06-07T05:25:04.000","Empleo","PR.SJ, PR","spanish"
"6841","2015-06-07T03:11:48.000","Empleo","PR.CO, PR","spanish"
"6840","2015-06-07T02:41:20.000","Empleo","PR.VB, PR","spanish"
"6839","2015-06-07T01:49:03.000","Empleo","PR.HO, PR","spanish"
"6838","2015-06-07T01:20:47.000","Vivienda","PR.TB, PR","spanish"
"6837","2015-06-07T01:02:09.000","Empleo","PR.AC, PR","spanish"
"6560","2015-06-06T12:57:16.000","Vivienda","PR.SJ, PR","spanish"
"6559","2015-06-06T12:57:15.000","Empleo","PR.SG, PR","spanish"
"6558","2015-06-06T12:54:31.000","Otros...","PR.RG, PR","spanish"
"6557","2015-06-06T12:53:31.000","Empleo","PR.SL, PR","spanish"
"6556","2015-06-06T12:53:02.000","Vivienda","PR.SG, PR","spanish"
"6555","2015-06-06T12:51:12.000","Empleo","PR.CN, PR","spanish"
"6554","2015-06-06T12:49:25.000","Empleo","PR.SJ, PR","spanish"
"6553","2015-06-06T12:47:54.000","Empleo","AL, US","spanish"
"6552","2015-06-06T12:45:58.000","Empleo","PR.SJ, PR","spanish"
"6551","2015-06-06T12:44:27.000","Otros...","PR.SI, PR","spanish"
"6550","2015-06-06T12:42:23.000","Estudios","PR.TJ, PR","spanish"
"6549","2015-06-06T12:38:01.000","Empleo","PR.CN, PR","spanish"
"6548","2015-06-06T12:36:52.000","Empleo","PR.FJ, PR","spanish"
"6547","2015-06-06T12:30:54.000","Empleo","PR.BY, PR","spanish"
"6546","2015-06-06T12:30:02.000","Empleo","PR.CD, PR","spanish"
"6545","2015-06-06T12:27:46.000","Empleo","PR.CN, PR","spanish"
"6544","2015-06-06T12:26:32.000","Estudios","PR.DO, PR","spanish"
"6543","2015-06-06T12:25:37.000","Otros...","PR.CA, PR","spanish"
"6542","2015-06-06T12:24:51.000","Estudios","PR.LZ, PR","spanish"
"6541","2015-06-06T12:23:59.000","Estudios","PR.AD, PR","spanish"
"6540","2015-06-06T12:22:59.000","Empleo","PR.SL, PR","spanish"
"6539","2015-06-06T12:22:44.000","Empleo","PR.BY, PR","spanish"
"6538","2015-06-06T12:22:07.000","Empleo","PR.JC, PR","spanish"
"6537","2015-06-06T12:21:15.000","Empleo","PR.CN, PR","spanish"
"6536","2015-06-06T12:20:28.000","Empleo","PR.PO, PR","spanish"
"6535","2015-06-06T12:19:13.000","Otros...","PR.SJ, PR","spanish"
"6534","2015-06-06T12:19:11.000","Vivienda","PR.SJ, PR","spanish"
"6533","2015-06-06T12:17:11.000","Vivienda","PR.GR, PR","spanish"
"6532","2015-06-06T12:17:11.000","Empleo","PR.HA, PR","spanish"
"6531","2015-06-06T12:15:18.000","Empleo","PR.CN, PR","spanish"
"6530","2015-06-06T12:14:57.000","Otros...","PR.MG, PR","spanish"
"6529","2015-06-06T12:14:45.000","Empleo","PR.JC, PR","spanish"
"6528","2015-06-06T12:14:13.000","Empleo","PR.SJ, PR","spanish"
"6527","2015-06-06T12:14:11.000","Vivienda","PR.GR, PR","spanish"
"6526","2015-06-06T12:13:56.000","Vivienda","PR.SJ, PR","spanish"
"6525","2015-06-06T12:13:51.000","Otros...","PR.LQ, PR","spanish"
"6524","2015-06-06T12:13:26.000","Otros...","PR.YU, PR","spanish"
"6523","2015-06-06T12:08:04.000","Estudios","PR.CD, PR","spanish"
"6522","2015-06-06T12:07:29.000","Estudios","PR.GB, PR","spanish"
"6521","2015-06-06T12:07:15.000","Otros...","PR.MV, PR","spanish"
"6520","2015-06-06T12:06:08.000","Empleo","PR.PO, PR","spanish"
"6519","2015-06-06T12:03:54.000","Empleo","PR.YU, PR","spanish"
"6518","2015-06-06T12:03:37.000","Otros...","PR.MG, PR","spanish"
"6517","2015-06-06T12:03:18.000","Empleo","PR.SJ, PR","spanish"
"6516","2015-06-06T12:02:17.000","Otros...","PR.MV, PR","spanish"
"6515","2015-06-06T12:01:38.000","Licencia de Armas","PR.CD, PR","spanish"
"6514","2015-06-06T12:00:54.000","Otros...","PR.MG, PR","spanish"
"6513","2015-06-06T11:59:30.000","Estudios","PR.SJ, PR","spanish"
"6512","2015-06-06T11:58:53.000","Empleo","PR.PO, PR","spanish"
"6511","2015-06-06T11:58:24.000","Empleo","PR.CD, PR","spanish"
"6510","2015-06-06T11:58:08.000","Estudios","PR.SJ, PR","spanish"
"6509","2015-06-06T11:55:07.000","Empleo","PR.CD, PR","spanish"
"6508","2015-06-06T11:54:45.000","Estudios","PR.SB, PR","spanish"
"6507","2015-06-06T11:54:39.000","Otros...","PR.MG, PR","spanish"
"6506","2015-06-06T11:52:38.000","Empleo","PR.PO, PR","spanish"
"6505","2015-06-06T11:52:13.000","Otros...","PR.MG, PR","spanish"
"6504","2015-06-06T11:51:31.000","Vivienda","PR.CG, PR","spanish"
"6503","2015-06-06T11:50:07.000","Otros...","PR.UT, PR","spanish"
"6502","2015-06-06T11:49:57.000","Otros...","PR.MG, PR","spanish"
"6501","2015-06-06T11:48:47.000","Licencia de Armas","PR.CD, PR","spanish"
"6500","2015-06-06T11:48:07.000","Otros...","PR.CG, PR","spanish"
"6499","2015-06-06T11:46:53.000","Vivienda","PR.AC, PR","spanish"
"6498","2015-06-06T11:45:26.000","Empleo","PR.CZ, PR","spanish"
"6497","2015-06-06T11:44:43.000","Empleo","PR.CO, PR","spanish"
"6496","2015-06-06T11:44:41.000","Estudios","PR.SJ, PR","spanish"
"6495","2015-06-06T11:44:36.000","Empleo","PR.SJ, PR","spanish"
"6494","2015-06-06T11:44:16.000","Otros...","PR.MG, PR","spanish"
"6493","2015-06-06T11:43:39.000","Estudios","PR.CV, PR","spanish"
"6492","2015-06-06T11:42:51.000","Estudios","PR.GB, PR","spanish"
"6491","2015-06-06T11:42:41.000","Estudios","PR.AC, PR","spanish"
"6490","2015-06-06T11:41:40.000","Estudios","PR.TB, PR","spanish"
"6489","2015-06-06T11:41:31.000","Empleo","PR.CO, PR","spanish"
"6488","2015-06-06T11:40:27.000","Otros...","PR.MG, PR","spanish"
"6487","2015-06-06T11:40:11.000","Otros...","PR.UT, PR","spanish"
"6486","2015-06-06T11:39:06.000","Estudios","PR.TB, PR","spanish"
"6485","2015-06-06T11:36:07.000","Otros...","PR.MG, PR","spanish"
"6484","2015-06-06T11:35:39.000","Vivienda","PR.MG, PR","spanish"
"6483","2015-06-06T11:32:58.000","Estudios","PR.TB, PR","spanish"
"6482","2015-06-06T11:31:19.000","Vivienda","PR.MG, PR","spanish"
"6481","2015-06-06T11:30:09.000","Empleo","PR.CD, PR","spanish"
"6480","2015-06-06T11:29:18.000","Otros...","PR.HU, PR","spanish"
"6479","2015-06-06T11:27:33.000","Empleo","PR.AB, PR","spanish"
"6478","2015-06-06T11:23:55.000","Estudios","PR.GB, PR","spanish"
"6477","2015-06-06T11:23:31.000","Licencia de Armas","PR.CD, PR","spanish"
"6476","2015-06-06T11:23:15.000","Empleo","PR.GB, PR","spanish"
"6475","2015-06-06T11:23:07.000","Otros...","PR.CY, PR","spanish"
"6474","2015-06-06T11:21:35.000","Empleo","PR.GB, PR","spanish"
"6473","2015-06-06T11:20:56.000","Estudios","PR.BY, PR","spanish"
"6472","2015-06-06T11:18:59.000","Empleo","PR.GB, PR","spanish"
"6471","2015-06-06T11:15:47.000","Empleo","PR.AB, PR","spanish"
"6470","2015-06-06T11:15:29.000","Estudios","PR.TB, PR","spanish"
"6469","2015-06-06T11:13:49.000","Empleo","PR.GM, PR","spanish"
"6468","2015-06-06T11:12:24.000","Empleo","PR.GB, PR","spanish"
"6467","2015-06-06T11:11:28.000","Empleo","PR.MG, PR","spanish"
"6466","2015-06-06T11:11:15.000","Empleo","PR.HO, PR","spanish"
"6465","2015-06-06T11:09:08.000","Empleo","PR.MG, PR","spanish"
"6464","2015-06-06T11:08:00.000","Empleo","PR.GM, PR","spanish"
"6463","2015-06-06T11:06:43.000","Empleo","PR.BY, PR","spanish"
"6462","2015-06-06T11:06:40.000","Empleo","PR.CZ, PR","spanish"
"6461","2015-06-06T11:06:27.000","Otros...","PR.LR, PR","spanish"
"6460","2015-06-06T11:06:01.000","Empleo","PR.RC, PR","spanish"
"6459","2015-06-06T11:04:59.000","Empleo","PR.SS, PR","spanish"
"6458","2015-06-06T11:04:42.000","Empleo","PR.BY, PR","spanish"
"6457","2015-06-06T11:00:59.000","Vivienda","PR.SJ, PR","spanish"
"6456","2015-06-06T11:00:50.000","Otros...","PR.VB, PR","spanish"
"6455","2015-06-06T11:00:13.000","Empleo","PR.CR, PR","spanish"
"6454","2015-06-06T10:58:23.000","Otros...","PR.CL, PR","spanish"
"6453","2015-06-06T10:58:12.000","Vivienda","PR.CN, PR","spanish"
"6452","2015-06-06T10:57:19.000","Empleo","PR.PO, PR","spanish"
"6451","2015-06-06T10:56:16.000","Estudios","PR.GB, PR","spanish"
"6450","2015-06-06T10:53:18.000","Otros...","PR.CN, PR","spanish"
"6449","2015-06-06T10:51:49.000","Empleo","PR.CN, PR","spanish"
"6448","2015-06-06T10:50:40.000","Vivienda","PR.BY, PR","spanish"
"6447","2015-06-06T10:50:16.000","Empleo","PR.HO, PR","spanish"
"6446","2015-06-06T10:49:23.000","Empleo","PR.GM, PR","spanish"
"6445","2015-06-06T10:48:11.000","Empleo","PR.SJ, PR","spanish"
"6444","2015-06-06T10:44:01.000","Empleo","PR.CN, PR","spanish"
"6443","2015-06-06T10:42:33.000","Empleo","PR.MG, PR","spanish"
"6442","2015-06-06T10:40:37.000","Empleo","PR.MT, PR","spanish"
"6441","2015-06-06T10:39:37.000","Empleo","PR.GM, PR","spanish"
"6440","2015-06-06T10:39:09.000","Otros...","PR.AC, PR","spanish"
"6439","2015-06-06T10:36:00.000","Empleo","PR.MG, PR","spanish"
"6438","2015-06-06T10:33:57.000","Empleo","PR.GR, PR","spanish"
"6437","2015-06-06T10:33:50.000","Empleo","PR.TA, PR","spanish"
"6436","2015-06-06T10:33:21.000","Empleo","PR.CN, PR","spanish"
"6435","2015-06-06T10:30:49.000","Pasaporte o Visa","PR.CT, PR","spanish"
"6434","2015-06-06T10:27:58.000","Empleo","PR.AB, PR","spanish"
"6433","2015-06-06T10:27:23.000","Empleo","PR.MG, PR","spanish"
"6432","2015-06-06T10:26:57.000","Empleo","PR.CA, PR","spanish"
"6431","2015-06-06T10:25:54.000","Empleo","PR.SL, PR","spanish"
"6430","2015-06-06T10:25:17.000","Estudios","PR.SJ, PR","spanish"
"6429","2015-06-06T10:24:43.000","Empleo","PR.AC, PR","spanish"
"6428","2015-06-06T10:22:27.000","Empleo","PR.PN, PR","spanish"
"6427","2015-06-06T10:21:56.000","Empleo","PR.BY, PR","spanish"
"6426","2015-06-06T10:19:55.000","Otros...","PR.GR, PR","spanish"
"6425","2015-06-06T10:18:54.000","Empleo","PR.SJ, PR","spanish"
"6424","2015-06-06T10:17:42.000","Patentes o Franquicias","PR.BY, PR","spanish"
"6423","2015-06-06T10:13:43.000","Vivienda","PR.SJ, PR","spanish"
"6422","2015-06-06T10:13:34.000","Vivienda","PR.VB, PR","spanish"
"6421","2015-06-06T10:12:45.000","Otros...","PR.TJ, PR","spanish"
"6420","2015-06-06T10:07:11.000","Empleo","PR.CB, PR","spanish"
"6419","2015-06-06T10:05:46.000","Vivienda","PR.BC, PR","spanish"
"6418","2015-06-06T10:05:40.000","Licencia de Armas","PR.CN, PR","spanish"
"6417","2015-06-06T10:05:09.000","Empleo","PR.CB, PR","spanish"
"6416","2015-06-06T10:03:12.000","Otros...","UM","spanish"
"6415","2015-06-06T10:01:21.000","Otros...","PR.CL, PR","spanish"
"6414","2015-06-06T10:01:03.000","Empleo","PR.SJ, PR","spanish"
"6413","2015-06-06T10:00:29.000","Empleo","PR.SG, PR","spanish"
"6412","2015-06-06T09:59:00.000","Empleo","PR.SJ, PR","spanish"
"6411","2015-06-06T09:56:17.000","Empleo","PR.BY, PR","spanish"
"6410","2015-06-06T09:55:10.000","Patentes o Franquicias","PR.TJ, PR","spanish"
"6409","2015-06-06T09:54:42.000","Estudios","PR.BC, PR","spanish"
"6408","2015-06-06T09:50:56.000","Empleo","PR.TJ, PR","spanish"
"6407","2015-06-06T09:47:09.000","Empleo","PR.CB, PR","spanish"
"6406","2015-06-06T09:45:47.000","Otros...","PR.HU, PR","spanish"
"6405","2015-06-06T09:36:47.000","Otros...","PR.MT, PR","spanish"
"6404","2015-06-06T09:28:17.000","Empleo","PR.CB, PR","spanish"
"6403","2015-06-06T09:27:29.000","Empleo","PR.MT, PR","spanish"
"6402","2015-06-06T09:26:27.000","Estudios","PR.CG, PR","spanish"
"6401","2015-06-06T09:24:12.000","Empleo","PR.BQ, PR","spanish"
"6400","2015-06-06T09:21:24.000","Empleo","PR.BY, PR","spanish"
"6399","2015-06-06T09:19:47.000","Otros...","PR.GM, PR","spanish"
"6398","2015-06-06T09:14:52.000","Empleo","PR.GC, PR","spanish"
"6397","2015-06-06T09:13:41.000","Empleo","PR.CG, PR","spanish"
"6396","2015-06-06T09:10:33.000","Empleo","PR.PO, PR","spanish"
"6395","2015-06-06T09:10:25.000","Empleo","PR.DO, PR","spanish"
"6394","2015-06-06T09:06:45.000","Empleo","PR.PO, PR","spanish"
"6393","2015-06-06T09:04:50.000","Empleo","PR.SJ, PR","spanish"
"6392","2015-06-06T09:02:28.000","Empleo","PR.PO, PR","spanish"
"6391","2015-06-06T09:00:59.000","Empleo","PR.AL, PR","spanish"
"6390","2015-06-06T08:59:06.000","Empleo","PR.YB, PR","spanish"
"6389","2015-06-06T08:55:05.000","Empleo","PR.TJ, PR","spanish"
"6388","2015-06-06T08:54:38.000","Empleo","PR.BY, PR","spanish"
"6387","2015-06-06T08:53:03.000","Empleo","PR.BY, PR","spanish"
"6386","2015-06-06T08:51:58.000","Empleo","PR.YB, PR","spanish"
"6385","2015-06-06T08:50:35.000","Licencia de Armas","PR.TJ, PR","spanish"
"6384","2015-06-06T08:50:25.000","Empleo","PR.DO, PR","spanish"
"6383","2015-06-06T08:48:58.000","Empleo","PR.BY, PR","spanish"
"6382","2015-06-06T08:42:42.000","Otros...","PR.LZ, PR","spanish"
"6381","2015-06-06T08:42:29.000","Empleo","PR.GB, PR","spanish"
"6380","2015-06-06T08:38:09.000","Estudios","PR.YB, PR","spanish"
"6379","2015-06-06T08:29:17.000","Empleo","PR.TJ, PR","spanish"
"6378","2015-06-06T08:21:08.000","Empleo","PR.GB, PR","spanish"
"6377","2015-06-06T08:21:07.000","Empleo","PR.MG, PR","spanish"
"6376","2015-06-06T08:17:07.000","Residencia","PR.AC, PR","spanish"
"6375","2015-06-06T08:15:19.000","Estudios","PR.CG, PR","spanish"
"6374","2015-06-06T08:12:53.000","Empleo","PR.GL, PR","spanish"
"6373","2015-06-06T08:05:31.000","Empleo","PR.CV, PR","spanish"
"6372","2015-06-06T08:03:09.000","Otros...","PR.CT, PR","spanish"
"6371","2015-06-06T08:01:48.000","Empleo","PR.JC, PR","spanish"
"6370","2015-06-06T07:59:36.000","Empleo","PR.SJ, PR","spanish"
"6369","2015-06-06T07:58:42.000","Empleo","PR.BQ, PR","spanish"
"6368","2015-06-06T07:57:02.000","Vivienda","PR.MT, PR","spanish"
"6367","2015-06-06T07:56:17.000","Empleo","PR.BY, PR","spanish"
"6366","2015-06-06T07:56:17.000","Empleo","PR.CV, PR","spanish"
"6365","2015-06-06T07:53:55.000","Estudios","PR.TJ, PR","spanish"
"6364","2015-06-06T07:52:44.000","Empleo","PR.GB, PR","spanish"
"6363","2015-06-06T07:52:31.000","Empleo","PR.SJ, PR","spanish"
"6362","2015-06-06T07:51:54.000","Otros...","PR.BY, PR","spanish"
"6361","2015-06-06T07:49:46.000","Empleo","PR.SJ, PR","spanish"
"6360","2015-06-06T07:49:05.000","Empleo","PR.GB, PR","spanish"
"6359","2015-06-06T07:47:41.000","Vivienda","PR.IS, PR","spanish"
"6358","2015-06-06T07:47:21.000","Empleo","PR.PO, PR","spanish"
"6357","2015-06-06T07:47:17.000","Empleo","PR.SJ, PR","spanish"
"6356","2015-06-06T07:44:00.000","Empleo","PR.MV, PR","spanish"
"6355","2015-06-06T07:40:27.000","Empleo","PR.SJ, PR","spanish"
"6354","2015-06-06T07:27:05.000","Empleo","PR.CG, PR","spanish"
"6353","2015-06-06T07:22:03.000","Vivienda","PR.CG, PR","spanish"
"6352","2015-06-06T07:09:49.000","Empleo","PR.SL, PR","spanish"
"6351","2015-06-06T06:51:51.000","Empleo","PR.UT, PR","spanish"
"6350","2015-06-06T06:43:54.000","Estudios","PR.CV, PR","spanish"
"6349","2015-06-06T06:09:39.000","Vivienda","PR.SJ, PR","spanish"
"6348","2015-06-06T05:33:20.000","Empleo","PR.RG, PR","spanish"
"6347","2015-06-06T05:13:54.000","Vivienda","PR.AL, PR","spanish"
"6346","2015-06-06T04:42:11.000","Empleo","PR.MV, PR","spanish"
"6345","2015-06-06T04:40:13.000","Empleo","PR.SJ, PR","spanish"
"6344","2015-06-06T04:27:02.000","Vivienda","PR.PO, PR","spanish"
"6343","2015-06-06T03:12:00.000","Empleo","PR.MT, PR","spanish"
"6342","2015-06-06T03:07:04.000","Pasaporte o Visa","PR.CA, PR","spanish"
"6341","2015-06-06T03:03:37.000","Empleo","PR.MT, PR","spanish"
"6340","2015-06-06T03:01:09.000","Empleo","PR.PO, PR","spanish"
"6339","2015-06-06T02:36:49.000","Vivienda","PR.CA, PR","spanish"
"6338","2015-06-06T02:10:38.000","Empleo","PR.TJ, PR","spanish"
"6337","2015-06-06T02:09:05.000","Empleo","PR.RG, PR","spanish"
"6336","2015-06-06T02:07:00.000","Empleo","PR.LQ, PR","spanish"
"6335","2015-06-06T02:03:59.000","Empleo","PR.BY, PR","spanish"
"6334","2015-06-06T02:00:25.000","Empleo","PR.RG, PR","spanish"
"6333","2015-06-06T01:29:03.000","Empleo","PR.PO, PR","spanish"
"6332","2015-06-06T01:13:59.000","Vivienda","PR.HU, PR","spanish"
"6331","2015-06-06T01:11:49.000","Empleo","PR.SL, PR","spanish"
"5518","2015-06-05T12:59:24.000","Empleo","PR.CG, PR","spanish"
"5517","2015-06-05T12:58:32.000","Empleo","PR.BY, PR","spanish"
"5516","2015-06-05T12:58:12.000","Empleo","PR.RG, PR","spanish"
"5515","2015-06-05T12:58:10.000","Vivienda","PR.AB, PR","spanish"
"5514","2015-06-05T12:57:36.000","Empleo","PR.BY, PR","spanish"
"5513","2015-06-05T12:57:16.000","Vivienda","PR.AN, PR","spanish"
"5512","2015-06-05T12:56:56.000","Empleo","PR.BQ, PR","spanish"
"5511","2015-06-05T12:56:50.000","Otros...","PR.SJ, PR","spanish"
"5510","2015-06-05T12:56:14.000","Otros...","PR.CG, PR","spanish"
"5509","2015-06-05T12:55:40.000","Empleo","PR.BY, PR","spanish"
"5508","2015-06-05T12:53:00.000","Estudios","PR.BY, PR","spanish"
"5507","2015-06-05T12:52:19.000","Vivienda","PR.AN, PR","spanish"
"5506","2015-06-05T12:52:05.000","Otros...","PR.JC, PR","spanish"
"5505","2015-06-05T12:52:00.000","Estudios","DO","spanish"
"5504","2015-06-05T12:51:56.000","Empleo","PR.CN, PR","spanish"
"5503","2015-06-05T12:51:56.000","Empleo","PR.CN, PR","spanish"
"5502","2015-06-05T12:51:44.000","Empleo","PR.TJ, PR","spanish"
"5501","2015-06-05T12:51:42.000","Empleo","PR.SJ, PR","spanish"
"5500","2015-06-05T12:51:42.000","Empleo","PR.BY, PR","spanish"
"5499","2015-06-05T12:50:48.000","Empleo","PR.MT, PR","spanish"
"5498","2015-06-05T12:49:53.000","Otros...","PR.CG, PR","spanish"
"5497","2015-06-05T12:49:41.000","Empleo","PR.CB, PR","spanish"
"5496","2015-06-05T12:49:31.000","Empleo","PR.PO, PR","spanish"
"5495","2015-06-05T12:48:59.000","Empleo","PR.CB, PR","spanish"
"5494","2015-06-05T12:48:41.000","Empleo","PR.CA, PR","spanish"
"5493","2015-06-05T12:47:29.000","Empleo","PR.BY, PR","spanish"
"5492","2015-06-05T12:47:09.000","Vivienda","PR.MT, PR","spanish"
"5491","2015-06-05T12:46:40.000","Otros...","PR.SJ, PR","spanish"
"5490","2015-06-05T12:46:37.000","Vivienda","PR.PO, PR","spanish"
"5489","2015-06-05T12:45:58.000","Empleo","PR.PO, PR","spanish"
"5488","2015-06-05T12:44:14.000","Otros...","PR.AR, PR","spanish"
"5487","2015-06-05T12:43:56.000","Empleo","PR.SJ, PR","spanish"
"5486","2015-06-05T12:43:47.000","Empleo","PR.SJ, PR","spanish"
"5485","2015-06-05T12:43:40.000","Otros...","PR.GB, PR","spanish"
"5484","2015-06-05T12:43:33.000","Empleo","PR.VA, PR","spanish"
"5483","2015-06-05T12:43:25.000","Estudios","PR.BY, PR","spanish"
"5482","2015-06-05T12:42:55.000","Empleo","PR.GB, PR","spanish"
"5481","2015-06-05T12:42:51.000","Empleo","PR.CB, PR","spanish"
"5480","2015-06-05T12:42:46.000","Empleo","PR.CG, PR","spanish"
"5479","2015-06-05T12:41:56.000","Empleo","PR.HA, PR","spanish"
"5478","2015-06-05T12:41:46.000","Estudios","PR.SJ, PR","spanish"
"5477","2015-06-05T12:41:16.000","Vivienda","PR.MB, PR","spanish"
"5476","2015-06-05T12:40:51.000","Empleo","PR.CG, PR","spanish"
"5475","2015-06-05T12:40:41.000","Vivienda","PR.SJ, PR","spanish"
"5474","2015-06-05T12:40:01.000","Empleo","PR.SJ, PR","spanish"
"5473","2015-06-05T12:39:56.000","Empleo","PR.BY, PR","spanish"
"5472","2015-06-05T12:39:51.000","Empleo","PR.SJ, PR","spanish"
"5471","2015-06-05T12:39:47.000","Empleo","PR.SJ, PR","spanish"
"5470","2015-06-05T12:39:32.000","Empleo","PR.CN, PR","spanish"
"5469","2015-06-05T12:39:31.000","Estudios","PR.CO, PR","spanish"
"5468","2015-06-05T12:39:19.000","Empleo","PR.LJ, PR","spanish"
"5467","2015-06-05T12:39:17.000","Empleo","PR.NR, PR","spanish"
"5466","2015-06-05T12:38:56.000","Otros...","PR.HA, PR","spanish"
"5465","2015-06-05T12:38:35.000","Otros...","PR.SJ, PR","spanish"
"5464","2015-06-05T12:38:14.000","Empleo","PR.TB, PR","spanish"
"5463","2015-06-05T12:38:01.000","Vivienda","PR.AB, PR","spanish"
"5462","2015-06-05T12:37:19.000","Empleo","PR.CG, PR","spanish"
"5461","2015-06-05T12:37:17.000","Empleo","PR.SJ, PR","spanish"
"5460","2015-06-05T12:37:06.000","Vivienda","PR.AN, PR","spanish"
"5459","2015-06-05T12:37:04.000","Empleo","PR.MG, PR","spanish"
"5458","2015-06-05T12:36:42.000","Patentes o Franquicias","PR.CN, PR","spanish"
"5457","2015-06-05T12:36:07.000","Empleo","PR.MV, PR","spanish"
"5456","2015-06-05T12:36:06.000","Residencia","PR.SB, PR","spanish"
"5455","2015-06-05T12:36:06.000","Empleo","PR.CN, PR","spanish"
"5454","2015-06-05T12:35:51.000","Empleo","PR.PO, PR","spanish"
"5453","2015-06-05T12:35:25.000","Empleo","PR.MT, PR","spanish"
"5452","2015-06-05T12:34:38.000","Empleo","PR.CN, PR","spanish"
"5451","2015-06-05T12:34:34.000","Empleo","PR.UT, PR","spanish"
"5450","2015-06-05T12:34:29.000","Otros...","PR.DO, PR","spanish"
"5449","2015-06-05T12:34:20.000","Empleo","PR.CT, PR","spanish"
"5448","2015-06-05T12:34:05.000","Empleo","PR.GB, PR","spanish"
"5447","2015-06-05T12:33:55.000","Vivienda","PR.BY, PR","spanish"
"5446","2015-06-05T12:33:36.000","Empleo","PR.SJ, PR","spanish"
"5445","2015-06-05T12:32:42.000","Empleo","PR.SI, PR","spanish"
"5444","2015-06-05T12:32:30.000","Empleo","PR.BY, PR","spanish"
"5443","2015-06-05T12:31:40.000","Empleo","PR.MT, PR","spanish"
"5442","2015-06-05T12:31:31.000","Empleo","PR.CG, PR","spanish"
"5441","2015-06-05T12:30:30.000","Vivienda","PR.SJ, PR","spanish"
"5440","2015-06-05T12:30:08.000","Empleo","PR.SJ, PR","spanish"
"5439","2015-06-05T12:29:32.000","Empleo","PR.SJ, PR","spanish"
"5438","2015-06-05T12:29:21.000","Empleo","PR.BY, PR","spanish"
"5437","2015-06-05T12:28:34.000","Empleo","PR.CG, PR","spanish"
"5436","2015-06-05T12:27:50.000","Empleo","PR.CN, PR","spanish"
"5435","2015-06-05T12:27:44.000","Empleo","PR.SA, PR","spanish"
"5434","2015-06-05T12:27:05.000","Estudios","PR.PO, PR","spanish"
"5433","2015-06-05T12:26:41.000","Empleo","PR.SJ, PR","spanish"
"5432","2015-06-05T12:26:09.000","Empleo","PR.GB, PR","spanish"
"5431","2015-06-05T12:25:50.000","Empleo","PR.UT, PR","spanish"
"5430","2015-06-05T12:25:38.000","Empleo","PR.TB, PR","spanish"
"5429","2015-06-05T12:25:10.000","Empleo","PR.CN, PR","spanish"
"5428","2015-06-05T12:24:41.000","Otros...","PR.JD, PR","spanish"
"5427","2015-06-05T12:23:48.000","Estudios","PR.SJ, PR","spanish"
"5426","2015-06-05T12:23:36.000","Empleo","PR.SJ, PR","spanish"
"5425","2015-06-05T12:23:12.000","Empleo","PR.TA, PR","spanish"
"5424","2015-06-05T12:23:06.000","Empleo","PR.BY, PR","spanish"
"5423","2015-06-05T12:22:44.000","Empleo","PR.AD, PR","spanish"
"5422","2015-06-05T12:22:40.000","Estudios","PR.PO, PR","spanish"
"5421","2015-06-05T12:21:45.000","Empleo","PR.VA, PR","spanish"
"5420","2015-06-05T12:21:02.000","Empleo","PR.SL, PR","spanish"
"5419","2015-06-05T12:21:02.000","Otros...","PR.CG, PR","spanish"
"5418","2015-06-05T12:20:47.000","Otros...","PR.BY, PR","spanish"
"5417","2015-06-05T12:20:36.000","Otros...","PR.AL, PR","spanish"
"5416","2015-06-05T12:20:11.000","Empleo","PR.AL, PR","spanish"
"5415","2015-06-05T12:19:59.000","Empleo","PR.SJ, PR","spanish"
"5414","2015-06-05T12:19:33.000","Empleo","PR.JD, PR","spanish"
"5413","2015-06-05T12:19:18.000","Estudios","PR.SJ, PR","spanish"
"5412","2015-06-05T12:19:14.000","Licencia de Armas","PR.CB, PR","spanish"
"5411","2015-06-05T12:19:12.000","Empleo","PR.SA, PR","spanish"
"5410","2015-06-05T12:17:57.000","Estudios","PR.PO, PR","spanish"
"5409","2015-06-05T12:17:14.000","Empleo","PR.MV, PR","spanish"
"5408","2015-06-05T12:16:46.000","Estudios","PR.PO, PR","spanish"
"5407","2015-06-05T12:16:24.000","Empleo","PR.BY, PR","spanish"
"5406","2015-06-05T12:16:06.000","Vivienda","PR.MG, PR","spanish"
"5405","2015-06-05T12:15:46.000","Vivienda","PR.VQ, PR","spanish"
"5404","2015-06-05T12:15:27.000","Empleo","PR.SJ, PR","spanish"
"5403","2015-06-05T12:15:22.000","Otros...","PR.SJ, PR","spanish"
"5402","2015-06-05T12:14:45.000","Otros...","PR.SJ, PR","spanish"
"5401","2015-06-05T12:14:40.000","Licencia de Armas","PR.MG, PR","spanish"
"5400","2015-06-05T12:14:28.000","Empleo","PR.AC, PR","spanish"
"5399","2015-06-05T12:14:18.000","Otros...","PR.GB, PR","spanish"
"5398","2015-06-05T12:14:13.000","Empleo","PR.TA, PR","spanish"
"5397","2015-06-05T12:13:40.000","Empleo","PR.SJ, PR","spanish"
"5396","2015-06-05T12:13:28.000","Empleo","PR.VA, PR","spanish"
"5395","2015-06-05T12:12:49.000","Vivienda","PR.SJ, PR","spanish"
"5394","2015-06-05T12:12:37.000","Empleo","PR.SJ, PR","spanish"
"5393","2015-06-05T12:12:26.000","Empleo","PR.SJ, PR","spanish"
"5392","2015-06-05T12:11:57.000","Estudios","PR.GB, PR","spanish"
"5391","2015-06-05T12:11:20.000","Otros...","PR.VB, PR","spanish"
"5390","2015-06-05T12:11:03.000","Otros...","PR.BY, PR","spanish"
"5389","2015-06-05T12:09:48.000","Estudios","PR.HA, PR","spanish"
"5388","2015-06-05T12:09:20.000","Otros...","PR.SJ, PR","spanish"
"5387","2015-06-05T12:09:19.000","Estudios","PR.AD, PR","spanish"
"5386","2015-06-05T12:08:52.000","Empleo","PR.CN, PR","spanish"
"5385","2015-06-05T12:08:32.000","Otros...","PR.CO, PR","spanish"
"5384","2015-06-05T12:08:28.000","Empleo","PR.PO, PR","spanish"
"5383","2015-06-05T12:08:14.000","Vivienda","PR.CN, PR","spanish"
"5382","2015-06-05T12:07:48.000","Empleo","PR.YB, PR","spanish"
"5381","2015-06-05T12:06:39.000","Otros...","PR.JC, PR","spanish"
"5380","2015-06-05T12:05:42.000","Empleo","PR.HU, PR","spanish"
"5379","2015-06-05T12:05:06.000","Patentes o Franquicias","PR.PO, PR","spanish"
"5378","2015-06-05T12:04:59.000","Empleo","PR.SJ, PR","spanish"
"5377","2015-06-05T12:04:13.000","Otros...","PR.GR, PR","spanish"
"5376","2015-06-05T12:04:09.000","Empleo","PR.SS, PR","spanish"
"5375","2015-06-05T12:03:31.000","Empleo","PR.TB, PR","spanish"
"5374","2015-06-05T12:02:16.000","Empleo","PR.SA, PR","spanish"
"5373","2015-06-05T12:01:36.000","Vivienda","PR.SJ, PR","spanish"
"5372","2015-06-05T12:01:00.000","Empleo","PR.BY, PR","spanish"
"5371","2015-06-05T11:58:24.000","Vivienda","PR.NG, PR","spanish"
"5370","2015-06-05T11:58:11.000","Empleo","PR.SS, PR","spanish"
"5369","2015-06-05T11:58:11.000","Otros...","PR.PO, PR","spanish"
"5368","2015-06-05T11:57:53.000","Empleo","PR.YB, PR","spanish"
"5367","2015-06-05T11:57:46.000","Vivienda","PR.MV, PR","spanish"
"5366","2015-06-05T11:57:45.000","Empleo","PR.CN, PR","spanish"
"5365","2015-06-05T11:57:40.000","Empleo","PR.YU, PR","spanish"
"5364","2015-06-05T11:57:30.000","Empleo","PR.VA, PR","spanish"
"5363","2015-06-05T11:57:03.000","Estudios","PR.CG, PR","spanish"
"5362","2015-06-05T11:57:02.000","Empleo","PR.SJ, PR","spanish"
"5361","2015-06-05T11:56:36.000","Otros...","PR.VA, PR","spanish"
"5360","2015-06-05T11:56:32.000","Empleo","PR.PO, PR","spanish"
"5359","2015-06-05T11:56:24.000","Vivienda","PR.MV, PR","spanish"
"5358","2015-06-05T11:56:02.000","Empleo","PR.BY, PR","spanish"
"5357","2015-06-05T11:55:49.000","Empleo","PR.SJ, PR","spanish"
"5356","2015-06-05T11:55:49.000","Empleo","PR.GR, PR","spanish"
"5355","2015-06-05T11:55:47.000","Empleo","PR.VA, PR","spanish"
"5354","2015-06-05T11:54:18.000","Empleo","PR.CN, PR","spanish"
"5353","2015-06-05T11:54:09.000","Empleo","PR.SJ, PR","spanish"
"5352","2015-06-05T11:53:59.000","Pasaporte o Visa","PR.TB, PR","spanish"
"5351","2015-06-05T11:53:25.000","Empleo","PR.HU, PR","spanish"
"5350","2015-06-05T11:52:33.000","Empleo","PR.AC, PR","spanish"
"5349","2015-06-05T11:51:43.000","Empleo","PR.TB, PR","spanish"
"5348","2015-06-05T11:51:34.000","Patentes o Franquicias","PR.PO, PR","spanish"
"5347","2015-06-05T11:51:23.000","Empleo","PR.SJ, PR","spanish"
"5346","2015-06-05T11:51:21.000","Empleo","PR.VB, PR","spanish"
"5345","2015-06-05T11:49:51.000","Empleo","PR.SJ, PR","spanish"
"5344","2015-06-05T11:49:14.000","Empleo","PR.CR, PR","spanish"
"5343","2015-06-05T11:49:00.000","Vivienda","PR.SG, PR","spanish"
"5342","2015-06-05T11:48:58.000","Estudios","PR.CG, PR","spanish"
"5341","2015-06-05T11:48:33.000","Empleo","PR.PN, PR","spanish"
"5340","2015-06-05T11:45:57.000","Otros...","PR.AB, PR","spanish"
"5339","2015-06-05T11:45:54.000","Estudios","PR.SJ, PR","spanish"
"5338","2015-06-05T11:45:42.000","Empleo","PR.PN, PR","spanish"
"5337","2015-06-05T11:45:41.000","Empleo","PR.CN, PR","spanish"
"5336","2015-06-05T11:45:32.000","Empleo","PR.AC, PR","spanish"
"5335","2015-06-05T11:45:29.000","Empleo","PR.CY, PR","spanish"
"5334","2015-06-05T11:45:21.000","Vivienda","PR.LM, PR","spanish"
"5333","2015-06-05T11:45:14.000","Otros...","PR.BY, PR","spanish"
"5332","2015-06-05T11:45:12.000","Empleo","FL, US","spanish"
"5331","2015-06-05T11:45:06.000","Otros...","PR.PO, PR","spanish"
"5330","2015-06-05T11:44:56.000","Empleo","PR.MT, PR","spanish"
"5329","2015-06-05T11:44:55.000","Empleo","PR.NR, PR","spanish"
"5328","2015-06-05T11:44:15.000","Empleo","PR.AB, PR","spanish"
"5327","2015-06-05T11:43:31.000","Patentes o Franquicias","PR.TB, PR","spanish"
"5326","2015-06-05T11:43:11.000","Empleo","PR.FJ, PR","spanish"
"5325","2015-06-05T11:42:34.000","Empleo","PR.BY, PR","spanish"
"5324","2015-06-05T11:42:25.000","Residencia","PR.VB, PR","spanish"
"5323","2015-06-05T11:41:57.000","Otros...","PR.VA, PR","spanish"
"5322","2015-06-05T11:41:51.000","Empleo","PR.CN, PR","spanish"
"5321","2015-06-05T11:41:28.000","Empleo","PR.GB, PR","spanish"
"5320","2015-06-05T11:41:15.000","Otros...","PR.JD, PR","spanish"
"5319","2015-06-05T11:40:56.000","Otros...","PR.CO, PR","spanish"
"5318","2015-06-05T11:40:54.000","Otros...","PR.SJ, PR","spanish"
"5317","2015-06-05T11:40:39.000","Empleo","PR.SJ, PR","spanish"
"5316","2015-06-05T11:40:32.000","Empleo","PR.YB, PR","spanish"
"5315","2015-06-05T11:40:17.000","Otros...","PR.PO, PR","spanish"
"5314","2015-06-05T11:40:10.000","Patentes o Franquicias","PR.SJ, PR","spanish"
"5313","2015-06-05T11:40:09.000","Empleo","PR.MB, PR","spanish"
"5312","2015-06-05T11:40:03.000","Empleo","PR.SJ, PR","spanish"
"5311","2015-06-05T11:39:36.000","Empleo","PR.CN, PR","spanish"
"5310","2015-06-05T11:39:28.000","Empleo","PR.CZ, PR","spanish"
"5309","2015-06-05T11:39:04.000","Otros...","AK, US","spanish"
"5308","2015-06-05T11:38:46.000","Vivienda","PR.SI, PR","spanish"
"5307","2015-06-05T11:38:19.000","Empleo","PR.TJ, PR","spanish"
"5306","2015-06-05T11:37:49.000","Empleo","PR.NR, PR","spanish"
"5305","2015-06-05T11:37:15.000","Empleo","PR.FL, PR","spanish"
"5304","2015-06-05T11:37:13.000","Empleo","PR.FJ, PR","spanish"
"5303","2015-06-05T11:36:23.000","Vivienda","PR.MB, PR","spanish"
"5302","2015-06-05T11:35:39.000","Empleo","PR.GL, PR","spanish"
"5301","2015-06-05T11:35:28.000","Empleo","PR.AC, PR","spanish"
"5300","2015-06-05T11:34:50.000","Empleo","PR.PN, PR","spanish"
"5299","2015-06-05T11:34:42.000","Otros...","PR.CG, PR","spanish"
"5298","2015-06-05T11:34:01.000","Empleo","PR.BY, PR","spanish"
"5297","2015-06-05T11:33:46.000","Empleo","PR.BY, PR","spanish"
"5296","2015-06-05T11:33:25.000","Otros...","PR.TB, PR","spanish"
"5295","2015-06-05T11:33:13.000","Empleo","PR.CL, PR","spanish"
"5294","2015-06-05T11:32:51.000","Empleo","PR.FJ, PR","spanish"
"5293","2015-06-05T11:32:26.000","Empleo","PR.SB, PR","spanish"
"5292","2015-06-05T11:32:11.000","Empleo","PR.SA, PR","spanish"
"5291","2015-06-05T11:31:52.000","Vivienda","PR.CV, PR","spanish"
"5290","2015-06-05T11:31:48.000","Empleo","PR.NR, PR","spanish"
"5289","2015-06-05T11:29:42.000","Empleo","PR.TJ, PR","spanish"
"5288","2015-06-05T11:28:15.000","Empleo","PR.MV, PR","spanish"
"5287","2015-06-05T11:27:46.000","Empleo","PR.BY, PR","spanish"
"5286","2015-06-05T11:27:21.000","Empleo","PR.CG, PR","spanish"
"5285","2015-06-05T11:27:16.000","Vivienda","PR.SI, PR","spanish"
"5284","2015-06-05T11:26:54.000","Empleo","PR.HA, PR","spanish"
"5283","2015-06-05T11:26:30.000","Empleo","PR.CV, PR","spanish"
"5282","2015-06-05T11:26:15.000","Pasaporte o Visa","PR.LR, PR","spanish"
"5281","2015-06-05T11:26:09.000","Estudios","PR.CD, PR","spanish"
"5280","2015-06-05T11:26:07.000","Vivienda","PR.GC, PR","spanish"
"5279","2015-06-05T11:25:58.000","Empleo","PR.CN, PR","spanish"
"5278","2015-06-05T11:25:48.000","Empleo","PR.CN, PR","spanish"
"5277","2015-06-05T11:25:27.000","Empleo","PR.CY, PR","spanish"
"5276","2015-06-05T11:25:22.000","Empleo","PR.CG, PR","spanish"
"5275","2015-06-05T11:25:09.000","Empleo","PR.TB, PR","spanish"
"5274","2015-06-05T11:25:07.000","Empleo","PR.HO, PR","spanish"
"5273","2015-06-05T11:24:00.000","Empleo","PR.BQ, PR","spanish"
"5272","2015-06-05T11:23:16.000","Vivienda","PR.AB, PR","spanish"
"5271","2015-06-05T11:22:58.000","Estudios","PR.GB, PR","spanish"
"5270","2015-06-05T11:22:45.000","Vivienda","PR.SJ, PR","spanish"
"5269","2015-06-05T11:22:39.000","Residencia","PR.BQ, PR","spanish"
"5268","2015-06-05T11:22:09.000","Patentes o Franquicias","PR.SG, PR","spanish"
"5267","2015-06-05T11:21:44.000","Otros...","PR.SJ, PR","spanish"
"5266","2015-06-05T11:21:37.000","Residencia","PR.CN, PR","spanish"
"5265","2015-06-05T11:21:24.000","Vivienda","PR.SI, PR","spanish"
"5264","2015-06-05T11:20:47.000","Vivienda","PR.SJ, PR","spanish"
"5263","2015-06-05T11:20:23.000","Empleo","PR.SA, PR","spanish"
"5262","2015-06-05T11:20:18.000","Empleo","PR.HO, PR","spanish"
"5261","2015-06-05T11:19:53.000","Vivienda","PR.MG, PR","spanish"
"5260","2015-06-05T11:19:13.000","Vivienda","PR.TJ, PR","spanish"
"5259","2015-06-05T11:18:38.000","Empleo","PR.LP, PR","spanish"
"5258","2015-06-05T11:18:35.000","Empleo","PR.CN, PR","spanish"
"5257","2015-06-05T11:18:02.000","Otros...","PR.IS, PR","spanish"
"5256","2015-06-05T11:17:50.000","Empleo","PR.CG, PR","spanish"
"5255","2015-06-05T11:17:35.000","Vivienda","PR.TJ, PR","spanish"
"5254","2015-06-05T11:17:26.000","Otros...","PR.GB, PR","spanish"
"5253","2015-06-05T11:16:43.000","Otros...","PR.VA, PR","spanish"
"5252","2015-06-05T11:16:39.000","Patentes o Franquicias","PR.SG, PR","spanish"
"5251","2015-06-05T11:16:06.000","Empleo","PR.PO, PR","spanish"
"5250","2015-06-05T11:15:38.000","Empleo","PR.CZ, PR","spanish"
"5249","2015-06-05T11:15:28.000","Empleo","PR.CG, PR","spanish"
"5248","2015-06-05T11:15:21.000","Vivienda","PR.FL, PR","spanish"
"5247","2015-06-05T11:15:19.000","Otros...","PR.CN, PR","spanish"
"5246","2015-06-05T11:15:16.000","Vivienda","PR.SJ, PR","spanish"
"5245","2015-06-05T11:14:57.000","Empleo","PR.VL, PR","spanish"
"5244","2015-06-05T11:14:23.000","Empleo","PR.SJ, PR","spanish"
"5243","2015-06-05T11:14:11.000","Empleo","PR.HA, PR","spanish"
"5242","2015-06-05T11:13:56.000","Estudios","PR.SJ, PR","spanish"
"5241","2015-06-05T11:13:37.000","Empleo","PR.MG, PR","spanish"
"5240","2015-06-05T11:13:36.000","Vivienda","PR.LM, PR","spanish"
"5239","2015-06-05T11:13:31.000","Empleo","PR.MV, PR","spanish"
"5238","2015-06-05T11:13:30.000","Empleo","PR.HO, PR","spanish"
"5237","2015-06-05T11:13:18.000","Empleo","PR.CN, PR","spanish"
"5236","2015-06-05T11:13:01.000","Empleo","PR.TJ, PR","spanish"
"5235","2015-06-05T11:12:55.000","Vivienda","PR.CA, PR","spanish"
"5234","2015-06-05T11:12:41.000","Empleo","PR.LR, PR","spanish"
"5233","2015-06-05T11:12:18.000","Empleo","PR.MG, PR","spanish"
"5232","2015-06-05T11:11:27.000","Empleo","PR.SJ, PR","spanish"
"5231","2015-06-05T11:10:04.000","Empleo","PR.HO, PR","spanish"
"5230","2015-06-05T11:10:04.000","Vivienda","PR.FL, PR","spanish"
"5229","2015-06-05T11:09:36.000","Empleo","PR.CG, PR","spanish"
"5228","2015-06-05T11:09:21.000","Empleo","PR.FJ, PR","spanish"
"5227","2015-06-05T11:09:16.000","Empleo","PR.CD, PR","spanish"
"5226","2015-06-05T11:09:15.000","Patentes o Franquicias","PR.GM, PR","spanish"
"5225","2015-06-05T11:09:13.000","Empleo","PR.TJ, PR","spanish"
"5224","2015-06-05T11:08:53.000","Otros...","PR.BY, PR","spanish"
"5223","2015-06-05T11:08:41.000","Vivienda","PR.TJ, PR","spanish"
"5222","2015-06-05T11:08:33.000","Empleo","PR.MT, PR","spanish"
"5221","2015-06-05T11:07:28.000","Vivienda","PR.CA, PR","spanish"
"5220","2015-06-05T11:07:22.000","Empleo","PR.CL, PR","spanish"
"5219","2015-06-05T11:07:14.000","Vivienda","PR.SJ, PR","spanish"
"5218","2015-06-05T11:06:53.000","Empleo","PR.HA, PR","spanish"
"5217","2015-06-05T11:05:12.000","Empleo","PR.PN, PR","spanish"
"5216","2015-06-05T11:04:56.000","Empleo","PR.VL, PR","spanish"
"5215","2015-06-05T11:04:41.000","Empleo","PR.CR, PR","spanish"
"5214","2015-06-05T11:03:42.000","Empleo","PR.SJ, PR","spanish"
"5213","2015-06-05T11:03:32.000","Empleo","PR.CA, PR","spanish"
"5212","2015-06-05T11:03:22.000","Patentes o Franquicias","PR.SG, PR","spanish"
"5211","2015-06-05T11:02:38.000","Empleo","PR.SJ, PR","spanish"
"5210","2015-06-05T11:02:23.000","Empleo","PR.GB, PR","spanish"
"5209","2015-06-05T11:02:17.000","Empleo","PR.SJ, PR","spanish"
"5208","2015-06-05T11:01:52.000","Empleo","PR.PO, PR","spanish"
"5207","2015-06-05T11:01:18.000","Empleo","PR.JC, PR","spanish"
"5206","2015-06-05T11:01:00.000","Empleo","PR.CN, PR","spanish"
"5205","2015-06-05T11:00:58.000","Otros...","PR.SJ, PR","spanish"
"5204","2015-06-05T11:00:56.000","Empleo","PR.AL, PR","spanish"
"5203","2015-06-05T11:00:20.000","Empleo","PR.MV, PR","spanish"
"5202","2015-06-05T10:58:39.000","Empleo","PR.CG, PR","spanish"
"5201","2015-06-05T10:58:37.000","Otros...","PR.JD, PR","spanish"
"5200","2015-06-05T10:58:30.000","Estudios","PR.GB, PR","spanish"
"5199","2015-06-05T10:57:55.000","Estudios","PR.UT, PR","spanish"
"5198","2015-06-05T10:56:55.000","Estudios","PR.BC, PR","spanish"
"5197","2015-06-05T10:56:48.000","Empleo","PR.SJ, PR","spanish"
"5196","2015-06-05T10:56:47.000","Otros...","PR.BY, PR","spanish"
"5195","2015-06-05T10:56:41.000","Empleo","PR.AD, PR","spanish"
"5194","2015-06-05T10:56:22.000","Empleo","PR.BY, PR","spanish"
"5193","2015-06-05T10:55:31.000","Otros...","PR.SJ, PR","spanish"
"5192","2015-06-05T10:54:11.000","Estudios","PR.SJ, PR","spanish"
"5191","2015-06-05T10:53:56.000","Empleo","PR.RG, PR","spanish"
"5190","2015-06-05T10:53:38.000","Empleo","PR.CO, PR","spanish"
"5189","2015-06-05T10:53:07.000","Empleo","PR.SJ, PR","spanish"
"5188","2015-06-05T10:52:58.000","Empleo","PR.GR, PR","spanish"
"5187","2015-06-05T10:52:43.000","Otros...","PR.SJ, PR","spanish"
"5186","2015-06-05T10:52:12.000","Vivienda","PR.CT, PR","spanish"
"5185","2015-06-05T10:52:01.000","Empleo","PR.AJ, PR","spanish"
"5184","2015-06-05T10:51:55.000","Vivienda","PR.LM, PR","spanish"
"5183","2015-06-05T10:51:47.000","Empleo","PR.IS, PR","spanish"
"5182","2015-06-05T10:51:20.000","Empleo","PR.CV, PR","spanish"
"5181","2015-06-05T10:51:15.000","Empleo","PR.CG, PR","spanish"
"5180","2015-06-05T10:51:10.000","Empleo","PR.VB, PR","spanish"
"5179","2015-06-05T10:50:40.000","Otros...","PR.AC, PR","spanish"
"5178","2015-06-05T10:50:04.000","Empleo","PR.CN, PR","spanish"
"5177","2015-06-05T10:49:56.000","Otros...","PR.JC, PR","spanish"
"5176","2015-06-05T10:49:46.000","Otros...","PR.BY, PR","spanish"
"5175","2015-06-05T10:49:34.000","Residencia","PR.TA, PR","spanish"
"5174","2015-06-05T10:49:27.000","Vivienda","PR.LM, PR","spanish"
"5173","2015-06-05T10:49:21.000","Empleo","PR.JC, PR","spanish"
"5172","2015-06-05T10:49:15.000","Empleo","DO","spanish"
"5171","2015-06-05T10:48:53.000","Estudios","PR.CN, PR","spanish"
"5170","2015-06-05T10:48:30.000","Empleo","PR.AC, PR","spanish"
"5169","2015-06-05T10:48:16.000","Empleo","PR.SJ, PR","spanish"
"5168","2015-06-05T10:47:58.000","Empleo","PR.TJ, PR","spanish"
"5167","2015-06-05T10:47:58.000","Empleo","PR.SJ, PR","spanish"
"5166","2015-06-05T10:47:46.000","Otros...","PR.PO, PR","spanish"
"5165","2015-06-05T10:47:27.000","Empleo","PR.CN, PR","spanish"
"5164","2015-06-05T10:47:24.000","Empleo","PR.HU, PR","spanish"
"5163","2015-06-05T10:47:21.000","Vivienda","PR.CY, PR","spanish"
"5162","2015-06-05T10:47:17.000","Empleo","PR.NG, PR","spanish"
"5161","2015-06-05T10:46:47.000","Vivienda","PR.MG, PR","spanish"
"5160","2015-06-05T10:46:36.000","Estudios","PR.FL, PR","spanish"
"5159","2015-06-05T10:46:18.000","Empleo","PR.YU, PR","spanish"
"5158","2015-06-05T10:46:09.000","Empleo","PR.SS, PR","spanish"
"5157","2015-06-05T10:45:56.000","Empleo","PR.SJ, PR","spanish"
"5156","2015-06-05T10:45:39.000","Empleo","PR.TJ, PR","spanish"
"5155","2015-06-05T10:45:27.000","Empleo","PR.HO, PR","spanish"
"5154","2015-06-05T10:44:35.000","Empleo","PR.OR, PR","spanish"
"5153","2015-06-05T10:44:21.000","Empleo","PR.CL, PR","spanish"
"5152","2015-06-05T10:43:37.000","Empleo","PR.AB, PR","spanish"
"5151","2015-06-05T10:42:56.000","Empleo","PR.BY, PR","spanish"
"5150","2015-06-05T10:42:42.000","Otros...","PR.PO, PR","spanish"
"5149","2015-06-05T10:42:39.000","Other...","PR.PO, PR","english"
"5148","2015-06-05T10:42:17.000","Empleo","PR.VA, PR","spanish"
"5147","2015-06-05T10:42:14.000","Empleo","PR.SJ, PR","spanish"
"5146","2015-06-05T10:40:56.000","Empleo","PR.NR, PR","spanish"
"5145","2015-06-05T10:40:47.000","Empleo","PR.TB, PR","spanish"
"5144","2015-06-05T10:40:44.000","Empleo","PR.SJ, PR","spanish"
"5143","2015-06-05T10:40:44.000","Empleo","PR.CY, PR","spanish"
"5142","2015-06-05T10:40:37.000","Otros...","PR.SJ, PR","spanish"
"5141","2015-06-05T10:40:03.000","Empleo","PR.CG, PR","spanish"
"5140","2015-06-05T10:38:52.000","Empleo","DO","spanish"
"5139","2015-06-05T10:38:35.000","Empleo","PR.HO, PR","spanish"
"5138","2015-06-05T10:38:28.000","Empleo","PR.SJ, PR","spanish"
"5137","2015-06-05T10:38:19.000","Otros...","PR.BY, PR","spanish"
"5136","2015-06-05T10:38:16.000","Empleo","PR.TB, PR","spanish"
"5135","2015-06-05T10:38:02.000","Empleo","PR.VQ, PR","spanish"
"5134","2015-06-05T10:37:27.000","Empleo","PR.AC, PR","spanish"
"5133","2015-06-05T10:37:05.000","Empleo","PR.MV, PR","spanish"
"5132","2015-06-05T10:36:57.000","Empleo","PR.GB, PR","spanish"
"5131","2015-06-05T10:36:57.000","Empleo","PR.PO, PR","spanish"
"5130","2015-06-05T10:36:32.000","Vivienda","PR.TJ, PR","spanish"
"5129","2015-06-05T10:36:13.000","Otros...","PR.PO, PR","spanish"
"5128","2015-06-05T10:35:58.000","Empleo","PR.SJ, PR","spanish"
"5127","2015-06-05T10:35:48.000","Vivienda","PR.CD, PR","spanish"
"5126","2015-06-05T10:35:37.000","Vivienda","PR.CL, PR","spanish"
"5125","2015-06-05T10:33:51.000","Empleo","PR.FL, PR","spanish"
"5124","2015-06-05T10:33:49.000","Vivienda","PR.CB, PR","spanish"
"5123","2015-06-05T10:33:10.000","Empleo","PR.CN, PR","spanish"
"5122","2015-06-05T10:32:57.000","Empleo","PR.AL, PR","spanish"
"5121","2015-06-05T10:30:05.000","Empleo","PR.IS, PR","spanish"
"5120","2015-06-05T10:29:09.000","Empleo","PR.CN, PR","spanish"
"5119","2015-06-05T10:29:08.000","Empleo","PR.BY, PR","spanish"
"5118","2015-06-05T10:28:29.000","Empleo","PR.RG, PR","spanish"
"5117","2015-06-05T10:28:28.000","Empleo","PR.LP, PR","spanish"
"5116","2015-06-05T10:28:13.000","Empleo","PR.CG, PR","spanish"
"5115","2015-06-05T10:27:16.000","Vivienda","PR.HA, PR","spanish"
"5114","2015-06-05T10:25:45.000","Empleo","PR.PN, PR","spanish"
"5113","2015-06-05T10:25:40.000","Patentes o Franquicias","PR.CV, PR","spanish"
"5112","2015-06-05T10:25:31.000","Empleo","PR.JC, PR","spanish"
"5111","2015-06-05T10:25:23.000","Estudios","PR.CN, PR","spanish"
"5110","2015-06-05T10:24:43.000","Empleo","PR.MG, PR","spanish"
"5109","2015-06-05T10:23:41.000","Otros...","PR.CA, PR","spanish"
"5108","2015-06-05T10:23:28.000","Empleo","PR.AL, PR","spanish"
"5107","2015-06-05T10:23:22.000","Otros...","PR.BQ, PR","spanish"
"5106","2015-06-05T10:22:57.000","Empleo","PR.HU, PR","spanish"
"5105","2015-06-05T10:22:47.000","Estudios","PR.SJ, PR","spanish"
"5104","2015-06-05T10:22:01.000","Patentes o Franquicias","PR.SB, PR","spanish"
"5103","2015-06-05T10:21:27.000","Empleo","PR.YU, PR","spanish"
"5102","2015-06-05T10:21:06.000","Empleo","PR.PN, PR","spanish"
"5101","2015-06-05T10:20:54.000","Empleo","PR.HU, PR","spanish"
"5100","2015-06-05T10:20:49.000","Empleo","PR.TB, PR","spanish"
"5099","2015-06-05T10:20:46.000","Empleo","PR.CN, PR","spanish"
"5098","2015-06-05T10:20:23.000","Empleo","DO","spanish"
"5097","2015-06-05T10:19:48.000","Empleo","PR.SJ, PR","spanish"
"5096","2015-06-05T10:19:45.000","Empleo","PR.CN, PR","spanish"
"5095","2015-06-05T10:19:13.000","Empleo","PR.AC, PR","spanish"
"5094","2015-06-05T10:19:07.000","Empleo","PR.VQ, PR","spanish"
"5093","2015-06-05T10:19:06.000","Vivienda","PR.TJ, PR","spanish"
"5092","2015-06-05T10:18:59.000","Empleo","PR.VA, PR","spanish"
"5091","2015-06-05T10:18:45.000","Empleo","PR.VA, PR","spanish"
"5090","2015-06-05T10:18:26.000","Vivienda","PR.CO, PR","spanish"
"5089","2015-06-05T10:17:14.000","Empleo","PR.SL, PR","spanish"
"5088","2015-06-05T10:16:32.000","Vivienda","PR.TJ, PR","spanish"
"5087","2015-06-05T10:16:30.000","Vivienda","PR.FL, PR","spanish"
"5086","2015-06-05T10:15:30.000","Empleo","PR.LP, PR","spanish"
"5085","2015-06-05T10:15:22.000","Licencia de Armas","PR.SJ, PR","spanish"
"5084","2015-06-05T10:15:05.000","Empleo","PR.PN, PR","spanish"
"5083","2015-06-05T10:14:45.000","Empleo","PR.VB, PR","spanish"
"5082","2015-06-05T10:14:42.000","Empleo","PR.GB, PR","spanish"
"5081","2015-06-05T10:14:42.000","Estudios","PR.RC, PR","spanish"
"5080","2015-06-05T10:14:17.000","Empleo","PR.TA, PR","spanish"
"5079","2015-06-05T10:14:17.000","Empleo","PR.TB, PR","spanish"
"5078","2015-06-05T10:14:13.000","Estudios","PR.CN, PR","spanish"
"5077","2015-06-05T10:14:13.000","Empleo","PR.VA, PR","spanish"
"5076","2015-06-05T10:14:01.000","Empleo","PR.CN, PR","spanish"
"5075","2015-06-05T10:13:39.000","Empleo","PR.PN, PR","spanish"
"5074","2015-06-05T10:12:31.000","Empleo","PR.IS, PR","spanish"
"5073","2015-06-05T10:12:25.000","Otros...","PR.JC, PR","spanish"
"5072","2015-06-05T10:12:03.000","Empleo","PR.RC, PR","spanish"
"5071","2015-06-05T10:11:59.000","Empleo","PR.SJ, PR","spanish"
"5070","2015-06-05T10:11:44.000","Empleo","PR.CL, PR","spanish"
"5069","2015-06-05T10:10:46.000","Empleo","PR.AI, PR","spanish"
"5068","2015-06-05T10:10:43.000","Vivienda","PR.FL, PR","spanish"
"5067","2015-06-05T10:09:57.000","Otros...","PR.IS, PR","spanish"
"5066","2015-06-05T10:09:45.000","Empleo","PR.SL, PR","spanish"
"5065","2015-06-05T10:09:35.000","Empleo","PR.CD, PR","spanish"
"5064","2015-06-05T10:08:43.000","Empleo","PR.VA, PR","spanish"
"5063","2015-06-05T10:08:38.000","Vivienda","PR.TJ, PR","spanish"
"5062","2015-06-05T10:08:38.000","Estudios","PR.SJ, PR","spanish"
"5061","2015-06-05T10:08:37.000","Otros...","PR.TA, PR","spanish"
"5060","2015-06-05T10:08:19.000","Empleo","PR.LP, PR","spanish"
"5059","2015-06-05T10:07:59.000","Otros...","PR.SJ, PR","spanish"
"5058","2015-06-05T10:07:48.000","Empleo","PR.OR, PR","spanish"
"5057","2015-06-05T10:07:02.000","Empleo","PR.SJ, PR","spanish"
"5056","2015-06-05T10:06:58.000","Empleo","PR.SJ, PR","spanish"
"5055","2015-06-05T10:06:45.000","Empleo","PR.HA, PR","spanish"
"5054","2015-06-05T10:03:24.000","Estudios","PR.BY, PR","spanish"
"5053","2015-06-05T10:03:15.000","Empleo","PR.MT, PR","spanish"
"5052","2015-06-05T10:03:09.000","Empleo","PR.FJ, PR","spanish"
"5051","2015-06-05T10:03:05.000","Otros...","PR.CR, PR","spanish"
"5050","2015-06-05T10:02:51.000","Empleo","PR.JD, PR","spanish"
"5049","2015-06-05T10:01:52.000","Estudios","PR.BY, PR","spanish"
"5048","2015-06-05T10:00:22.000","Empleo","PR.RG, PR","spanish"
"5047","2015-06-05T09:59:43.000","Empleo","PR.BY, PR","spanish"
"5046","2015-06-05T09:59:19.000","Otros...","PR.IS, PR","spanish"
"5045","2015-06-05T09:59:11.000","Estudios","PR.CD, PR","spanish"
"5044","2015-06-05T09:59:00.000","Empleo","PR.CV, PR","spanish"
"5043","2015-06-05T09:58:59.000","Vivienda","PR.CO, PR","spanish"
"5042","2015-06-05T09:58:43.000","Empleo","PR.MG, PR","spanish"
"5041","2015-06-05T09:58:39.000","Empleo","PR.SA, PR","spanish"
"5040","2015-06-05T09:57:06.000","Empleo","PR.PN, PR","spanish"
"5039","2015-06-05T09:56:57.000","Empleo","PR.VB, PR","spanish"
"5038","2015-06-05T09:56:43.000","Patentes o Franquicias","PR.MC, PR","spanish"
"5037","2015-06-05T09:55:52.000","Otros...","PR.SJ, PR","spanish"
"5036","2015-06-05T09:55:22.000","Estudios","PR.MT, PR","spanish"
"5035","2015-06-05T09:54:34.000","Empleo","PR.CD, PR","spanish"
"5034","2015-06-05T09:54:28.000","Empleo","PR.PN, PR","spanish"
"5033","2015-06-05T09:54:27.000","Empleo","PR.SJ, PR","spanish"
"5032","2015-06-05T09:54:14.000","Otros...","PR.AC, PR","spanish"
"5031","2015-06-05T09:54:11.000","Empleo","PR.TB, PR","spanish"
"5030","2015-06-05T09:54:01.000","Empleo","PR.SJ, PR","spanish"
"5029","2015-06-05T09:53:30.000","Empleo","PR.SL, PR","spanish"
"5028","2015-06-05T09:52:55.000","Vivienda","PR.PO, PR","spanish"
"5027","2015-06-05T09:50:55.000","Empleo","PR.PO, PR","spanish"
"5026","2015-06-05T09:50:19.000","Empleo","PR.CN, PR","spanish"
"5025","2015-06-05T09:50:14.000","Empleo","PR.VB, PR","spanish"
"5024","2015-06-05T09:50:03.000","Empleo","PR.TJ, PR","spanish"
"5023","2015-06-05T09:50:03.000","Empleo","PR.YU, PR","spanish"
"5022","2015-06-05T09:49:42.000","Otros...","PR.BY, PR","spanish"
"5021","2015-06-05T09:49:41.000","Otros...","PR.BQ, PR","spanish"
"5020","2015-06-05T09:48:22.000","Empleo","PR.GR, PR","spanish"
"5019","2015-06-05T09:48:12.000","Otros...","PR.TJ, PR","spanish"
"5018","2015-06-05T09:47:52.000","Empleo","PR.PN, PR","spanish"
"5017","2015-06-05T09:47:44.000","Empleo","PR.VA, PR","spanish"
"5016","2015-06-05T09:47:37.000","Estudios","PR.VB, PR","spanish"
"5015","2015-06-05T09:46:29.000","Empleo","DO","spanish"
"5014","2015-06-05T09:45:56.000","Empleo","PR.YU, PR","spanish"
"5013","2015-06-05T09:44:58.000","Empleo","PR.BY, PR","spanish"
"5012","2015-06-05T09:44:50.000","Vivienda","PR.FL, PR","spanish"
"5011","2015-06-05T09:44:34.000","Empleo","PR.SJ, PR","spanish"
"5010","2015-06-05T09:42:33.000","Empleo","PR.NG, PR","spanish"
"5009","2015-06-05T09:42:18.000","Empleo","PR.AC, PR","spanish"
"5008","2015-06-05T09:42:02.000","Empleo","PR.BY, PR","spanish"
"5007","2015-06-05T09:41:48.000","Empleo","PR.AC, PR","spanish"
"5006","2015-06-05T09:40:42.000","Empleo","PR.VB, PR","spanish"
"5005","2015-06-05T09:40:11.000","Empleo","PR.GR, PR","spanish"
"5004","2015-06-05T09:40:10.000","Estudios","PR.GL, PR","spanish"
"4548","2015-06-05T09:39:19.000","Empleo","PR.TB, PR","spanish"
"4547","2015-06-05T09:38:02.000","Empleo","PR.MG, PR","spanish"
"4546","2015-06-05T09:37:58.000","Empleo","PR.SJ, PR","spanish"
"4545","2015-06-05T09:37:25.000","Empleo","PR.NG, PR","spanish"
"4544","2015-06-05T09:36:28.000","Empleo","PR.PN, PR","spanish"
"4543","2015-06-05T09:36:16.000","Otros...","PR.MC, PR","spanish"
"4542","2015-06-05T09:35:21.000","Empleo","PR.CN, PR","spanish"
"4541","2015-06-05T09:34:54.000","Otros...","PR.AN, PR","spanish"
"4540","2015-06-05T09:34:24.000","Empleo","PR.LJ, PR","spanish"
"4539","2015-06-05T09:34:13.000","Empleo","PR.FJ, PR","spanish"
"4538","2015-06-05T09:34:11.000","Empleo","PR.YU, PR","spanish"
"4537","2015-06-05T09:33:26.000","Empleo","PR.VB, PR","spanish"
"4536","2015-06-05T09:33:11.000","Empleo","PR.CR, PR","spanish"
"4535","2015-06-05T09:33:11.000","Empleo","PR.SL, PR","spanish"
"4534","2015-06-05T09:33:02.000","Empleo","PR.VB, PR","spanish"
"4533","2015-06-05T09:32:55.000","Empleo","PR.SJ, PR","spanish"
"4532","2015-06-05T09:31:42.000","Empleo","PR.PN, PR","spanish"
"4531","2015-06-05T09:31:36.000","Empleo","PR.HU, PR","spanish"
"4530","2015-06-05T09:31:20.000","Empleo","PR.FJ, PR","spanish"
"4529","2015-06-05T09:30:26.000","Empleo","PR.GB, PR","spanish"
"4528","2015-06-05T09:26:09.000","Empleo","PR.MT, PR","spanish"
"4527","2015-06-05T09:25:51.000","Empleo","PR.AC, PR","spanish"
"4526","2015-06-05T09:25:26.000","Otros...","PR.MG, PR","spanish"
"4525","2015-06-05T09:24:56.000","Empleo","PR.CR, PR","spanish"
"4524","2015-06-05T09:24:25.000","Empleo","PR.IS, PR","spanish"
"4523","2015-06-05T09:24:11.000","Empleo","PR.PO, PR","spanish"
"4522","2015-06-05T09:23:16.000","Vivienda","PR.PT, PR","spanish"
"4521","2015-06-05T09:23:14.000","Vivienda","PR.VB, PR","spanish"
"4520","2015-06-05T09:22:45.000","Empleo","PR.GR, PR","spanish"
"4519","2015-06-05T09:22:18.000","Empleo","PR.IS, PR","spanish"
"4518","2015-06-05T09:21:33.000","Empleo","PR.RG, PR","spanish"
"4517","2015-06-05T09:21:02.000","Vivienda","PR.VA, PR","spanish"
"4516","2015-06-05T09:19:51.000","Empleo","PR.JY, PR","spanish"
"4515","2015-06-05T09:19:46.000","Empleo","PR.BY, PR","spanish"
"4514","2015-06-05T09:19:03.000","Empleo","PR.SJ, PR","spanish"
"4513","2015-06-05T09:17:52.000","Empleo","PR.SL, PR","spanish"
"4512","2015-06-05T09:16:51.000","Vivienda","PR.RG, PR","spanish"
"4511","2015-06-05T09:16:41.000","Empleo","PR.MG, PR","spanish"
"4510","2015-06-05T09:16:12.000","Vivienda","PR.VA, PR","spanish"
"4509","2015-06-05T09:15:50.000","Empleo","PR.CG, PR","spanish"
"4508","2015-06-05T09:15:18.000","Empleo","PR.CN, PR","spanish"
"4507","2015-06-05T09:14:31.000","Empleo","PR.LR, PR","spanish"
"4506","2015-06-05T09:13:57.000","Otros...","PR.GB, PR","spanish"
"4505","2015-06-05T09:13:53.000","Estudios","PR.SJ, PR","spanish"
"4504","2015-06-05T09:12:58.000","Empleo","PR.CN, PR","spanish"
"4503","2015-06-05T09:12:40.000","Empleo","PR.IS, PR","spanish"
"4502","2015-06-05T09:11:30.000","Empleo","PR.SJ, PR","spanish"
"4501","2015-06-05T09:11:15.000","Vivienda","PR.AJ, PR","spanish"
"4500","2015-06-05T09:10:30.000","Estudios","PR.PN, PR","spanish"
"4499","2015-06-05T09:09:45.000","Empleo","PR.CN, PR","spanish"
"4498","2015-06-05T09:09:29.000","Empleo","PR.SJ, PR","spanish"
"4497","2015-06-05T09:09:19.000","Otros...","PR.TA, PR","spanish"
"4496","2015-06-05T09:09:07.000","Empleo","PR.JC, PR","spanish"
"4495","2015-06-05T09:09:06.000","Empleo","PR.SJ, PR","spanish"
"4494","2015-06-05T09:08:36.000","Vivienda","PR.AJ, PR","spanish"
"4493","2015-06-05T09:08:35.000","Empleo","PR.VB, PR","spanish"
"4492","2015-06-05T09:07:51.000","Estudios","PR.PO, PR","spanish"
"4491","2015-06-05T09:07:43.000","Vivienda","PR.CR, PR","spanish"
"4490","2015-06-05T09:07:43.000","Empleo","PR.IS, PR","spanish"
"4489","2015-06-05T09:07:18.000","Empleo","PR.IS, PR","spanish"
"4488","2015-06-05T09:06:39.000","Empleo","PR.TA, PR","spanish"
"4487","2015-06-05T09:06:30.000","Empleo","PR.SJ, PR","spanish"
"4486","2015-06-05T09:06:25.000","Empleo","PR.CN, PR","spanish"
"4485","2015-06-05T09:06:16.000","Otros...","PR.MT, PR","spanish"
"4484","2015-06-05T09:05:44.000","Otros...","PR.DO, PR","spanish"
"4483","2015-06-05T09:05:28.000","Empleo","PR.BY, PR","spanish"
"4482","2015-06-05T09:04:43.000","Otros...","PR.FJ, PR","spanish"
"4481","2015-06-05T09:04:28.000","Empleo","PR.AL, PR","spanish"
"4480","2015-06-05T09:02:53.000","Empleo","PR.SJ, PR","spanish"
"4479","2015-06-05T09:02:35.000","Empleo","PR.BC, PR","spanish"
"4478","2015-06-05T09:00:58.000","Empleo","PR.VA, PR","spanish"
"4477","2015-06-05T09:00:27.000","Empleo","PR.CG, PR","spanish"
"4476","2015-06-05T09:00:09.000","Empleo","PR.CN, PR","spanish"
"4475","2015-06-05T08:59:41.000","Empleo","PR.IS, PR","spanish"
"4474","2015-06-05T08:59:30.000","Empleo","PR.SJ, PR","spanish"
"4473","2015-06-05T08:59:26.000","Empleo","PR.CD, PR","spanish"
"4472","2015-06-05T08:58:58.000","Empleo","PR.PO, PR","spanish"
"4471","2015-06-05T08:58:52.000","Empleo","PR.GB, PR","spanish"
"4470","2015-06-05T08:58:44.000","Empleo","PR.BY, PR","spanish"
"4469","2015-06-05T08:58:31.000","Empleo","PR.CY, PR","spanish"
"4468","2015-06-05T08:58:19.000","Empleo","PR.JD, PR","spanish"
"4467","2015-06-05T08:57:21.000","Empleo","PR.MG, PR","spanish"
"4466","2015-06-05T08:57:12.000","Estudios","PR.PN, PR","spanish"
"4465","2015-06-05T08:57:05.000","Otros...","PR.AN, PR","spanish"
"4464","2015-06-05T08:57:00.000","Otros...","PR.GB, PR","spanish"
"4463","2015-06-05T08:56:59.000","Empleo","PR.SJ, PR","spanish"
"4462","2015-06-05T08:56:49.000","Estudios","PR.AJ, PR","spanish"
"4461","2015-06-05T08:55:59.000","Empleo","PR.VB, PR","spanish"
"4460","2015-06-05T08:55:30.000","Empleo","PR.PN, PR","spanish"
"4459","2015-06-05T08:55:00.000","Empleo","PR.SJ, PR","spanish"
"4458","2015-06-05T08:54:24.000","Empleo","PR.SS, PR","spanish"
"4457","2015-06-05T08:53:17.000","Empleo","PR.LZ, PR","spanish"
"4456","2015-06-05T08:53:00.000","Empleo","PR.VB, PR","spanish"
"4455","2015-06-05T08:51:41.000","Empleo","PR.TB, PR","spanish"
"4454","2015-06-05T08:51:29.000","Empleo","PR.BY, PR","spanish"
"4453","2015-06-05T08:51:25.000","Empleo","PR.AC, PR","spanish"
"4452","2015-06-05T08:51:03.000","Estudios","PR.PN, PR","spanish"
"4451","2015-06-05T08:50:57.000","Empleo","PR.CY, PR","spanish"
"4450","2015-06-05T08:50:55.000","Empleo","PR.PN, PR","spanish"
"4449","2015-06-05T08:50:27.000","Vivienda","PR.MG, PR","spanish"
"4448","2015-06-05T08:48:46.000","Empleo","PR.AC, PR","spanish"
"4447","2015-06-05T08:48:42.000","Empleo","PR.SJ, PR","spanish"
"4446","2015-06-05T08:48:37.000","Otros...","PR.SJ, PR","spanish"
"4445","2015-06-05T08:48:32.000","Empleo","PR.CN, PR","spanish"
"4444","2015-06-05T08:48:16.000","Empleo","PR.DO, PR","spanish"
"4443","2015-06-05T08:47:56.000","Empleo","PR.CL, PR","spanish"
"4442","2015-06-05T08:47:39.000","Estudios","PR.PN, PR","spanish"
"4441","2015-06-05T08:47:15.000","Empleo","PR.LJ, PR","spanish"
"4440","2015-06-05T08:46:32.000","Empleo","PR.DO, PR","spanish"
"4439","2015-06-05T08:46:30.000","Empleo","PR.MG, PR","spanish"
"4438","2015-06-05T08:46:14.000","Empleo","PR.TA, PR","spanish"
"4437","2015-06-05T08:46:01.000","Empleo","PR.CN, PR","spanish"
"4436","2015-06-05T08:45:37.000","Empleo","PR.SJ, PR","spanish"
"4435","2015-06-05T08:45:14.000","Otros...","PR.AN, PR","spanish"
"4434","2015-06-05T08:44:25.000","Otros...","PR.CL, PR","spanish"
"4433","2015-06-05T08:43:32.000","Empleo","PR.GM, PR","spanish"
"4432","2015-06-05T08:43:05.000","Otros...","PR.GB, PR","spanish"
"4431","2015-06-05T08:42:37.000","Otros...","PR.SS, PR","spanish"
"4430","2015-06-05T08:42:34.000","Empleo","PR.BY, PR","spanish"
"4429","2015-06-05T08:42:30.000","Empleo","PR.LP, PR","spanish"
"4428","2015-06-05T08:42:27.000","Empleo","PR.TB, PR","spanish"
"4427","2015-06-05T08:42:00.000","Empleo","PR.SJ, PR","spanish"
"4426","2015-06-05T08:41:59.000","Otros...","PR.SJ, PR","spanish"
"4425","2015-06-05T08:41:53.000","Residencia","PR.CY, PR","spanish"
