"fecha_emision","region","oficina","tipo","familias","participantes"
"201210","AGUADILLA","AGUADA","ACUACULTURA","6","6"
"201210","AGUADILLA","AGUADA","AGRICULTURA","26","27"
"201210","AGUADILLA","AGUADILLA 1","AGRICULTURA","14","15"
"201210","AGUADILLA","AGUADILLA 2","ACUACULTURA","2","2"
"201210","AGUADILLA","AGUADILLA 2","AGRICULTURA","8","8"
"201210","AGUADILLA","AGUADILLA 2","MARICULTURA","3","3"
"201210","AGUADILLA","ISABELA","AGRICULTURA","56","57"
"201210","AGUADILLA","LAS MARÍAS","AGRICULTURA","156","165"
"201210","AGUADILLA","MOCA","ACUACULTURA","2","2"
"201210","AGUADILLA","MOCA","AGRICULTURA","110","114"
"201210","AGUADILLA","RINCÓN","ACUACULTURA","5","5"
"201210","AGUADILLA","RINCÓN","AGRICULTURA","9","9"
"201210","AGUADILLA","RINCÓN","MARICULTURA","2","2"
"201210","AGUADILLA","SAN SEBASTÍAN","ACUACULTURA","8","8"
"201210","AGUADILLA","SAN SEBASTÍAN","AGRICULTURA","321","341"
"201210","ARECIBO","ARECIBO 1","ACUACULTURA","3","3"
"201210","ARECIBO","ARECIBO 1","AGRICULTURA","68","69"
"201210","ARECIBO","ARECIBO 3","ACUACULTURA","1","1"
"201210","ARECIBO","ARECIBO 3","AGRICULTURA","31","32"
"201210","ARECIBO","BARCELONETA","AGRICULTURA","15","16"
"201210","ARECIBO","CAMUY","ACUACULTURA","2","2"
"201210","ARECIBO","CAMUY","AGRICULTURA","151","155"
"201210","ARECIBO","CAMUY","MARICULTURA","1","1"
"201210","ARECIBO","CIALES","AGRICULTURA","73","75"
"201210","ARECIBO","FLORIDA","AGRICULTURA","9","9"
"201210","ARECIBO","HATILLO","AGRICULTURA","205","207"
"201210","ARECIBO","LARES","AGRICULTURA","463","506"
"201210","ARECIBO","MANATI","ACUACULTURA","1","1"
"201210","ARECIBO","MANATI","AGRICULTURA","28","29"
"201210","ARECIBO","MOROVIS","AGRICULTURA","57","57"
"201210","ARECIBO","QUEBRADILLAS","AGRICULTURA","56","57"
"201210","ARECIBO","UTUADO 1","ACUACULTURA","1","1"
"201210","ARECIBO","UTUADO 1","AGRICULTURA","265","270"
"201210","ARECIBO","UTUADO 2","AGRICULTURA","114","115"
"201210","BAYAMON","BAYAMON 3","AGRICULTURA","1","1"
"201210","BAYAMON","COROZAL","ACUACULTURA","1","1"
"201210","BAYAMON","COROZAL","AGRICULTURA","114","115"
"201210","BAYAMON","DORADO","ACUACULTURA","5","5"
"201210","BAYAMON","DORADO","AGRICULTURA","7","8"
"201210","BAYAMON","NARANJITO","ACUACULTURA","3","3"
"201210","BAYAMON","NARANJITO","AGRICULTURA","76","78"
"201210","BAYAMON","TOA ALTA","AGRICULTURA","5","5"
"201210","BAYAMON","TOA BAJA 1","AGRICULTURA","5","5"
"201210","BAYAMON","VEGA ALTA","ACUACULTURA","1","1"
"201210","BAYAMON","VEGA ALTA","AGRICULTURA","14","14"
"201210","BAYAMON","VEGA ALTA","MARICULTURA","1","1"
"201210","BAYAMON","VEGA BAJA 1","ACUACULTURA","1","1"
"201210","BAYAMON","VEGA BAJA 1","AGRICULTURA","13","13"
"201210","BAYAMON","VEGA BAJA 2","AGRICULTURA","18","18"
"201210","CAGUAS","AGUAS BUENAS","ACUACULTURA","2","2"
"201210","CAGUAS","AGUAS BUENAS","AGRICULTURA","17","20"
"201210","CAGUAS","BARRANQUITAS","ACUACULTURA","2","2"
"201210","CAGUAS","BARRANQUITAS","AGRICULTURA","281","293"
"201210","CAGUAS","CAGUAS","AGRICULTURA","18","19"
"201210","CAGUAS","CIDRA","AGRICULTURA","33","34"
"201210","CAGUAS","COMERIO","AGRICULTURA","44","44"
"201210","CAGUAS","GURABO","AGRICULTURA","1","1"
"201210","CAGUAS","GURABO","MARICULTURA","1","1"
"201210","CAGUAS","SAN LORENZO","ACUACULTURA","1","1"
"201210","CAGUAS","SAN LORENZO","AGRICULTURA","91","91"
"201210","CAROLINA","CANOVANAS","ACUACULTURA","1","2"
"201210","CAROLINA","CANOVANAS","AGRICULTURA","27","27"
"201210","CAROLINA","CAROLINA 1","AGRICULTURA","1","1"
"201210","CAROLINA","LOIZA","AGRICULTURA","1","1"
"201210","CAROLINA","LOIZA","MARICULTURA","2","2"
"201210","CAROLINA","LUQUILLO","AGRICULTURA","2","2"
"201210","CAROLINA","RIO GRANDE 1","ACUACULTURA","1","1"
"201210","CAROLINA","RIO GRANDE 1","AGRICULTURA","26","28"
"201210","CAROLINA","RIO GRANDE 1","MARICULTURA","1","1"
"201210","CAROLINA","TRUJILLO ALTO","AGRICULTURA","2","2"
"201210","GUAYAMA","ARROYO","ACUACULTURA","1","1"
"201210","GUAYAMA","ARROYO","AGRICULTURA","21","22"
"201210","GUAYAMA","CAYEY","ACUACULTURA","1","2"
"201210","GUAYAMA","CAYEY","AGRICULTURA","15","15"
"201210","GUAYAMA","GUAYAMA","ACUACULTURA","1","1"
"201210","GUAYAMA","GUAYAMA","AGRICULTURA","79","82"
"201210","GUAYAMA","PATILLAS","ACUACULTURA","1","1"
"201210","GUAYAMA","PATILLAS","AGRICULTURA","43","43"
"201210","GUAYAMA","SALINAS","ACUACULTURA","2","2"
"201210","GUAYAMA","SALINAS","AGRICULTURA","116","122"
"201210","GUAYAMA","SALINAS","MARICULTURA","1","1"
"201210","GUAYAMA","SANTA ISABEL","ACUACULTURA","1","1"
"201210","GUAYAMA","SANTA ISABEL","AGRICULTURA","236","252"
"201210","HUMACAO","CEIBA","ACUACULTURA","4","5"
"201210","HUMACAO","CEIBA","AGRICULTURA","2","2"
"201210","HUMACAO","FAJARDO","ACUACULTURA","2","2"
"201210","HUMACAO","FAJARDO","AGRICULTURA","1","1"
"201210","HUMACAO","HUMACAO","AGRICULTURA","13","13"
"201210","HUMACAO","JUNCOS","AGRICULTURA","8","8"
"201210","HUMACAO","LAS PIEDRAS","ACUACULTURA","1","1"
"201210","HUMACAO","LAS PIEDRAS","AGRICULTURA","44","45"
"201210","HUMACAO","MAUNABO","ACUACULTURA","1","1"
"201210","HUMACAO","MAUNABO","AGRICULTURA","13","13"
"201210","HUMACAO","NAGUABO","ACUACULTURA","2","2"
"201210","HUMACAO","NAGUABO","AGRICULTURA","21","21"
"201210","HUMACAO","NAGUABO","MARICULTURA","2","2"
"201210","HUMACAO","VIEQUES","ACUACULTURA","15","15"
"201210","HUMACAO","VIEQUES","AGRICULTURA","1","1"
"201210","HUMACAO","YABUCOA","ACUACULTURA","1","1"
"201210","HUMACAO","YABUCOA","AGRICULTURA","71","74"
"201210","MAYAGÜEZ","AÑASCO","ACUACULTURA","9","9"
"201210","MAYAGÜEZ","AÑASCO","AGRICULTURA","52","54"
"201210","MAYAGÜEZ","CABO ROJO","ACUACULTURA","16","16"
"201210","MAYAGÜEZ","CABO ROJO","AGRICULTURA","67","74"
"201210","MAYAGÜEZ","CABO ROJO","MARICULTURA","22","24"
"201210","MAYAGÜEZ","GUANICA","ACUACULTURA","6","6"
"201210","MAYAGÜEZ","GUANICA","AGRICULTURA","93","98"
"201210","MAYAGÜEZ","HORMIGUEROS","AGRICULTURA","3","3"
"201210","MAYAGÜEZ","LAJAS","ACUACULTURA","1","2"
"201210","MAYAGÜEZ","LAJAS","AGRICULTURA","113","117"
"201210","MAYAGÜEZ","MARICAO","AGRICULTURA","127","134"
"201210","MAYAGÜEZ","MAYAGÜEZ","AGRICULTURA","30","33"
"201210","MAYAGÜEZ","MAYAGÜEZ","MARICULTURA","2","2"
"201210","MAYAGÜEZ","SABANA GRANDE","AGRICULTURA","68","78"
"201210","MAYAGÜEZ","SAN GERMAN","ACUACULTURA","1","1"
"201210","MAYAGÜEZ","SAN GERMAN","AGRICULTURA","93","97"
"201210","MAYAGÜEZ","SAN GERMAN","MARICULTURA","1","1"
"201210","PONCE","ADJUNTAS","AGRICULTURA","463","489"
"201210","PONCE","AIBONITO","ACUACULTURA","1","1"
"201210","PONCE","AIBONITO","AGRICULTURA","56","56"
"201210","PONCE","CASTAÑER","AGRICULTURA","210","216"
"201210","PONCE","COAMO","AGRICULTURA","180","189"
"201210","PONCE","GUAYANILLA","AGRICULTURA","124","126"
"201210","PONCE","GUAYANILLA","MARICULTURA","1","1"
"201210","PONCE","JAYUYA","AGRICULTURA","108","113"
"201210","PONCE","JUANA DIAZ","AGRICULTURA","221","226"
"201210","PONCE","OROCOVIS","ACUACULTURA","1","1"
"201210","PONCE","OROCOVIS","AGRICULTURA","202","205"
"201210","PONCE","PEÑUELAS","ACUACULTURA","1","1"
"201210","PONCE","PEÑUELAS","AGRICULTURA","59","64"
"201210","PONCE","PONCE 1","AGRICULTURA","2","2"
"201210","PONCE","PONCE 2","AGRICULTURA","15","15"
"201210","PONCE","PONCE 3","ACUACULTURA","4","4"
"201210","PONCE","PONCE 3","AGRICULTURA","101","104"
"201210","PONCE","VILLALBA","ACUACULTURA","8","10"
"201210","PONCE","VILLALBA","AGRICULTURA","125","128"
"201210","PONCE","YAUCO","ACUACULTURA","1","1"
"201210","PONCE","YAUCO","AGRICULTURA","354","364"
"201210","SAN JUAN","RIO PIEDRAS 2","AGRICULTURA","1","1"
"201210","SAN JUAN","SAN JUAN","AGRICULTURA","1","1"
"201210","SAN JUAN","SAN JUAN","MARICULTURA","1","1"
"201211","AGUADILLA","AGUADA","ACUACULTURA","6","6"
"201211","AGUADILLA","AGUADA","AGRICULTURA","26","27"
"201211","AGUADILLA","AGUADILLA 1","AGRICULTURA","14","15"
"201211","AGUADILLA","AGUADILLA 2","ACUACULTURA","2","2"
"201211","AGUADILLA","AGUADILLA 2","AGRICULTURA","8","8"
"201211","AGUADILLA","AGUADILLA 2","MARICULTURA","3","3"
"201211","AGUADILLA","ISABELA","AGRICULTURA","57","57"
"201211","AGUADILLA","LAS MARÍAS","AGRICULTURA","158","166"
"201211","AGUADILLA","MOCA","ACUACULTURA","2","2"
"201211","AGUADILLA","MOCA","AGRICULTURA","108","110"
"201211","AGUADILLA","RINCÓN","ACUACULTURA","5","5"
"201211","AGUADILLA","RINCÓN","AGRICULTURA","9","9"
"201211","AGUADILLA","RINCÓN","MARICULTURA","2","2"
"201211","AGUADILLA","SAN SEBASTÍAN","ACUACULTURA","8","8"
"201211","AGUADILLA","SAN SEBASTÍAN","AGRICULTURA","326","333"
"201211","ARECIBO","ARECIBO 1","ACUACULTURA","3","3"
"201211","ARECIBO","ARECIBO 1","AGRICULTURA","68","69"
"201211","ARECIBO","ARECIBO 3","ACUACULTURA","1","1"
"201211","ARECIBO","ARECIBO 3","AGRICULTURA","30","30"
"201211","ARECIBO","BARCELONETA","ACUACULTURA","1","1"
"201211","ARECIBO","BARCELONETA","AGRICULTURA","15","15"
"201211","ARECIBO","CAMUY","ACUACULTURA","2","2"
"201211","ARECIBO","CAMUY","AGRICULTURA","154","154"
"201211","ARECIBO","CAMUY","MARICULTURA","1","1"
"201211","ARECIBO","CIALES","AGRICULTURA","73","75"
"201211","ARECIBO","FLORIDA","AGRICULTURA","9","9"
"201211","ARECIBO","HATILLO","AGRICULTURA","204","208"
"201211","ARECIBO","LARES","AGRICULTURA","461","489"
"201211","ARECIBO","MANATI","ACUACULTURA","1","1"
"201211","ARECIBO","MANATI","AGRICULTURA","27","29"
"201211","ARECIBO","MOROVIS","AGRICULTURA","59","59"
"201211","ARECIBO","QUEBRADILLAS","AGRICULTURA","56","56"
"201211","ARECIBO","UTUADO 1","ACUACULTURA","1","1"
"201211","ARECIBO","UTUADO 1","AGRICULTURA","268","275"
"201211","ARECIBO","UTUADO 2","AGRICULTURA","113","115"
"201211","BAYAMON","BAYAMON 3","AGRICULTURA","1","1"
"201211","BAYAMON","COROZAL","ACUACULTURA","1","1"
"201211","BAYAMON","COROZAL","AGRICULTURA","119","120"
"201211","BAYAMON","DORADO","ACUACULTURA","5","5"
"201211","BAYAMON","DORADO","AGRICULTURA","7","7"
"201211","BAYAMON","NARANJITO","ACUACULTURA","3","3"
"201211","BAYAMON","NARANJITO","AGRICULTURA","77","82"
"201211","BAYAMON","TOA ALTA","AGRICULTURA","5","5"
"201211","BAYAMON","TOA BAJA 1","AGRICULTURA","5","5"
"201211","BAYAMON","VEGA ALTA","ACUACULTURA","1","1"
"201211","BAYAMON","VEGA ALTA","AGRICULTURA","15","15"
"201211","BAYAMON","VEGA ALTA","MARICULTURA","1","1"
"201211","BAYAMON","VEGA BAJA 1","ACUACULTURA","1","1"
"201211","BAYAMON","VEGA BAJA 1","AGRICULTURA","14","14"
"201211","BAYAMON","VEGA BAJA 2","AGRICULTURA","18","20"
"201211","CAGUAS","AGUAS BUENAS","ACUACULTURA","2","2"
"201211","CAGUAS","AGUAS BUENAS","AGRICULTURA","17","19"
"201211","CAGUAS","BARRANQUITAS","ACUACULTURA","2","2"
"201211","CAGUAS","BARRANQUITAS","AGRICULTURA","279","290"
"201211","CAGUAS","CAGUAS","AGRICULTURA","18","19"
"201211","CAGUAS","CIDRA","AGRICULTURA","33","33"
"201211","CAGUAS","COMERIO","AGRICULTURA","44","44"
"201211","CAGUAS","GURABO","AGRICULTURA","1","1"
"201211","CAGUAS","GURABO","MARICULTURA","1","1"
"201211","CAGUAS","SAN LORENZO","AGRICULTURA","91","91"
"201211","CAROLINA","CANOVANAS","ACUACULTURA","1","1"
"201211","CAROLINA","CANOVANAS","AGRICULTURA","26","26"
"201211","CAROLINA","CAROLINA 1","AGRICULTURA","1","1"
"201211","CAROLINA","LOIZA","AGRICULTURA","1","1"
"201211","CAROLINA","LOIZA","MARICULTURA","2","2"
"201211","CAROLINA","LUQUILLO","AGRICULTURA","2","2"
"201211","CAROLINA","RIO GRANDE 1","ACUACULTURA","1","1"
"201211","CAROLINA","RIO GRANDE 1","AGRICULTURA","27","29"
"201211","CAROLINA","RIO GRANDE 1","MARICULTURA","1","1"
"201211","CAROLINA","TRUJILLO ALTO","AGRICULTURA","2","2"
"201211","GUAYAMA","ARROYO","ACUACULTURA","1","1"
"201211","GUAYAMA","ARROYO","AGRICULTURA","20","21"
"201211","GUAYAMA","CAYEY","ACUACULTURA","1","1"
"201211","GUAYAMA","CAYEY","AGRICULTURA","15","15"
"201211","GUAYAMA","GUAYAMA","ACUACULTURA","2","2"
"201211","GUAYAMA","GUAYAMA","AGRICULTURA","74","78"
"201211","GUAYAMA","PATILLAS","ACUACULTURA","1","1"
"201211","GUAYAMA","PATILLAS","AGRICULTURA","44","44"
"201211","GUAYAMA","SALINAS","ACUACULTURA","2","2"
"201211","GUAYAMA","SALINAS","AGRICULTURA","119","123"
"201211","GUAYAMA","SALINAS","MARICULTURA","1","1"
"201211","GUAYAMA","SANTA ISABEL","ACUACULTURA","1","1"
"201211","GUAYAMA","SANTA ISABEL","AGRICULTURA","242","253"
"201211","HUMACAO","CEIBA","ACUACULTURA","4","6"
"201211","HUMACAO","CEIBA","AGRICULTURA","2","2"
"201211","HUMACAO","FAJARDO","ACUACULTURA","2","2"
"201211","HUMACAO","FAJARDO","AGRICULTURA","1","1"
"201211","HUMACAO","HUMACAO","AGRICULTURA","13","13"
"201211","HUMACAO","JUNCOS","AGRICULTURA","8","8"
"201211","HUMACAO","LAS PIEDRAS","ACUACULTURA","1","1"
"201211","HUMACAO","LAS PIEDRAS","AGRICULTURA","44","45"
"201211","HUMACAO","MAUNABO","ACUACULTURA","1","1"
"201211","HUMACAO","MAUNABO","AGRICULTURA","15","15"
"201211","HUMACAO","NAGUABO","ACUACULTURA","2","2"
"201211","HUMACAO","NAGUABO","AGRICULTURA","21","21"
"201211","HUMACAO","NAGUABO","MARICULTURA","2","2"
"201211","HUMACAO","VIEQUES","ACUACULTURA","14","14"
"201211","HUMACAO","VIEQUES","AGRICULTURA","1","1"
"201211","HUMACAO","YABUCOA","ACUACULTURA","1","1"
"201211","HUMACAO","YABUCOA","AGRICULTURA","71","74"
"201211","MAYAGÜEZ","AÑASCO","ACUACULTURA","9","9"
"201211","MAYAGÜEZ","AÑASCO","AGRICULTURA","53","54"
"201211","MAYAGÜEZ","CABO ROJO","ACUACULTURA","16","16"
"201211","MAYAGÜEZ","CABO ROJO","AGRICULTURA","69","75"
"201211","MAYAGÜEZ","CABO ROJO","MARICULTURA","22","23"
"201211","MAYAGÜEZ","GUANICA","ACUACULTURA","6","6"
"201211","MAYAGÜEZ","GUANICA","AGRICULTURA","94","100"
"201211","MAYAGÜEZ","HORMIGUEROS","AGRICULTURA","3","3"
"201211","MAYAGÜEZ","LAJAS","ACUACULTURA","1","1"
"201211","MAYAGÜEZ","LAJAS","AGRICULTURA","108","112"
"201211","MAYAGÜEZ","MARICAO","AGRICULTURA","127","135"
"201211","MAYAGÜEZ","MAYAGÜEZ","AGRICULTURA","29","31"
"201211","MAYAGÜEZ","MAYAGÜEZ","MARICULTURA","2","2"
"201211","MAYAGÜEZ","SABANA GRANDE","AGRICULTURA","68","75"
"201211","MAYAGÜEZ","SAN GERMAN","ACUACULTURA","1","1"
"201211","MAYAGÜEZ","SAN GERMAN","AGRICULTURA","95","98"
"201211","MAYAGÜEZ","SAN GERMAN","MARICULTURA","1","1"
"201211","PONCE","ADJUNTAS","AGRICULTURA","466","489"
"201211","PONCE","AIBONITO","ACUACULTURA","1","1"
"201211","PONCE","AIBONITO","AGRICULTURA","56","57"
"201211","PONCE","CASTAÑER","AGRICULTURA","208","214"
"201211","PONCE","COAMO","AGRICULTURA","177","184"
"201211","PONCE","GUAYANILLA","AGRICULTURA","124","127"
"201211","PONCE","GUAYANILLA","MARICULTURA","1","1"
"201211","PONCE","JAYUYA","AGRICULTURA","108","111"
"201211","PONCE","JUANA DIAZ","AGRICULTURA","224","229"
"201211","PONCE","OROCOVIS","AGRICULTURA","203","206"
"201211","PONCE","PEÑUELAS","ACUACULTURA","1","1"
"201211","PONCE","PEÑUELAS","AGRICULTURA","60","65"
"201211","PONCE","PONCE 1","AGRICULTURA","2","2"
"201211","PONCE","PONCE 2","AGRICULTURA","15","15"
"201211","PONCE","PONCE 3","ACUACULTURA","4","4"
"201211","PONCE","PONCE 3","AGRICULTURA","103","106"
"201211","PONCE","VILLALBA","ACUACULTURA","8","10"
"201211","PONCE","VILLALBA","AGRICULTURA","125","127"
"201211","PONCE","YAUCO","ACUACULTURA","1","1"
"201211","PONCE","YAUCO","AGRICULTURA","353","362"
"201211","SAN JUAN","RIO PIEDRAS 2","AGRICULTURA","1","1"
"201211","SAN JUAN","SAN JUAN","AGRICULTURA","1","1"
"201211","SAN JUAN","SAN JUAN","MARICULTURA","1","1"
"201212","AGUADILLA","AGUADA","ACUACULTURA","6","6"
"201212","AGUADILLA","AGUADA","AGRICULTURA","26","27"
"201212","AGUADILLA","AGUADILLA 1","AGRICULTURA","14","15"
"201212","AGUADILLA","AGUADILLA 2","ACUACULTURA","2","2"
"201212","AGUADILLA","AGUADILLA 2","AGRICULTURA","8","8"
"201212","AGUADILLA","AGUADILLA 2","MARICULTURA","3","3"
"201212","AGUADILLA","ISABELA","AGRICULTURA","58","58"
"201212","AGUADILLA","LAS MARÍAS","AGRICULTURA","157","164"
"201212","AGUADILLA","MOCA","ACUACULTURA","2","2"
"201212","AGUADILLA","MOCA","AGRICULTURA","108","111"
"201212","AGUADILLA","RINCÓN","ACUACULTURA","5","5"
"201212","AGUADILLA","RINCÓN","AGRICULTURA","9","9"
"201212","AGUADILLA","RINCÓN","MARICULTURA","2","2"
"201212","AGUADILLA","SAN SEBASTÍAN","ACUACULTURA","8","8"
"201212","AGUADILLA","SAN SEBASTÍAN","AGRICULTURA","323","330"
"201212","ARECIBO","ARECIBO 1","ACUACULTURA","3","3"
"201212","ARECIBO","ARECIBO 1","AGRICULTURA","67","68"
"201212","ARECIBO","ARECIBO 3","ACUACULTURA","1","1"
"201212","ARECIBO","ARECIBO 3","AGRICULTURA","30","30"
"201212","ARECIBO","BARCELONETA","ACUACULTURA","1","1"
"201212","ARECIBO","BARCELONETA","AGRICULTURA","12","12"
"201212","ARECIBO","CAMUY","ACUACULTURA","2","2"
"201212","ARECIBO","CAMUY","AGRICULTURA","154","154"
"201212","ARECIBO","CAMUY","MARICULTURA","1","1"
"201212","ARECIBO","CIALES","AGRICULTURA","74","76"
"201212","ARECIBO","FLORIDA","AGRICULTURA","9","9"
"201212","ARECIBO","HATILLO","AGRICULTURA","206","208"
"201212","ARECIBO","LARES","AGRICULTURA","459","486"
"201212","ARECIBO","MANATI","ACUACULTURA","1","1"
"201212","ARECIBO","MANATI","AGRICULTURA","27","29"
"201212","ARECIBO","MOROVIS","AGRICULTURA","57","57"
"201212","ARECIBO","QUEBRADILLAS","AGRICULTURA","58","58"
"201212","ARECIBO","UTUADO 1","ACUACULTURA","1","1"
"201212","ARECIBO","UTUADO 1","AGRICULTURA","267","272"
"201212","ARECIBO","UTUADO 2","AGRICULTURA","109","110"
"201212","BAYAMON","BAYAMON 3","AGRICULTURA","1","1"
"201212","BAYAMON","COROZAL","ACUACULTURA","1","1"
"201212","BAYAMON","COROZAL","AGRICULTURA","119","120"
"201212","BAYAMON","DORADO","ACUACULTURA","5","5"
"201212","BAYAMON","DORADO","AGRICULTURA","6","6"
"201212","BAYAMON","NARANJITO","ACUACULTURA","3","3"
"201212","BAYAMON","NARANJITO","AGRICULTURA","77","79"
"201212","BAYAMON","TOA ALTA","AGRICULTURA","5","5"
"201212","BAYAMON","TOA BAJA 1","AGRICULTURA","5","5"
"201212","BAYAMON","VEGA ALTA","ACUACULTURA","1","1"
"201212","BAYAMON","VEGA ALTA","AGRICULTURA","15","15"
"201212","BAYAMON","VEGA ALTA","MARICULTURA","1","1"
"201212","BAYAMON","VEGA BAJA 1","ACUACULTURA","1","1"
"201212","BAYAMON","VEGA BAJA 1","AGRICULTURA","14","14"
"201212","BAYAMON","VEGA BAJA 2","AGRICULTURA","18","18"
"201212","CAGUAS","AGUAS BUENAS","ACUACULTURA","2","2"
"201212","CAGUAS","AGUAS BUENAS","AGRICULTURA","17","19"
"201212","CAGUAS","BARRANQUITAS","ACUACULTURA","2","2"
"201212","CAGUAS","BARRANQUITAS","AGRICULTURA","280","291"
"201212","CAGUAS","CAGUAS","AGRICULTURA","18","19"
"201212","CAGUAS","CIDRA","AGRICULTURA","33","33"
"201212","CAGUAS","COMERIO","AGRICULTURA","44","44"
"201212","CAGUAS","GURABO","AGRICULTURA","1","1"
"201212","CAGUAS","SAN LORENZO","AGRICULTURA","89","90"
"201212","CAROLINA","CANOVANAS","ACUACULTURA","1","1"
"201212","CAROLINA","CANOVANAS","AGRICULTURA","27","27"
"201212","CAROLINA","CAROLINA 1","AGRICULTURA","1","1"
"201212","CAROLINA","LOIZA","AGRICULTURA","1","1"
"201212","CAROLINA","LOIZA","MARICULTURA","2","2"
"201212","CAROLINA","LUQUILLO","AGRICULTURA","2","2"
"201212","CAROLINA","RIO GRANDE 1","ACUACULTURA","1","1"
"201212","CAROLINA","RIO GRANDE 1","AGRICULTURA","27","29"
"201212","CAROLINA","RIO GRANDE 1","MARICULTURA","1","1"
"201212","CAROLINA","TRUJILLO ALTO","AGRICULTURA","2","2"
"201212","GUAYAMA","ARROYO","ACUACULTURA","1","1"
"201212","GUAYAMA","ARROYO","AGRICULTURA","21","22"
"201212","GUAYAMA","CAYEY","ACUACULTURA","1","1"
"201212","GUAYAMA","CAYEY","AGRICULTURA","15","15"
"201212","GUAYAMA","GUAYAMA","ACUACULTURA","2","2"
"201212","GUAYAMA","GUAYAMA","AGRICULTURA","76","80"
"201212","GUAYAMA","PATILLAS","ACUACULTURA","1","1"
"201212","GUAYAMA","PATILLAS","AGRICULTURA","46","46"
"201212","GUAYAMA","SALINAS","ACUACULTURA","2","2"
"201212","GUAYAMA","SALINAS","AGRICULTURA","115","118"
"201212","GUAYAMA","SALINAS","MARICULTURA","1","1"
"201212","GUAYAMA","SANTA ISABEL","ACUACULTURA","1","1"
"201212","GUAYAMA","SANTA ISABEL","AGRICULTURA","245","256"
"201212","HUMACAO","CEIBA","ACUACULTURA","4","5"
"201212","HUMACAO","CEIBA","AGRICULTURA","2","2"
"201212","HUMACAO","FAJARDO","ACUACULTURA","2","2"
"201212","HUMACAO","FAJARDO","AGRICULTURA","1","1"
"201212","HUMACAO","HUMACAO","AGRICULTURA","11","11"
"201212","HUMACAO","JUNCOS","AGRICULTURA","8","8"
"201212","HUMACAO","LAS PIEDRAS","ACUACULTURA","1","1"
"201212","HUMACAO","LAS PIEDRAS","AGRICULTURA","45","46"
"201212","HUMACAO","MAUNABO","ACUACULTURA","1","1"
"201212","HUMACAO","MAUNABO","AGRICULTURA","15","15"
"201212","HUMACAO","NAGUABO","ACUACULTURA","2","2"
"201212","HUMACAO","NAGUABO","AGRICULTURA","21","21"
"201212","HUMACAO","NAGUABO","MARICULTURA","2","2"
"201212","HUMACAO","VIEQUES","ACUACULTURA","14","14"
"201212","HUMACAO","VIEQUES","AGRICULTURA","1","1"
"201212","HUMACAO","YABUCOA","AGRICULTURA","68","71"
"201212","MAYAGÜEZ","AÑASCO","ACUACULTURA","9","9"
"201212","MAYAGÜEZ","AÑASCO","AGRICULTURA","52","53"
"201212","MAYAGÜEZ","CABO ROJO","ACUACULTURA","16","16"
"201212","MAYAGÜEZ","CABO ROJO","AGRICULTURA","69","75"
"201212","MAYAGÜEZ","CABO ROJO","MARICULTURA","21","22"
"201212","MAYAGÜEZ","GUANICA","ACUACULTURA","6","6"
"201212","MAYAGÜEZ","GUANICA","AGRICULTURA","91","94"
"201212","MAYAGÜEZ","HORMIGUEROS","AGRICULTURA","2","2"
"201212","MAYAGÜEZ","LAJAS","ACUACULTURA","1","1"
"201212","MAYAGÜEZ","LAJAS","AGRICULTURA","109","112"
"201212","MAYAGÜEZ","MARICAO","AGRICULTURA","127","134"
"201212","MAYAGÜEZ","MAYAGÜEZ","AGRICULTURA","29","31"
"201212","MAYAGÜEZ","MAYAGÜEZ","MARICULTURA","2","2"
"201212","MAYAGÜEZ","SABANA GRANDE","AGRICULTURA","68","75"
"201212","MAYAGÜEZ","SAN GERMAN","ACUACULTURA","1","1"
"201212","MAYAGÜEZ","SAN GERMAN","AGRICULTURA","94","96"
"201212","MAYAGÜEZ","SAN GERMAN","MARICULTURA","1","1"
"201212","PONCE","ADJUNTAS","AGRICULTURA","464","484"
"201212","PONCE","AIBONITO","ACUACULTURA","1","1"
"201212","PONCE","AIBONITO","AGRICULTURA","57","57"
"201212","PONCE","CASTAÑER","AGRICULTURA","206","212"
"201212","PONCE","COAMO","AGRICULTURA","173","179"
"201212","PONCE","GUAYANILLA","AGRICULTURA","123","125"
"201212","PONCE","GUAYANILLA","MARICULTURA","1","1"
"201212","PONCE","JAYUYA","AGRICULTURA","104","107"
"201212","PONCE","JUANA DIAZ","AGRICULTURA","228","232"
"201212","PONCE","OROCOVIS","AGRICULTURA","200","202"
"201212","PONCE","PEÑUELAS","ACUACULTURA","1","1"
"201212","PONCE","PEÑUELAS","AGRICULTURA","60","65"
"201212","PONCE","PONCE 1","AGRICULTURA","2","2"
"201212","PONCE","PONCE 2","AGRICULTURA","15","15"
"201212","PONCE","PONCE 3","ACUACULTURA","4","4"
"201212","PONCE","PONCE 3","AGRICULTURA","97","100"
"201212","PONCE","VILLALBA","ACUACULTURA","8","10"
"201212","PONCE","VILLALBA","AGRICULTURA","125","127"
"201212","PONCE","YAUCO","ACUACULTURA","1","1"
"201212","PONCE","YAUCO","AGRICULTURA","357","365"
"201212","SAN JUAN","RIO PIEDRAS 2","AGRICULTURA","1","1"
"201212","SAN JUAN","SAN JUAN","AGRICULTURA","1","1"
"201212","SAN JUAN","SAN JUAN","MARICULTURA","1","1"
"201301","AGUADILLA","AGUADA","ACUACULTURA","5","5"
"201301","AGUADILLA","AGUADA","AGRICULTURA","27","28"
"201301","AGUADILLA","AGUADILLA 1","AGRICULTURA","13","14"
"201301","AGUADILLA","AGUADILLA 2","ACUACULTURA","2","2"
"201301","AGUADILLA","AGUADILLA 2","AGRICULTURA","8","8"
"201301","AGUADILLA","AGUADILLA 2","MARICULTURA","3","3"
"201301","AGUADILLA","ISABELA","AGRICULTURA","60","60"
"201301","AGUADILLA","LAS MARÍAS","AGRICULTURA","158","163"
"201301","AGUADILLA","MOCA","ACUACULTURA","2","2"
"201301","AGUADILLA","MOCA","AGRICULTURA","109","112"
"201301","AGUADILLA","RINCÓN","ACUACULTURA","5","5"
"201301","AGUADILLA","RINCÓN","AGRICULTURA","9","9"
"201301","AGUADILLA","RINCÓN","MARICULTURA","2","2"
"201301","AGUADILLA","SAN SEBASTÍAN","ACUACULTURA","8","8"
"201301","AGUADILLA","SAN SEBASTÍAN","AGRICULTURA","321","328"
"201301","ARECIBO","ARECIBO 1","ACUACULTURA","3","3"
"201301","ARECIBO","ARECIBO 1","AGRICULTURA","67","68"
"201301","ARECIBO","ARECIBO 3","ACUACULTURA","1","1"
"201301","ARECIBO","ARECIBO 3","AGRICULTURA","28","28"
"201301","ARECIBO","BARCELONETA","ACUACULTURA","1","1"
"201301","ARECIBO","BARCELONETA","AGRICULTURA","14","14"
"201301","ARECIBO","CAMUY","ACUACULTURA","2","2"
"201301","ARECIBO","CAMUY","AGRICULTURA","150","151"
"201301","ARECIBO","CAMUY","MARICULTURA","1","1"
"201301","ARECIBO","CIALES","AGRICULTURA","75","77"
"201301","ARECIBO","FLORIDA","AGRICULTURA","9","9"
"201301","ARECIBO","HATILLO","AGRICULTURA","206","208"
"201301","ARECIBO","LARES","AGRICULTURA","460","487"
"201301","ARECIBO","MANATI","ACUACULTURA","1","1"
"201301","ARECIBO","MANATI","AGRICULTURA","26","28"
"201301","ARECIBO","MOROVIS","AGRICULTURA","58","58"
"201301","ARECIBO","QUEBRADILLAS","AGRICULTURA","58","58"
"201301","ARECIBO","UTUADO 1","ACUACULTURA","1","1"
"201301","ARECIBO","UTUADO 1","AGRICULTURA","267","272"
"201301","ARECIBO","UTUADO 2","AGRICULTURA","112","113"
"201301","BAYAMON","BAYAMON 3","AGRICULTURA","1","1"
"201301","BAYAMON","COROZAL","ACUACULTURA","1","1"
"201301","BAYAMON","COROZAL","AGRICULTURA","119","120"
"201301","BAYAMON","DORADO","ACUACULTURA","5","5"
"201301","BAYAMON","DORADO","AGRICULTURA","6","6"
"201301","BAYAMON","NARANJITO","ACUACULTURA","3","3"
"201301","BAYAMON","NARANJITO","AGRICULTURA","78","80"
"201301","BAYAMON","TOA ALTA","AGRICULTURA","5","5"
"201301","BAYAMON","TOA BAJA 1","AGRICULTURA","5","5"
"201301","BAYAMON","VEGA ALTA","ACUACULTURA","1","1"
"201301","BAYAMON","VEGA ALTA","AGRICULTURA","15","15"
"201301","BAYAMON","VEGA ALTA","MARICULTURA","1","1"
"201301","BAYAMON","VEGA BAJA 1","ACUACULTURA","1","1"
"201301","BAYAMON","VEGA BAJA 1","AGRICULTURA","14","14"
"201301","BAYAMON","VEGA BAJA 2","AGRICULTURA","19","19"
"201301","CAGUAS","AGUAS BUENAS","ACUACULTURA","2","2"
"201301","CAGUAS","AGUAS BUENAS","AGRICULTURA","17","19"
"201301","CAGUAS","BARRANQUITAS","ACUACULTURA","2","2"
"201301","CAGUAS","BARRANQUITAS","AGRICULTURA","278","289"
"201301","CAGUAS","CAGUAS","AGRICULTURA","18","19"
"201301","CAGUAS","CIDRA","AGRICULTURA","32","32"
"201301","CAGUAS","COMERIO","AGRICULTURA","43","43"
"201301","CAGUAS","GURABO","AGRICULTURA","1","1"
"201301","CAGUAS","SAN LORENZO","AGRICULTURA","89","90"
"201301","CAROLINA","CANOVANAS","ACUACULTURA","1","1"
"201301","CAROLINA","CANOVANAS","AGRICULTURA","27","27"
"201301","CAROLINA","CAROLINA 1","AGRICULTURA","1","1"
"201301","CAROLINA","LOIZA","AGRICULTURA","1","1"
"201301","CAROLINA","LOIZA","MARICULTURA","2","2"
"201301","CAROLINA","LUQUILLO","AGRICULTURA","2","2"
"201301","CAROLINA","RIO GRANDE 1","ACUACULTURA","1","1"
"201301","CAROLINA","RIO GRANDE 1","AGRICULTURA","27","28"
"201301","CAROLINA","RIO GRANDE 1","MARICULTURA","1","1"
"201301","CAROLINA","TRUJILLO ALTO","AGRICULTURA","2","2"
"201301","GUAYAMA","ARROYO","ACUACULTURA","1","1"
"201301","GUAYAMA","ARROYO","AGRICULTURA","20","21"
"201301","GUAYAMA","CAYEY","ACUACULTURA","1","1"
"201301","GUAYAMA","CAYEY","AGRICULTURA","14","14"
"201301","GUAYAMA","GUAYAMA","ACUACULTURA","2","2"
"201301","GUAYAMA","GUAYAMA","AGRICULTURA","73","76"
"201301","GUAYAMA","PATILLAS","ACUACULTURA","1","1"
"201301","GUAYAMA","PATILLAS","AGRICULTURA","46","46"
"201301","GUAYAMA","SALINAS","ACUACULTURA","2","2"
"201301","GUAYAMA","SALINAS","AGRICULTURA","121","124"
"201301","GUAYAMA","SALINAS","MARICULTURA","1","1"
"201301","GUAYAMA","SANTA ISABEL","ACUACULTURA","1","1"
"201301","GUAYAMA","SANTA ISABEL","AGRICULTURA","240","250"
"201301","HUMACAO","CEIBA","ACUACULTURA","4","5"
"201301","HUMACAO","CEIBA","AGRICULTURA","2","2"
"201301","HUMACAO","FAJARDO","ACUACULTURA","2","2"
"201301","HUMACAO","FAJARDO","AGRICULTURA","1","1"
"201301","HUMACAO","HUMACAO","AGRICULTURA","12","12"
"201301","HUMACAO","JUNCOS","AGRICULTURA","7","7"
"201301","HUMACAO","LAS PIEDRAS","ACUACULTURA","1","1"
"201301","HUMACAO","LAS PIEDRAS","AGRICULTURA","46","47"
"201301","HUMACAO","MAUNABO","ACUACULTURA","1","1"
"201301","HUMACAO","MAUNABO","AGRICULTURA","15","15"
"201301","HUMACAO","NAGUABO","ACUACULTURA","2","2"
"201301","HUMACAO","NAGUABO","AGRICULTURA","21","21"
"201301","HUMACAO","NAGUABO","MARICULTURA","1","1"
"201301","HUMACAO","VIEQUES","ACUACULTURA","13","13"
"201301","HUMACAO","VIEQUES","AGRICULTURA","1","1"
"201301","HUMACAO","YABUCOA","ACUACULTURA","1","1"
"201301","HUMACAO","YABUCOA","AGRICULTURA","69","72"
"201301","MAYAGÜEZ","AÑASCO","ACUACULTURA","8","8"
"201301","MAYAGÜEZ","AÑASCO","AGRICULTURA","52","53"
"201301","MAYAGÜEZ","CABO ROJO","ACUACULTURA","15","15"
"201301","MAYAGÜEZ","CABO ROJO","AGRICULTURA","67","73"
"201301","MAYAGÜEZ","CABO ROJO","MARICULTURA","21","22"
"201301","MAYAGÜEZ","GUANICA","ACUACULTURA","6","6"
"201301","MAYAGÜEZ","GUANICA","AGRICULTURA","92","95"
"201301","MAYAGÜEZ","HORMIGUEROS","AGRICULTURA","2","2"
"201301","MAYAGÜEZ","LAJAS","ACUACULTURA","1","1"
"201301","MAYAGÜEZ","LAJAS","AGRICULTURA","109","112"
"201301","MAYAGÜEZ","MARICAO","AGRICULTURA","128","135"
"201301","MAYAGÜEZ","MAYAGÜEZ","AGRICULTURA","29","31"
"201301","MAYAGÜEZ","MAYAGÜEZ","MARICULTURA","2","2"
"201301","MAYAGÜEZ","SABANA GRANDE","AGRICULTURA","69","75"
"201301","MAYAGÜEZ","SAN GERMAN","ACUACULTURA","1","1"
"201301","MAYAGÜEZ","SAN GERMAN","AGRICULTURA","94","96"
"201301","MAYAGÜEZ","SAN GERMAN","MARICULTURA","1","1"
"201301","PONCE","ADJUNTAS","AGRICULTURA","460","480"
"201301","PONCE","AIBONITO","ACUACULTURA","1","1"
"201301","PONCE","AIBONITO","AGRICULTURA","56","56"
"201301","PONCE","CASTAÑER","AGRICULTURA","208","215"
"201301","PONCE","COAMO","AGRICULTURA","174","179"
"201301","PONCE","GUAYANILLA","AGRICULTURA","126","128"
"201301","PONCE","GUAYANILLA","MARICULTURA","1","1"
"201301","PONCE","JAYUYA","AGRICULTURA","104","106"
"201301","PONCE","JUANA DIAZ","ACUACULTURA","1","1"
"201301","PONCE","JUANA DIAZ","AGRICULTURA","225","229"
"201301","PONCE","OROCOVIS","AGRICULTURA","201","203"
"201301","PONCE","PEÑUELAS","ACUACULTURA","1","1"
"201301","PONCE","PEÑUELAS","AGRICULTURA","60","64"
"201301","PONCE","PONCE 1","AGRICULTURA","2","2"
"201301","PONCE","PONCE 2","AGRICULTURA","15","15"
"201301","PONCE","PONCE 3","ACUACULTURA","4","4"
"201301","PONCE","PONCE 3","AGRICULTURA","99","102"
"201301","PONCE","VILLALBA","ACUACULTURA","8","10"
"201301","PONCE","VILLALBA","AGRICULTURA","125","127"
"201301","PONCE","YAUCO","ACUACULTURA","1","1"
"201301","PONCE","YAUCO","AGRICULTURA","357","365"
"201301","SAN JUAN","RIO PIEDRAS 2","AGRICULTURA","1","1"
"201302","HUMACAO","NAGUABO","MARICULTURA","1","1"
"201301","SAN JUAN","SAN JUAN","AGRICULTURA","1","1"
"201301","SAN JUAN","SAN JUAN","MARICULTURA","1","1"
"201302","AGUADILLA","AGUADA","ACUACULTURA","6","6"
"201302","AGUADILLA","AGUADA","AGRICULTURA","27","28"
"201302","AGUADILLA","AGUADILLA 1","AGRICULTURA","13","14"
"201302","AGUADILLA","AGUADILLA 2","ACUACULTURA","2","2"
"201302","AGUADILLA","AGUADILLA 2","AGRICULTURA","7","7"
"201302","AGUADILLA","AGUADILLA 2","MARICULTURA","3","3"
"201302","AGUADILLA","ISABELA","AGRICULTURA","59","59"
"201302","AGUADILLA","LAS MARÍAS","AGRICULTURA","162","167"
"201302","AGUADILLA","MOCA","ACUACULTURA","2","2"
"201302","AGUADILLA","MOCA","AGRICULTURA","107","110"
"201302","AGUADILLA","RINCÓN","ACUACULTURA","5","5"
"201302","AGUADILLA","RINCÓN","AGRICULTURA","9","9"
"201302","AGUADILLA","RINCÓN","MARICULTURA","2","2"
"201302","AGUADILLA","SAN SEBASTÍAN","ACUACULTURA","8","8"
"201302","AGUADILLA","SAN SEBASTÍAN","AGRICULTURA","323","330"
"201302","ARECIBO","ARECIBO 1","ACUACULTURA","3","3"
"201302","ARECIBO","ARECIBO 1","AGRICULTURA","67","68"
"201302","ARECIBO","ARECIBO 3","ACUACULTURA","2","2"
"201302","ARECIBO","ARECIBO 3","AGRICULTURA","29","29"
"201302","ARECIBO","BARCELONETA","ACUACULTURA","1","1"
"201302","ARECIBO","BARCELONETA","AGRICULTURA","14","14"
"201302","ARECIBO","CAMUY","ACUACULTURA","3","3"
"201302","ARECIBO","CAMUY","AGRICULTURA","152","153"
"201302","ARECIBO","CAMUY","MARICULTURA","1","1"
"201302","ARECIBO","CIALES","AGRICULTURA","74","76"
"201302","ARECIBO","FLORIDA","AGRICULTURA","9","9"
"201302","ARECIBO","HATILLO","AGRICULTURA","207","209"
"201302","ARECIBO","LARES","AGRICULTURA","467","494"
"201302","ARECIBO","MANATI","ACUACULTURA","1","1"
"201302","ARECIBO","MANATI","AGRICULTURA","26","28"
"201302","ARECIBO","MOROVIS","AGRICULTURA","57","57"
"201302","ARECIBO","QUEBRADILLAS","AGRICULTURA","59","59"
"201302","ARECIBO","UTUADO 1","ACUACULTURA","1","1"
"201302","ARECIBO","UTUADO 1","AGRICULTURA","266","271"
"201302","ARECIBO","UTUADO 2","AGRICULTURA","114","115"
"201302","BAYAMON","BAYAMON 3","AGRICULTURA","1","1"
"201302","BAYAMON","COROZAL","ACUACULTURA","1","1"
"201302","BAYAMON","COROZAL","AGRICULTURA","118","119"
"201302","BAYAMON","DORADO","ACUACULTURA","5","5"
"201302","BAYAMON","DORADO","AGRICULTURA","6","6"
"201302","BAYAMON","NARANJITO","ACUACULTURA","2","2"
"201302","BAYAMON","NARANJITO","AGRICULTURA","77","79"
"201302","BAYAMON","TOA ALTA","AGRICULTURA","5","5"
"201302","BAYAMON","TOA BAJA 1","AGRICULTURA","4","4"
"201302","BAYAMON","VEGA ALTA","ACUACULTURA","1","1"
"201302","BAYAMON","VEGA ALTA","AGRICULTURA","15","15"
"201302","BAYAMON","VEGA ALTA","MARICULTURA","1","1"
"201302","BAYAMON","VEGA BAJA 1","ACUACULTURA","1","1"
"201302","BAYAMON","VEGA BAJA 1","AGRICULTURA","14","14"
"201302","BAYAMON","VEGA BAJA 2","AGRICULTURA","18","18"
"201302","CAGUAS","AGUAS BUENAS","ACUACULTURA","2","2"
"201302","CAGUAS","AGUAS BUENAS","AGRICULTURA","17","19"
"201302","CAGUAS","BARRANQUITAS","ACUACULTURA","2","2"
"201302","CAGUAS","BARRANQUITAS","AGRICULTURA","276","287"
"201302","CAGUAS","CAGUAS","AGRICULTURA","18","19"
"201302","CAGUAS","CIDRA","AGRICULTURA","31","31"
"201302","CAGUAS","COMERIO","AGRICULTURA","42","42"
"201302","CAGUAS","GURABO","AGRICULTURA","1","1"
"201302","CAGUAS","SAN LORENZO","AGRICULTURA","89","90"
"201302","CAROLINA","CANOVANAS","ACUACULTURA","1","1"
"201302","CAROLINA","CANOVANAS","AGRICULTURA","27","27"
"201302","CAROLINA","CAROLINA 1","AGRICULTURA","1","1"
"201302","CAROLINA","LOIZA","AGRICULTURA","2","2"
"201302","CAROLINA","LOIZA","MARICULTURA","2","2"
"201302","CAROLINA","LUQUILLO","AGRICULTURA","2","2"
"201302","CAROLINA","RIO GRANDE 1","ACUACULTURA","1","1"
"201302","CAROLINA","RIO GRANDE 1","AGRICULTURA","27","28"
"201302","CAROLINA","RIO GRANDE 1","MARICULTURA","1","1"
"201302","CAROLINA","TRUJILLO ALTO","AGRICULTURA","2","2"
"201302","GUAYAMA","ARROYO","ACUACULTURA","1","1"
"201302","GUAYAMA","ARROYO","AGRICULTURA","21","22"
"201302","GUAYAMA","CAYEY","ACUACULTURA","1","1"
"201302","GUAYAMA","CAYEY","AGRICULTURA","14","14"
"201302","GUAYAMA","GUAYAMA","ACUACULTURA","2","2"
"201302","GUAYAMA","GUAYAMA","AGRICULTURA","72","75"
"201302","GUAYAMA","PATILLAS","ACUACULTURA","1","1"
"201302","GUAYAMA","PATILLAS","AGRICULTURA","46","46"
"201302","GUAYAMA","SALINAS","ACUACULTURA","2","2"
"201302","GUAYAMA","SALINAS","AGRICULTURA","119","122"
"201302","GUAYAMA","SALINAS","MARICULTURA","1","1"
"201302","GUAYAMA","SANTA ISABEL","ACUACULTURA","1","1"
"201302","GUAYAMA","SANTA ISABEL","AGRICULTURA","241","250"
"201302","HUMACAO","CEIBA","ACUACULTURA","4","5"
"201302","HUMACAO","CEIBA","AGRICULTURA","2","2"
"201302","HUMACAO","FAJARDO","ACUACULTURA","2","2"
"201302","HUMACAO","FAJARDO","AGRICULTURA","1","1"
"201302","HUMACAO","HUMACAO","AGRICULTURA","12","12"
"201302","HUMACAO","JUNCOS","AGRICULTURA","8","8"
"201302","HUMACAO","LAS PIEDRAS","ACUACULTURA","1","1"
"201302","HUMACAO","LAS PIEDRAS","AGRICULTURA","47","48"
"201302","HUMACAO","MAUNABO","ACUACULTURA","1","1"
"201302","HUMACAO","MAUNABO","AGRICULTURA","15","15"
"201302","HUMACAO","NAGUABO","ACUACULTURA","2","2"
"201302","HUMACAO","NAGUABO","AGRICULTURA","21","21"
"201302","HUMACAO","VIEQUES","ACUACULTURA","13","13"
"201302","HUMACAO","VIEQUES","AGRICULTURA","1","1"
"201302","HUMACAO","YABUCOA","ACUACULTURA","1","1"
"201302","HUMACAO","YABUCOA","AGRICULTURA","69","72"
"201302","MAYAGÜEZ","AÑASCO","ACUACULTURA","8","8"
"201302","MAYAGÜEZ","AÑASCO","AGRICULTURA","53","54"
"201302","MAYAGÜEZ","CABO ROJO","ACUACULTURA","15","15"
"201302","MAYAGÜEZ","CABO ROJO","AGRICULTURA","67","73"
"201302","MAYAGÜEZ","CABO ROJO","MARICULTURA","22","23"
"201302","MAYAGÜEZ","GUANICA","ACUACULTURA","4","4"
"201302","MAYAGÜEZ","GUANICA","AGRICULTURA","93","96"
"201302","MAYAGÜEZ","HORMIGUEROS","AGRICULTURA","2","2"
"201302","MAYAGÜEZ","LAJAS","ACUACULTURA","1","1"
"201302","MAYAGÜEZ","LAJAS","AGRICULTURA","110","113"
"201302","MAYAGÜEZ","MARICAO","AGRICULTURA","126","133"
"201302","MAYAGÜEZ","MAYAGÜEZ","AGRICULTURA","29","31"
"201302","MAYAGÜEZ","MAYAGÜEZ","MARICULTURA","2","2"
"201302","MAYAGÜEZ","SABANA GRANDE","AGRICULTURA","70","75"
"201302","MAYAGÜEZ","SAN GERMAN","ACUACULTURA","1","1"
"201302","MAYAGÜEZ","SAN GERMAN","AGRICULTURA","94","96"
"201302","MAYAGÜEZ","SAN GERMAN","MARICULTURA","1","1"
"201302","PONCE","ADJUNTAS","AGRICULTURA","459","478"
"201302","PONCE","AIBONITO","ACUACULTURA","1","1"
"201302","PONCE","AIBONITO","AGRICULTURA","56","56"
"201302","PONCE","CASTAÑER","AGRICULTURA","209","216"
"201302","PONCE","COAMO","AGRICULTURA","177","182"
"201302","PONCE","GUAYANILLA","AGRICULTURA","125","127"
"201302","PONCE","GUAYANILLA","MARICULTURA","1","1"
"201302","PONCE","JAYUYA","AGRICULTURA","102","104"
"201302","PONCE","JUANA DIAZ","ACUACULTURA","1","1"
"201302","PONCE","JUANA DIAZ","AGRICULTURA","220","223"
"201302","PONCE","OROCOVIS","AGRICULTURA","199","201"
"201302","PONCE","PEÑUELAS","ACUACULTURA","1","1"
"201302","PONCE","PEÑUELAS","AGRICULTURA","62","65"
"201302","PONCE","PONCE 1","AGRICULTURA","3","3"
"201302","PONCE","PONCE 2","AGRICULTURA","15","15"
"201302","PONCE","PONCE 3","ACUACULTURA","4","4"
"201302","PONCE","PONCE 3","AGRICULTURA","99","102"
"201302","PONCE","VILLALBA","ACUACULTURA","8","10"
"201302","PONCE","VILLALBA","AGRICULTURA","124","126"
"201302","PONCE","YAUCO","ACUACULTURA","1","1"
"201302","PONCE","YAUCO","AGRICULTURA","356","364"
"201302","SAN JUAN","SAN JUAN","AGRICULTURA","1","1"
"201302","SAN JUAN","SAN JUAN","MARICULTURA","1","1"
"201303","AGUADILLA","AGUADA","ACUACULTURA","6","6"
"201303","AGUADILLA","AGUADA","AGRICULTURA","28","29"
"201303","AGUADILLA","AGUADILLA 1","AGRICULTURA","12","12"
"201303","AGUADILLA","AGUADILLA 2","ACUACULTURA","2","2"
"201303","AGUADILLA","AGUADILLA 2","AGRICULTURA","8","8"
"201303","AGUADILLA","AGUADILLA 2","MARICULTURA","3","3"
"201303","AGUADILLA","ISABELA","AGRICULTURA","60","60"
"201303","AGUADILLA","LAS MARÍAS","AGRICULTURA","161","166"
"201303","AGUADILLA","MOCA","ACUACULTURA","1","1"
"201303","AGUADILLA","MOCA","AGRICULTURA","109","112"
"201303","AGUADILLA","RINCÓN","ACUACULTURA","5","5"
"201303","AGUADILLA","RINCÓN","AGRICULTURA","9","9"
"201303","AGUADILLA","RINCÓN","MARICULTURA","2","2"
"201303","AGUADILLA","SAN SEBASTÍAN","ACUACULTURA","8","8"
"201303","AGUADILLA","SAN SEBASTÍAN","AGRICULTURA","328","335"
"201303","ARECIBO","ARECIBO 1","ACUACULTURA","3","3"
"201303","ARECIBO","ARECIBO 1","AGRICULTURA","67","68"
"201303","ARECIBO","ARECIBO 3","ACUACULTURA","2","2"
"201303","ARECIBO","ARECIBO 3","AGRICULTURA","28","28"
"201303","ARECIBO","BARCELONETA","ACUACULTURA","1","1"
"201303","ARECIBO","BARCELONETA","AGRICULTURA","14","14"
"201303","ARECIBO","CAMUY","ACUACULTURA","2","2"
"201303","ARECIBO","CAMUY","AGRICULTURA","149","150"
"201303","ARECIBO","CAMUY","MARICULTURA","1","1"
"201303","ARECIBO","CIALES","AGRICULTURA","75","77"
"201303","ARECIBO","FLORIDA","AGRICULTURA","10","10"
"201303","ARECIBO","HATILLO","AGRICULTURA","207","210"
"201303","ARECIBO","LARES","AGRICULTURA","464","490"
"201303","ARECIBO","MANATI","ACUACULTURA","1","1"
"201303","ARECIBO","MANATI","AGRICULTURA","26","28"
"201303","ARECIBO","MOROVIS","AGRICULTURA","57","57"
"201303","ARECIBO","QUEBRADILLAS","AGRICULTURA","57","57"
"201303","ARECIBO","UTUADO 1","ACUACULTURA","1","1"
"201303","ARECIBO","UTUADO 1","AGRICULTURA","261","266"
"201303","ARECIBO","UTUADO 2","AGRICULTURA","115","116"
"201303","BAYAMON","BAYAMON 3","AGRICULTURA","1","1"
"201303","BAYAMON","COROZAL","ACUACULTURA","1","1"
"201303","BAYAMON","COROZAL","AGRICULTURA","118","119"
"201303","BAYAMON","DORADO","ACUACULTURA","5","5"
"201303","BAYAMON","DORADO","AGRICULTURA","6","6"
"201303","BAYAMON","NARANJITO","ACUACULTURA","3","3"
"201303","BAYAMON","NARANJITO","AGRICULTURA","76","78"
"201303","BAYAMON","TOA ALTA","AGRICULTURA","5","5"
"201303","BAYAMON","TOA BAJA 1","AGRICULTURA","5","5"
"201303","BAYAMON","VEGA ALTA","ACUACULTURA","1","1"
"201303","BAYAMON","VEGA ALTA","AGRICULTURA","16","16"
"201303","BAYAMON","VEGA ALTA","MARICULTURA","1","1"
"201303","BAYAMON","VEGA BAJA 1","ACUACULTURA","1","1"
"201303","BAYAMON","VEGA BAJA 1","AGRICULTURA","14","14"
"201303","BAYAMON","VEGA BAJA 2","AGRICULTURA","17","17"
"201303","CAGUAS","AGUAS BUENAS","ACUACULTURA","2","2"
"201303","CAGUAS","AGUAS BUENAS","AGRICULTURA","18","21"
"201303","CAGUAS","BARRANQUITAS","ACUACULTURA","2","2"
"201303","CAGUAS","BARRANQUITAS","AGRICULTURA","280","291"
"201303","CAGUAS","CAGUAS","AGRICULTURA","18","19"
"201303","CAGUAS","CIDRA","AGRICULTURA","31","31"
"201303","CAGUAS","COMERIO","AGRICULTURA","41","41"
"201303","CAGUAS","GURABO","AGRICULTURA","1","1"
"201303","CAGUAS","SAN LORENZO","AGRICULTURA","88","89"
"201303","CAROLINA","CANOVANAS","ACUACULTURA","1","1"
"201303","CAROLINA","CANOVANAS","AGRICULTURA","26","26"
"201303","CAROLINA","CAROLINA 1","AGRICULTURA","1","1"
"201303","CAROLINA","LOIZA","AGRICULTURA","2","2"
"201303","CAROLINA","LOIZA","MARICULTURA","2","2"
"201303","CAROLINA","LUQUILLO","AGRICULTURA","1","1"
"201303","CAROLINA","RIO GRANDE 1","ACUACULTURA","1","1"
"201303","CAROLINA","RIO GRANDE 1","AGRICULTURA","27","28"
"201303","CAROLINA","RIO GRANDE 1","MARICULTURA","1","1"
"201303","CAROLINA","TRUJILLO ALTO","AGRICULTURA","2","2"
"201303","GUAYAMA","ARROYO","ACUACULTURA","1","1"
"201303","GUAYAMA","ARROYO","AGRICULTURA","21","22"
"201303","GUAYAMA","CAYEY","ACUACULTURA","1","1"
"201303","GUAYAMA","CAYEY","AGRICULTURA","14","14"
"201303","GUAYAMA","GUAYAMA","ACUACULTURA","2","2"
"201303","GUAYAMA","GUAYAMA","AGRICULTURA","73","75"
"201303","GUAYAMA","PATILLAS","ACUACULTURA","1","1"
"201303","GUAYAMA","PATILLAS","AGRICULTURA","46","46"
"201303","GUAYAMA","SALINAS","ACUACULTURA","2","2"
"201303","GUAYAMA","SALINAS","AGRICULTURA","117","119"
"201303","GUAYAMA","SALINAS","MARICULTURA","1","1"
"201303","GUAYAMA","SANTA ISABEL","ACUACULTURA","1","1"
"201303","GUAYAMA","SANTA ISABEL","AGRICULTURA","246","256"
"201303","HUMACAO","CEIBA","ACUACULTURA","4","5"
"201303","HUMACAO","CEIBA","AGRICULTURA","2","2"
"201303","HUMACAO","FAJARDO","ACUACULTURA","2","2"
"201303","HUMACAO","FAJARDO","AGRICULTURA","1","1"
"201303","HUMACAO","HUMACAO","AGRICULTURA","12","12"
"201303","HUMACAO","JUNCOS","AGRICULTURA","8","8"
"201303","HUMACAO","LAS PIEDRAS","ACUACULTURA","1","1"
"201303","HUMACAO","LAS PIEDRAS","AGRICULTURA","48","49"
"201303","HUMACAO","MAUNABO","ACUACULTURA","1","1"
"201303","HUMACAO","MAUNABO","AGRICULTURA","13","13"
"201303","HUMACAO","NAGUABO","ACUACULTURA","2","2"
"201303","HUMACAO","NAGUABO","AGRICULTURA","22","22"
"201303","HUMACAO","NAGUABO","MARICULTURA","1","1"
"201303","HUMACAO","VIEQUES","ACUACULTURA","12","12"
"201303","HUMACAO","VIEQUES","AGRICULTURA","1","1"
"201303","HUMACAO","YABUCOA","ACUACULTURA","1","1"
"201303","HUMACAO","YABUCOA","AGRICULTURA","69","72"
"201303","MAYAGÜEZ","AÑASCO","ACUACULTURA","8","8"
"201304","AGUADILLA","MOCA","AGRICULTURA","109","113"
"201303","MAYAGÜEZ","AÑASCO","AGRICULTURA","52","53"
"201303","MAYAGÜEZ","CABO ROJO","ACUACULTURA","14","14"
"201303","MAYAGÜEZ","CABO ROJO","AGRICULTURA","65","71"
"201303","MAYAGÜEZ","CABO ROJO","MARICULTURA","22","23"
"201303","MAYAGÜEZ","GUANICA","ACUACULTURA","5","5"
"201303","MAYAGÜEZ","GUANICA","AGRICULTURA","95","98"
"201303","MAYAGÜEZ","HORMIGUEROS","AGRICULTURA","1","1"
"201303","MAYAGÜEZ","LAJAS","ACUACULTURA","1","1"
"201303","MAYAGÜEZ","LAJAS","AGRICULTURA","111","114"
"201303","MAYAGÜEZ","MARICAO","AGRICULTURA","123","130"
"201303","MAYAGÜEZ","MAYAGÜEZ","AGRICULTURA","29","31"
"201303","MAYAGÜEZ","MAYAGÜEZ","MARICULTURA","2","2"
"201303","MAYAGÜEZ","SABANA GRANDE","AGRICULTURA","68","73"
"201303","MAYAGÜEZ","SAN GERMAN","ACUACULTURA","1","1"
"201303","MAYAGÜEZ","SAN GERMAN","AGRICULTURA","95","97"
"201303","MAYAGÜEZ","SAN GERMAN","MARICULTURA","1","1"
"201303","PONCE","ADJUNTAS","AGRICULTURA","462","481"
"201303","PONCE","AIBONITO","ACUACULTURA","1","1"
"201303","PONCE","AIBONITO","AGRICULTURA","57","57"
"201303","PONCE","CASTAÑER","AGRICULTURA","210","217"
"201303","PONCE","COAMO","AGRICULTURA","175","179"
"201303","PONCE","GUAYANILLA","AGRICULTURA","128","130"
"201303","PONCE","GUAYANILLA","MARICULTURA","1","1"
"201303","PONCE","JAYUYA","AGRICULTURA","103","105"
"201303","PONCE","JUANA DIAZ","ACUACULTURA","1","1"
"201303","PONCE","JUANA DIAZ","AGRICULTURA","217","220"
"201303","PONCE","OROCOVIS","AGRICULTURA","202","204"
"201303","PONCE","PEÑUELAS","ACUACULTURA","1","1"
"201303","PONCE","PEÑUELAS","AGRICULTURA","61","64"
"201303","PONCE","PONCE 1","AGRICULTURA","3","3"
"201303","PONCE","PONCE 2","AGRICULTURA","14","14"
"201303","PONCE","PONCE 3","ACUACULTURA","4","4"
"201303","PONCE","PONCE 3","AGRICULTURA","95","98"
"201303","PONCE","VILLALBA","ACUACULTURA","8","10"
"201303","PONCE","VILLALBA","AGRICULTURA","125","127"
"201303","PONCE","YAUCO","ACUACULTURA","1","1"
"201303","PONCE","YAUCO","AGRICULTURA","356","365"
"201303","SAN JUAN","SAN JUAN","AGRICULTURA","1","1"
"201303","SAN JUAN","SAN JUAN","MARICULTURA","1","1"
"201304","AGUADILLA","AGUADA","ACUACULTURA","6","6"
"201304","AGUADILLA","AGUADA","AGRICULTURA","29","30"
"201304","AGUADILLA","AGUADILLA 1","AGRICULTURA","13","13"
"201304","AGUADILLA","AGUADILLA 2","ACUACULTURA","2","2"
"201304","AGUADILLA","AGUADILLA 2","AGRICULTURA","8","8"
"201304","AGUADILLA","AGUADILLA 2","MARICULTURA","3","3"
"201304","AGUADILLA","ISABELA","AGRICULTURA","60","60"
"201304","AGUADILLA","LAS MARÍAS","AGRICULTURA","160","165"
"201304","AGUADILLA","MOCA","ACUACULTURA","1","1"
"201304","AGUADILLA","RINCÓN","ACUACULTURA","5","5"
"201304","AGUADILLA","RINCÓN","AGRICULTURA","8","8"
"201304","AGUADILLA","RINCÓN","MARICULTURA","2","2"
"201304","AGUADILLA","SAN SEBASTÍAN","ACUACULTURA","8","8"
"201304","AGUADILLA","SAN SEBASTÍAN","AGRICULTURA","322","329"
"201304","ARECIBO","ARECIBO 1","ACUACULTURA","3","3"
"201304","ARECIBO","ARECIBO 1","AGRICULTURA","67","68"
"201304","ARECIBO","ARECIBO 3","ACUACULTURA","2","2"
"201304","ARECIBO","ARECIBO 3","AGRICULTURA","30","30"
"201304","ARECIBO","BARCELONETA","ACUACULTURA","1","1"
"201304","ARECIBO","BARCELONETA","AGRICULTURA","14","14"
"201304","ARECIBO","CAMUY","ACUACULTURA","2","2"
"201304","ARECIBO","CAMUY","AGRICULTURA","151","152"
"201304","ARECIBO","CAMUY","MARICULTURA","1","1"
"201304","ARECIBO","CIALES","AGRICULTURA","76","78"
"201304","ARECIBO","FLORIDA","AGRICULTURA","13","13"
"201304","ARECIBO","HATILLO","AGRICULTURA","208","211"
"201304","ARECIBO","LARES","AGRICULTURA","467","491"
"201304","ARECIBO","MANATI","ACUACULTURA","1","1"
"201304","ARECIBO","MANATI","AGRICULTURA","26","28"
"201304","ARECIBO","MOROVIS","AGRICULTURA","56","56"
"201304","ARECIBO","QUEBRADILLAS","AGRICULTURA","56","56"
"201304","ARECIBO","UTUADO 1","ACUACULTURA","1","1"
"201304","ARECIBO","UTUADO 1","AGRICULTURA","267","272"
"201304","ARECIBO","UTUADO 2","AGRICULTURA","115","116"
"201304","BAYAMON","BAYAMON 3","AGRICULTURA","1","1"
"201304","BAYAMON","COROZAL","ACUACULTURA","1","1"
"201304","BAYAMON","COROZAL","AGRICULTURA","117","118"
"201304","BAYAMON","DORADO","ACUACULTURA","6","6"
"201304","BAYAMON","DORADO","AGRICULTURA","6","6"
"201304","BAYAMON","NARANJITO","ACUACULTURA","3","3"
"201304","BAYAMON","NARANJITO","AGRICULTURA","77","79"
"201304","BAYAMON","TOA ALTA","AGRICULTURA","5","5"
"201304","BAYAMON","TOA BAJA 1","AGRICULTURA","5","5"
"201304","BAYAMON","VEGA ALTA","AGRICULTURA","16","16"
"201304","BAYAMON","VEGA ALTA","MARICULTURA","1","1"
"201304","BAYAMON","VEGA BAJA 1","ACUACULTURA","1","1"
"201304","BAYAMON","VEGA BAJA 1","AGRICULTURA","14","14"
"201304","BAYAMON","VEGA BAJA 2","AGRICULTURA","18","18"
"201304","CAGUAS","AGUAS BUENAS","ACUACULTURA","2","2"
"201304","CAGUAS","AGUAS BUENAS","AGRICULTURA","18","21"
"201304","CAGUAS","BARRANQUITAS","ACUACULTURA","2","2"
"201304","CAGUAS","BARRANQUITAS","AGRICULTURA","281","291"
"201304","CAGUAS","CAGUAS","AGRICULTURA","18","19"
"201304","CAGUAS","CIDRA","AGRICULTURA","30","30"
"201304","CAGUAS","COMERIO","AGRICULTURA","41","41"
"201304","CAGUAS","GURABO","AGRICULTURA","1","1"
"201304","CAGUAS","SAN LORENZO","AGRICULTURA","88","89"
"201304","CAROLINA","CANOVANAS","ACUACULTURA","1","1"
"201304","CAROLINA","CANOVANAS","AGRICULTURA","27","27"
"201304","CAROLINA","CAROLINA 1","AGRICULTURA","1","1"
"201304","CAROLINA","LOIZA","AGRICULTURA","2","2"
"201304","CAROLINA","LOIZA","MARICULTURA","2","2"
"201304","CAROLINA","LUQUILLO","AGRICULTURA","1","1"
"201304","CAROLINA","RIO GRANDE 1","ACUACULTURA","1","1"
"201304","CAROLINA","RIO GRANDE 1","AGRICULTURA","26","27"
"201304","CAROLINA","RIO GRANDE 1","MARICULTURA","1","1"
"201304","CAROLINA","TRUJILLO ALTO","AGRICULTURA","2","2"
"201304","GUAYAMA","ARROYO","ACUACULTURA","1","1"
"201304","GUAYAMA","ARROYO","AGRICULTURA","20","21"
"201304","GUAYAMA","CAYEY","ACUACULTURA","1","1"
"201304","GUAYAMA","CAYEY","AGRICULTURA","14","14"
"201304","GUAYAMA","GUAYAMA","ACUACULTURA","2","2"
"201304","GUAYAMA","GUAYAMA","AGRICULTURA","73","75"
"201304","GUAYAMA","PATILLAS","ACUACULTURA","1","1"
"201304","GUAYAMA","PATILLAS","AGRICULTURA","45","45"
"201304","GUAYAMA","SALINAS","ACUACULTURA","2","2"
"201304","GUAYAMA","SALINAS","AGRICULTURA","115","117"
"201304","GUAYAMA","SALINAS","MARICULTURA","1","1"
"201304","GUAYAMA","SANTA ISABEL","ACUACULTURA","1","1"
"201304","GUAYAMA","SANTA ISABEL","AGRICULTURA","245","255"
"201304","HUMACAO","CEIBA","ACUACULTURA","4","5"
"201304","HUMACAO","CEIBA","AGRICULTURA","2","2"
"201304","HUMACAO","FAJARDO","ACUACULTURA","2","2"
"201304","HUMACAO","FAJARDO","AGRICULTURA","1","1"
"201304","HUMACAO","HUMACAO","AGRICULTURA","12","12"
"201304","HUMACAO","JUNCOS","AGRICULTURA","8","8"
"201304","HUMACAO","LAS PIEDRAS","ACUACULTURA","1","1"
"201304","HUMACAO","LAS PIEDRAS","AGRICULTURA","48","49"
"201304","HUMACAO","MAUNABO","ACUACULTURA","1","1"
"201304","HUMACAO","MAUNABO","AGRICULTURA","14","14"
"201304","HUMACAO","NAGUABO","ACUACULTURA","2","2"
"201304","HUMACAO","NAGUABO","AGRICULTURA","22","22"
"201304","HUMACAO","NAGUABO","MARICULTURA","1","1"
"201304","HUMACAO","VIEQUES","ACUACULTURA","12","12"
"201304","HUMACAO","VIEQUES","AGRICULTURA","1","1"
"201304","HUMACAO","YABUCOA","ACUACULTURA","1","1"
"201304","HUMACAO","YABUCOA","AGRICULTURA","71","74"
"201304","MAYAGÜEZ","AÑASCO","ACUACULTURA","7","7"
"201304","MAYAGÜEZ","AÑASCO","AGRICULTURA","53","54"
"201304","MAYAGÜEZ","CABO ROJO","ACUACULTURA","15","15"
"201304","MAYAGÜEZ","CABO ROJO","AGRICULTURA","64","70"
"201304","MAYAGÜEZ","CABO ROJO","MARICULTURA","22","23"
"201304","MAYAGÜEZ","GUANICA","ACUACULTURA","5","5"
"201304","MAYAGÜEZ","GUANICA","AGRICULTURA","92","95"
"201304","MAYAGÜEZ","HORMIGUEROS","AGRICULTURA","2","2"
"201304","MAYAGÜEZ","LAJAS","ACUACULTURA","1","1"
"201304","MAYAGÜEZ","LAJAS","AGRICULTURA","115","119"
"201304","MAYAGÜEZ","MARICAO","AGRICULTURA","126","133"
"201304","MAYAGÜEZ","MAYAGÜEZ","AGRICULTURA","29","31"
"201304","MAYAGÜEZ","MAYAGÜEZ","MARICULTURA","2","2"
"201304","MAYAGÜEZ","SABANA GRANDE","AGRICULTURA","71","76"
"201304","MAYAGÜEZ","SAN GERMAN","ACUACULTURA","1","1"
"201304","MAYAGÜEZ","SAN GERMAN","AGRICULTURA","99","101"
"201304","MAYAGÜEZ","SAN GERMAN","MARICULTURA","1","1"
"201304","PONCE","ADJUNTAS","AGRICULTURA","460","478"
"201304","PONCE","AIBONITO","ACUACULTURA","1","1"
"201304","PONCE","AIBONITO","AGRICULTURA","57","57"
"201304","PONCE","CASTAÑER","AGRICULTURA","210","217"
"201304","PONCE","COAMO","AGRICULTURA","175","179"
"201304","PONCE","GUAYANILLA","AGRICULTURA","128","130"
"201304","PONCE","GUAYANILLA","MARICULTURA","1","1"
"201304","PONCE","JAYUYA","AGRICULTURA","106","108"
"201304","PONCE","JUANA DIAZ","ACUACULTURA","1","1"
"201304","PONCE","JUANA DIAZ","AGRICULTURA","220","223"
"201304","PONCE","OROCOVIS","AGRICULTURA","201","203"
"201304","PONCE","PEÑUELAS","ACUACULTURA","1","1"
"201304","PONCE","PEÑUELAS","AGRICULTURA","63","66"
"201304","PONCE","PONCE 1","AGRICULTURA","2","2"
"201304","PONCE","PONCE 2","AGRICULTURA","14","14"
"201304","PONCE","PONCE 3","ACUACULTURA","4","4"
"201304","PONCE","PONCE 3","AGRICULTURA","96","98"
"201304","PONCE","VILLALBA","ACUACULTURA","8","10"
"201304","PONCE","VILLALBA","AGRICULTURA","126","128"
"201304","PONCE","YAUCO","ACUACULTURA","1","1"
"201304","PONCE","YAUCO","AGRICULTURA","358","367"
"201304","SAN JUAN","SAN JUAN","AGRICULTURA","1","1"
"201304","SAN JUAN","SAN JUAN","MARICULTURA","1","1"
"201305","AGUADILLA","AGUADA","ACUACULTURA","6","6"
"201305","AGUADILLA","AGUADA","AGRICULTURA","29","30"
"201305","AGUADILLA","AGUADILLA 1","AGRICULTURA","13","13"
"201305","AGUADILLA","AGUADILLA 2","ACUACULTURA","2","2"
"201305","AGUADILLA","AGUADILLA 2","AGRICULTURA","8","8"
"201305","AGUADILLA","AGUADILLA 2","MARICULTURA","3","3"
"201305","AGUADILLA","ISABELA","AGRICULTURA","60","60"
"201305","AGUADILLA","LAS MARÍAS","AGRICULTURA","162","167"
"201305","AGUADILLA","MOCA","ACUACULTURA","1","1"
"201305","AGUADILLA","MOCA","AGRICULTURA","108","112"
"201305","AGUADILLA","RINCÓN","ACUACULTURA","5","5"
"201305","AGUADILLA","RINCÓN","AGRICULTURA","9","9"
"201305","AGUADILLA","RINCÓN","MARICULTURA","2","2"
"201305","AGUADILLA","SAN SEBASTÍAN","ACUACULTURA","7","7"
"201305","AGUADILLA","SAN SEBASTÍAN","AGRICULTURA","323","330"
"201305","ARECIBO","ARECIBO 1","ACUACULTURA","3","3"
"201305","ARECIBO","ARECIBO 1","AGRICULTURA","67","68"
"201305","ARECIBO","ARECIBO 3","ACUACULTURA","2","2"
"201305","ARECIBO","ARECIBO 3","AGRICULTURA","30","30"
"201305","ARECIBO","BARCELONETA","ACUACULTURA","1","1"
"201305","ARECIBO","BARCELONETA","AGRICULTURA","14","14"
"201305","ARECIBO","CAMUY","ACUACULTURA","2","2"
"201305","ARECIBO","CAMUY","AGRICULTURA","153","153"
"201305","ARECIBO","CAMUY","MARICULTURA","1","1"
"201305","ARECIBO","CIALES","AGRICULTURA","77","79"
