"municipio_escolar","municipio_location","autismo","da_o_cerebral_por_trauma","disturbios_emocionales","impedimentos_m_ltiples","impedimentos_visuales","otros_problemas_de_salud","problemas_auditivos","problemas_de_habla_y_lenguaje","problemas_espec_ficos_de_aprendizaje","problemas_ortop_dicos","deficiencia_intelectual","retraso_en_el_desarrollo","sordo_ciego","total","a_o_escolar","pueblo"
"ADJUNTAS","
ADJUNTAS, PR 
(18.163220012000465, -66.72308999699965)","11",,"8","1","9","56","6","218","250",,"78",,,"637","2011-01-01T00:00:00.000","ADJUNTAS"
"ADJUNTAS","
ADJUNTAS, PR 
(18.163220012000465, -66.72308999699965)","10",,"12","1","7","48","6","196","257","1","62",,,"600","2012-01-01T00:00:00.000","ADJUNTAS"
"ADJUNTAS","
ADJUNTAS, PR 
(18.163220012000465, -66.72308999699965)","11",,"12","1","5","44","5","192","245","3","53",,,"571","2013-01-01T00:00:00.000","ADJUNTAS"
"AGUADA","
AGUADA, PR 
(18.38036997800043, -67.18917997599965)","24","1","24","13","12","247","13","336","954","2","223",,,"1849","2011-01-01T00:00:00.000","AGUADA"
"AGUADA","
AGUADA, PR 
(18.38036997800043, -67.18917997599965)","46","1","17","17","13","231","10","362","1008","8","227",,,"1940","2013-01-01T00:00:00.000","AGUADA"
"AGUADA","
AGUADA, PR 
(18.38036997800043, -67.18917997599965)","30","1","19","15","13","247","11","367","950","4","226",,,"1883","2012-01-01T00:00:00.000","AGUADA"
"AGUADILLA","
AGUADILLA, PR 
(18.434599981000474, -67.15518999199963)","26","2","32","12","12","181","15","641","927","5","154",,,"2007","2011-01-01T00:00:00.000","AGUADILLA"
"AGUADILLA","
AGUADILLA, PR 
(18.434599981000474, -67.15518999199963)","29","2","25","11","8","217","15","705","1018","5","146",,,"2181","2012-01-01T00:00:00.000","AGUADILLA"
"AGUADILLA","
AGUADILLA, PR 
(18.434599981000474, -67.15518999199963)","84","1","35","8","3","241","21","816","1188","6","159",,"1","2563","2013-01-01T00:00:00.000","AGUADILLA"
"AGUAS BUENAS","
AGUAS BUENAS, PR 
(18.25705999000047, -66.10599000899964)","45",,"31","15","12","148","10","471","858","5","117",,"1","1713","2013-01-01T00:00:00.000","AGUAS BUENAS"
"AGUAS BUENAS","
AGUAS BUENAS, PR 
(18.25705999000047, -66.10599000899964)","18",,"34","12","13","105","13","375","712","5","58",,,"1345","2012-01-01T00:00:00.000","AGUAS BUENAS"
"AGUAS BUENAS","
AGUAS BUENAS, PR 
(18.25705999000047, -66.10599000899964)","12",,"31","16","10","79","10","429","816","7","57",,,"1467","2011-01-01T00:00:00.000","AGUAS BUENAS"
"AIBONITO","
AIBONITO, PR 
(18.139880006000453, -66.26568001399966)","19",,"13","46","3","76","14","313","534","8","72",,,"1098","2011-01-01T00:00:00.000","AIBONITO"
"AIBONITO","
AIBONITO, PR 
(18.139880006000453, -66.26568001399966)","32",,"10","46","4","122","13","224","585","7","57",,,"1100","2013-01-01T00:00:00.000","AIBONITO"
"AIBONITO","
AIBONITO, PR 
(18.139880006000453, -66.26568001399966)","23",,"11","44","7","94","13","294","523","9","56",,,"1074","2012-01-01T00:00:00.000","AIBONITO"
"AIBONITO","
AIBONITO, PR 
(18.139880006000453, -66.26568001399966)","33",,"14","42","3","161","10","296","502","10","33",,,"1104","2014-01-01T00:00:00.000","AIBONITO"
"AÑASCO","
AÑASCO, PR 
(18.281769, -67.139238)","15",,"13","6","3","51","2","240","362","1","80",,,"773","2013-01-01T00:00:00.000","AÑASCO"
"AÑASCO","
AÑASCO, PR 
(18.281769, -67.139238)","12",,"14","7","6","66","2","276","424","4","91",,,"902","2011-01-01T00:00:00.000","AÑASCO"
"AÑASCO","
AÑASCO, PR 
(18.281769, -67.139238)","19",,"16","5","6","72","1","298","428","2","81",,,"928","2012-01-01T00:00:00.000","AÑASCO"
"AÑASCO","
AÑASCO, PR 
(18.281769, -67.139238)","16",,"11","3","5","79","1","313","434","2","76",,,"940","2014-01-01T00:00:00.000","AÑASCO"
"ARECIBO I","
ARECIBO, PR 
(18.47238998600045, -66.71972999299965)","19","1","43","5","9","129","7","492","865","10","117",,,"1697","2011-01-01T00:00:00.000","ARECIBO"
"ARECIBO I","
ARECIBO, PR 
(18.47238998600045, -66.71972999299965)","25","1","40","3","10","159","10","568","848","9","94",,"1","1768","2012-01-01T00:00:00.000","ARECIBO"
"ARECIBO I","
ARECIBO, PR 
(18.47238998600045, -66.71972999299965)","27","2","42","6","10","212","8","551","714","10","70",,"1","1653","2014-01-01T00:00:00.000","ARECIBO"
"ARECIBO II","
ARECIBO, PR 
(18.47238998600045, -66.71972999299965)","58",,"56","15","8","203","13","752","901","7","146",,,"2159","2014-01-01T00:00:00.000","ARECIBO"
"ARECIBO II","
ARECIBO, PR 
(18.47238998600045, -66.71972999299965)","52","1","45","22","9","176","9","589","1027","7","203",,,"2140","2013-01-01T00:00:00.000","ARECIBO"
"ARECIBO II","
ARECIBO, PR 
(18.47238998600045, -66.71972999299965)","45",,"36","19","12","81","12","495","1108","8","226",,"1","2043","2011-01-01T00:00:00.000","ARECIBO"
"ARECIBO II","
ARECIBO, PR 
(18.47238998600045, -66.71972999299965)","50",,"44","19","12","109","15","655","1063","6","197",,,"2170","2012-01-01T00:00:00.000","ARECIBO"
"ARECIBO I","
ARECIBO, PR 
(18.47238998600045, -66.71972999299965)","34","1","28","4","7","130","2","553","558","8","50",,,"1375","2013-01-01T00:00:00.000","ARECIBO"
"ARROYO","
ARROYO, PR 
(17.96216001400046, -66.06388002299963)","22",,"2","7","5","24","2","225","284","2","88",,,"661","2011-01-01T00:00:00.000","ARROYO"
"ARROYO","
ARROYO, PR 
(17.96216001400046, -66.06388002299963)","19",,"15","7","3","87","2","260","241","1","45",,,"680","2014-01-01T00:00:00.000","ARROYO"
"ARROYO","
ARROYO, PR 
(17.96216001400046, -66.06388002299963)","20",,"2","7","6","40","4","233","262","1","70",,,"645","2012-01-01T00:00:00.000","ARROYO"
"ARROYO","
ARROYO, PR 
(17.96216001400046, -66.06388002299963)","17",,"8","7","5","68","1","225","264","1","59",,,"655","2013-01-01T00:00:00.000","ARROYO"
"BARCELONETA","
BARCELONETA, PR 
(18.454409979000445, -66.53820997999964)","30",,"15","7","10","74","2","422","532","4","65",,,"1161","2012-01-01T00:00:00.000","BARCELONETA"
"BARCELONETA","
BARCELONETA, PR 
(18.454409979000445, -66.53820997999964)","36",,"15","7","9","90","2","403","541","4","64",,,"1171","2013-01-01T00:00:00.000","BARCELONETA"
"BARCELONETA","
BARCELONETA, PR 
(18.454409979000445, -66.53820997999964)","39",,"12","10","7","140","5","367","465","2","47",,,"1094","2014-01-01T00:00:00.000","BARCELONETA"
"BARCELONETA","
BARCELONETA, PR 
(18.454409979000445, -66.53820997999964)","19",,"19","6","9","49","2","337","576","3","87",,,"1107","2011-01-01T00:00:00.000","BARCELONETA"
"BARRANQUITAS","
BARRANQUITAS, PR 
(18.18655002300045, -66.30649998599966)","26","1","19","24","28","196","12","269","751","3","103",,"2","1434","2011-01-01T00:00:00.000","BARRANQUITAS"
"BARRANQUITAS","
BARRANQUITAS, PR 
(18.18655002300045, -66.30649998599966)","36","1","16","13","25","282","7","320","685","5","76",,,"1466","2014-01-01T00:00:00.000","BARRANQUITAS"
"BARRANQUITAS","
BARRANQUITAS, PR 
(18.18655002300045, -66.30649998599966)","32","1","21","20","30","225","10","276","739","5","100",,"2","1461","2012-01-01T00:00:00.000","BARRANQUITAS"
"BARRANQUITAS","
BARRANQUITAS, PR 
(18.18655002300045, -66.30649998599966)","68",,"34","16","24","240","14","318","1164","10","149",,"2","2039","2013-01-01T00:00:00.000","BARRANQUITAS"
"BAYAMON II","
BAYAMON, PR 
(18.394089980000444, -66.14738001999962)","78",,"26","35","14","352","21","954","1112","6","136",,"2","2736","2014-01-01T00:00:00.000","BAYAMON"
"BAYAMÓN III","
BAYAMON, PR 
(18.394089980000444, -66.14738001999962)","22",,"16","34","11","243","11","894","1109","7","82",,,"2429","2011-01-01T00:00:00.000","BAYAMON"
"BAYAMON III","
BAYAMON, PR 
(18.394089980000444, -66.14738001999962)","44",,"12","16","6","295","9","989","966","3","51",,,"2391","2014-01-01T00:00:00.000","BAYAMON"
"BAYAMON II","
BAYAMON, PR 
(18.394089980000444, -66.14738001999962)","78","3","27","36","18","331","26","932","1421","3","153",,"3","3031","2012-01-01T00:00:00.000","BAYAMON"
"Bayamón II","
BAYAMON, PR 
(18.394089980000444, -66.14738001999962)","83","3","20","28","17","293","26","711","1263","2","134",,"2","2582","2013-01-01T00:00:00.000","BAYAMON"
"Bayamón III","
BAYAMON, PR 
(18.394089980000444, -66.14738001999962)","38",,"11","21","6","254","11","629","1047","3","74",,,"2094","2013-01-01T00:00:00.000","BAYAMON"
"BAYAMON III","
BAYAMON, PR 
(18.394089980000444, -66.14738001999962)","41",,"13","29","8","277","10","998","1166","5","76",,,"2623","2012-01-01T00:00:00.000","BAYAMON"
"BAYAMÓN II","
BAYAMON, PR 
(18.394089980000444, -66.14738001999962)","75","5","35","31","21","286","13","771","1320","4","131",,"1","2693","2011-01-01T00:00:00.000","BAYAMON"
"Bayamón I","
BAYAMON, PR 
(18.394089980000444, -66.14738001999962)","98",,"19","34","4","261","9","1275","1178","8","132",,"9","3027","2013-01-01T00:00:00.000","BAYAMON"
"BAYAMON I","
BAYAMON, PR 
(18.394089980000444, -66.14738001999962)","115",,"27","27","6","252","7","917","1261","6","133",,"8","2759","2012-01-01T00:00:00.000","BAYAMON"
"BAYAMÓN I","
BAYAMON, PR 
(18.394089980000444, -66.14738001999962)","84",,"34","29","8","249","8","705","1344","4","141",,"9","2615","2011-01-01T00:00:00.000","BAYAMON"
"BAYAMON I","
BAYAMON, PR 
(18.394089980000444, -66.14738001999962)","116",,"17","26","3","293","5","937","1131","5","85",,"7","2625","2014-01-01T00:00:00.000","BAYAMON"
"CABO ROJO","
CABO ROJO, PR 
(18.088200019000453, -67.14688998899965)","43",,"24","24","3","226","4","329","758","5","84",,"2","1502","2014-01-01T00:00:00.000","CABO ROJO"
"CABO ROJO","
CABO ROJO, PR 
(18.088200019000453, -67.14688998899965)","26",,"26","21","8","123","9","411","851","8","114",,,"1597","2011-01-01T00:00:00.000","CABO ROJO"
"CABO ROJO","
CABO ROJO, PR 
(18.088200019000453, -67.14688998899965)","47","1","31","20","4","175","8","389","845","9","106",,"1","1636","2012-01-01T00:00:00.000","CABO ROJO"
"CABO ROJO","
CABO ROJO, PR 
(18.088200019000453, -67.14688998899965)","58",,"29","24","6","198","10","363","985","10","96",,"2","1781","2013-01-01T00:00:00.000","CABO ROJO"
"CAGUAS II","
CAGUAS, PR 
(18.226539990000447, -66.03746001999963)","109",,"31","27","23","251","12","902","1292","13","130",,"3","2793","2012-01-01T00:00:00.000","CAGUAS"
"CAGUAS I","
CAGUAS, PR 
(18.226539990000447, -66.03746001999963)","89","1","29","26","5","260","6","735","1176","8","137",,,"2472","2014-01-01T00:00:00.000","CAGUAS"
"CAGUAS I","
CAGUAS, PR 
(18.226539990000447, -66.03746001999963)","99",,"23","29","10","193","9","786","1249","14","177",,,"2589","2012-01-01T00:00:00.000","CAGUAS"
"CAGUAS II","
CAGUAS, PR 
(18.226539990000447, -66.03746001999963)","100",,"32","32","26","206","21","1027","1485","14","136",,"2","3081","2011-01-01T00:00:00.000","CAGUAS"
"CAGUAS II","
CAGUAS, PR 
(18.226539990000447, -66.03746001999963)","93",,"39","28","25","312","7","1018","1142","15","124",,"3","2806","2014-01-01T00:00:00.000","CAGUAS"
"CAGUAS I","
CAGUAS, PR 
(18.226539990000447, -66.03746001999963)","113","1","26","35","7","269","12","956","1298","17","178",,,"2912","2013-01-01T00:00:00.000","CAGUAS"
"CAGUAS I","
CAGUAS, PR 
(18.226539990000447, -66.03746001999963)","53","2","20","30","11","135","7","910","1344","18","171",,,"2701","2011-01-01T00:00:00.000","CAGUAS"
"CAGUAS II","
CAGUAS, PR 
(18.226539990000447, -66.03746001999963)","70",,"23","23","17","183","3","506","937","10","84",,"1","1857","2013-01-01T00:00:00.000","CAGUAS"
"CAMUY","
CAMUY, PR 
(18.483989994000467, -66.84468999599966)","9",,"18","5","11","69","15","235","543","6","59",,"1","971","2011-01-01T00:00:00.000","CAMUY"
"CAMUY","
CAMUY, PR 
(18.483989994000467, -66.84468999599966)","12",,"20","7","10","85","18","362","586","7","54",,,"1161","2012-01-01T00:00:00.000","CAMUY"
"CAMUY","
CAMUY, PR 
(18.483989994000467, -66.84468999599966)","16",,"29","6","10","90","15","376","511","6","46",,,"1105","2013-01-01T00:00:00.000","CAMUY"
"CAMUY","
CAMUY, PR 
(18.483989994000467, -66.84468999599966)","20",,"25","6","7","151","17","395","494","6","29",,,"1150","2014-01-01T00:00:00.000","CAMUY"
"CANOVANAS","
CANOVANAS, PR 
(18.375479984000435, -65.90440000699965)","19",,"2","10","2","72","8","321","523","4","88",,,"1049","2012-01-01T00:00:00.000","CANOVANAS"
"Canóvanas","
CANOVANAS, PR 
(18.375479984000435, -65.90440000699965)","12",,"3","9","1","71","7","306","454","2","55",,,"920","2013-01-01T00:00:00.000","CANOVANAS"
"CANOVANAS","
CANOVANAS, PR 
(18.375479984000435, -65.90440000699965)","15",,"1","9","4","75","4","344","469","1","43",,,"965","2014-01-01T00:00:00.000","CANOVANAS"
"CANÓVANAS","
CANOVANAS, PR 
(18.375479984000435, -65.90440000699965)","17",,"2","11","2","72","10","311","559","6","106",,,"1096","2011-01-01T00:00:00.000","CANOVANAS"
"CAROLINA II","
CAROLINA, PR 
(18.442839984000443, -66.02399001499964)","70",,"13","6","2","312","1","633","751","5","70",,,"1863","2014-01-01T00:00:00.000","CAROLINA"
"CAROLINA II","
CAROLINA, PR 
(18.442839984000443, -66.02399001499964)","63",,"11","9","13","240","4","708","1053","4","104","2","1","2212","2012-01-01T00:00:00.000","CAROLINA"
"CAROLINA I","
CAROLINA, PR 
(18.442839984000443, -66.02399001499964)","105","2","14","11","10","450","4","804","1267","6","156",,,"2829","2013-01-01T00:00:00.000","CAROLINA"
"CAROLINA I","
CAROLINA, PR 
(18.442839984000443, -66.02399001499964)","42","2","14","11","12","371","4","771","1045","5","107","1",,"2385","2012-01-01T00:00:00.000","CAROLINA"
"CAROLINA I","
CAROLINA, PR 
(18.442839984000443, -66.02399001499964)","32","2","14","14","13","298","7","743","1200","5","152","1",,"2481","2011-01-01T00:00:00.000","CAROLINA"
"CAROLINA II","
CAROLINA, PR 
(18.442839984000443, -66.02399001499964)","118",,"12","14","5","279","3","800","1017","9","56",,"3","2316","2013-01-01T00:00:00.000","CAROLINA"
"CAROLINA I","
CAROLINA, PR 
(18.442839984000443, -66.02399001499964)","56","1","9","15","9","377","5","710","737","3","80",,,"2002","2014-01-01T00:00:00.000","CAROLINA"
"CAROLINA II","
CAROLINA, PR 
(18.442839984000443, -66.02399001499964)","40",,"11","9","12","167","10","477","1027","5","113","2","1","1874","2011-01-01T00:00:00.000","CAROLINA"
"CATAÑO","
CATAÑO, PR 
(18.43672, -66.144233)","18",,"15","14","1","106","4","234","419","2","99",,,"912","2013-01-01T00:00:00.000","CATAÑO"
"CATAÑO","
CATAÑO, PR 
(18.43672, -66.144233)","23",,"18","17","1","157","4","315","516","4","138",,,"1193","2012-01-01T00:00:00.000","CATAÑO"
"CATAÑO","
CATAÑO, PR 
(18.43672, -66.144233)","24",,"13","15","1","157","6","335","457","3","90",,,"1101","2014-01-01T00:00:00.000","CATAÑO"
"CATAÑO","
CATAÑO, PR 
(18.43672, -66.144233)","21",,"17","15","2","171","4","300","543","3","133",,,"1209","2011-01-01T00:00:00.000","CATAÑO"
"CAYEY","
CAYEY, PR 
(18.114650009000457, -66.16996001699965)","47",,"44","31","10","290","10","605","1078","11","133",,"1","2260","2014-01-01T00:00:00.000","CAYEY"
"CAYEY","
CAYEY, PR 
(18.114650009000457, -66.16996001699965)","48","1","20","34","8","219","17","510","1178","11","137",,"1","2184","2012-01-01T00:00:00.000","CAYEY"
"CAYEY","
CAYEY, PR 
(18.114650009000457, -66.16996001699965)","34","3","19","28","5","152","26","553","1215","14","149",,,"2198","2011-01-01T00:00:00.000","CAYEY"
"CAYEY","
CAYEY, PR 
(18.114650009000457, -66.16996001699965)","50","2","39","31","11","217","13","408","1184","9","133",,"1","2098","2013-01-01T00:00:00.000","CAYEY"
"CEIBA","
CEIBA, PR 
(18.43900999900046, -66.35268997799966)","24",,"15","4","1","33","2","163","206","1","29",,,"478","2013-01-01T00:00:00.000","CEIBA"
"CEIBA","
CEIBA, PR 
(18.43900999900046, -66.35268997799966)","7",,"2",,"1","10","2","115","169","3","38",,,"347","2011-01-01T00:00:00.000","CEIBA"
"CEIBA","
CEIBA, PR 
(18.43900999900046, -66.35268997799966)","7",,"6","2","1","9","2","95","161","1","30",,,"314","2012-01-01T00:00:00.000","CEIBA"
"CEIBA","
CEIBA, PR 
(18.43900999900046, -66.35268997799966)","5",,"6","2","1","12","2","121","141","3","31",,,"324","2014-01-01T00:00:00.000","CEIBA"
"CIALES","
CIALES, PR 
(18.33623998100046, -66.46973999099964)","15",,"6","12","6","98","5","180","377","1","64",,,"764","2012-01-01T00:00:00.000","CIALES"
"CIALES","
CIALES, PR 
(18.33623998100046, -66.46973999099964)","19",,"8","8","5","138","5","268","363","4","51",,,"869","2014-01-01T00:00:00.000","CIALES"
"CIALES","
CIALES, PR 
(18.33623998100046, -66.46973999099964)","14",,"1","11","4","87","4","167","392",,"71",,,"751","2011-01-01T00:00:00.000","CIALES"
"CIALES","
CIALES, PR 
(18.33623998100046, -66.46973999099964)","16",,"6","8","8","117","6","235","424","2","63",,,"885","2013-01-01T00:00:00.000","CIALES"
"CIDRA","
CIDRA, PR 
(18.175390008000477, -66.16058001299962)","45","3","26","25","20","226","6","408","892","11","124",,"2","1788","2013-01-01T00:00:00.000","CIDRA"
"CIDRA","
CIDRA, PR 
(18.175390008000477, -66.16058001299962)","22",,"18","20","12","109","6","420","850","8","65",,"1","1531","2011-01-01T00:00:00.000","CIDRA"
"CIDRA","
CIDRA, PR 
(18.175390008000477, -66.16058001299962)","26","2","16","28","12","166","5","484","778","9","73",,"1","1600","2012-01-01T00:00:00.000","CIDRA"
"CIDRA","
CIDRA, PR 
(18.175390008000477, -66.16058001299962)","38","2","22","18","10","225","3","473","643","10","75",,,"1519","2014-01-01T00:00:00.000","CIDRA"
"COAMO","
COAMO, PR 
(18.07939000300047, -66.36145998599966)","33","1","7","7","8","106","13","629","834","1","103",,,"1742","2014-01-01T00:00:00.000","COAMO"
"COAMO","
COAMO, PR 
(18.07939000300047, -66.36145998599966)","20",,"10","18","14","55","18","541","1127","6","200",,,"2009","2011-01-01T00:00:00.000","COAMO"
"COAMO","
COAMO, PR 
(18.07939000300047, -66.36145998599966)","34","2","6","13","8","70","13","561","972","3","139",,"1","1822","2013-01-01T00:00:00.000","COAMO"
"COAMO","
COAMO, PR 
(18.07939000300047, -66.36145998599966)","29",,"6","13","7","68","10","619","996","3","145",,,"1896","2012-01-01T00:00:00.000","COAMO"
"COMERIO","
COMERIO, PR 
(18.218920005000427, -66.22562000099964)","24",,"15","15","3","95","18","304","486","6","41",,,"1007","2012-01-01T00:00:00.000","COMERIO"
"Comerío","
COMERIO, PR 
(18.218920005000427, -66.22562000099964)","24",,"13","12","2","88","14","253","351","5","43",,,"805","2013-01-01T00:00:00.000","COMERIO"
"COMERÍO","
COMERIO, PR 
(18.218920005000427, -66.22562000099964)","23",,"14","19","6","81","18","347","512","6","40",,,"1066","2011-01-01T00:00:00.000","COMERIO"
"COMERIO","
COMERIO, PR 
(18.218920005000427, -66.22562000099964)","27",,"10","11","2","165","17","343","471","8","33",,,"1087","2014-01-01T00:00:00.000","COMERIO"
"COROZAL","
COROZAL, PR 
(18.340609991000463, -66.31697998399966)","19","1","5","17","11","279","6","531","633","7","102",,,"1611","2011-01-01T00:00:00.000","COROZAL"
"COROZAL","
COROZAL, PR 
(18.340609991000463, -66.31697998399966)","45","1","3","16","10","272","10","551","619","6","82",,,"1615","2014-01-01T00:00:00.000","COROZAL"
"COROZAL","
COROZAL, PR 
(18.340609991000463, -66.31697998399966)","31","2","3","18","10","287","8","555","606","9","89",,,"1618","2012-01-01T00:00:00.000","COROZAL"
"COROZAL","
COROZAL, PR 
(18.340609991000463, -66.31697998399966)","34","3","4","6","8","189","6","433","555","4","55",,,"1297","2013-01-01T00:00:00.000","COROZAL"
"CULEBRA","
CULEBRA, PR 
(18.303329998000436, -65.30076999999966)",,,"1",,,,,"6","35",,"4",,,"46","2012-01-01T00:00:00.000","CULEBRA"
"CULEBRA","
CULEBRA, PR 
(18.303329998000436, -65.30076999999966)","1",,,,,,,"5","21",,"1",,,"28","2014-01-01T00:00:00.000","CULEBRA"
"CULEBRA","
CULEBRA, PR 
(18.303329998000436, -65.30076999999966)","3",,,,,"5","2","15","74",,"4",,,"103","2013-01-01T00:00:00.000","CULEBRA"
"CULEBRA","
CULEBRA, PR 
(18.303329998000436, -65.30076999999966)",,,"1",,,,,"6","32",,"6",,,"45","2011-01-01T00:00:00.000","CULEBRA"
"DORADO","
DORADO, PR 
(18.459459982000453, -66.26256000899963)","33",,"33","16","3","107","6","487","690","3","79",,,"1457","2011-01-01T00:00:00.000","DORADO"
"DORADO","
DORADO, PR 
(18.459459982000453, -66.26256000899963)","40",,"19","13","4","116","5","555","527","2","47",,,"1328","2014-01-01T00:00:00.000","DORADO"
"DORADO","
DORADO, PR 
(18.459459982000453, -66.26256000899963)","48",,"24","22","5","166","5","666","884","2","72",,,"1894","2013-01-01T00:00:00.000","DORADO"
"DORADO","
DORADO, PR 
(18.459459982000453, -66.26256000899963)","37",,"29","19","3","127","9","600","733","2","83",,,"1642","2012-01-01T00:00:00.000","DORADO"
"FAJARDO","
FAJARDO, PR 
(18.328119978000473, -65.65332000799964)","25","1","14","8","1","34","5","393","599","1","83",,,"1164","2012-01-01T00:00:00.000","FAJARDO"
"FAJARDO","
FAJARDO, PR 
(18.328119978000473, -65.65332000799964)","30","1","15","5","3","40","3","326","445","2","39",,,"909","2014-01-01T00:00:00.000","FAJARDO"
"FAJARDO","
FAJARDO, PR 
(18.328119978000473, -65.65332000799964)","21","1","25","7","3","38","5","360","647","3","107",,,"1217","2011-01-01T00:00:00.000","FAJARDO"
"FAJARDO","
FAJARDO, PR 
(18.328119978000473, -65.65332000799964)","25","1","10","8","2","38","4","336","540","1","55",,"1","1021","2013-01-01T00:00:00.000","FAJARDO"
"FLORIDA","
FLORIDA, PR 
(18.36344998000044, -66.56237999199965)","9",,"8","8","3","47","2","199","309","5","36",,,"626","2014-01-01T00:00:00.000","FLORIDA"
"FLORIDA","
FLORIDA, PR 
(18.36344998000044, -66.56237999199965)","8",,"5","9","1","22","1","125","312","3","42",,"1","529","2012-01-01T00:00:00.000","FLORIDA"
"FLORIDA","
FLORIDA, PR 
(18.36344998000044, -66.56237999199965)","8",,"11","9","4","30","1","112","331","3","51",,,"560","2013-01-01T00:00:00.000","FLORIDA"
"FLORIDA","
FLORIDA, PR 
(18.36344998000044, -66.56237999199965)","8",,"6","7","2","15","1","96","327","4","54",,"1","521","2011-01-01T00:00:00.000","FLORIDA"
"GUÁNICA","
GUANICA, PR 
(17.971420018000458, -66.90684997999966)","11",,"2","10","11","47",,"230","393","1","55",,,"760","2011-01-01T00:00:00.000","GUANICA"
"GUANICA","
GUANICA, PR 
(17.971420018000458, -66.90684997999966)","11",,"2","7","8","49",,"281","319","2","27",,,"706","2014-01-01T00:00:00.000","GUANICA"
"GUANICA","
GUANICA, PR 
(17.971420018000458, -66.90684997999966)","10",,"1","9","10","48",,"229","381","1","42",,,"731","2012-01-01T00:00:00.000","GUANICA"
"Guánica","
GUANICA, PR 
(17.971420018000458, -66.90684997999966)","10",,"1","8","10","41",,"219","351","1","31",,,"672","2013-01-01T00:00:00.000","GUANICA"
"GUAYAMA","
GUAYAMA, PR 
(17.985200020000434, -66.11315001099962)","54","1","18","18","7","201","6","520","533","6","118",,"1","1483","2014-01-01T00:00:00.000","GUAYAMA"
"GUAYAMA","
GUAYAMA, PR 
(17.985200020000434, -66.11315001099962)","58","1","17","22","5","207","11","508","741","8","155",,,"1733","2013-01-01T00:00:00.000","GUAYAMA"
"GUAYAMA","
GUAYAMA, PR 
(17.985200020000434, -66.11315001099962)","33",,"20","15","5","134","11","532","609","10","171",,"2","1542","2011-01-01T00:00:00.000","GUAYAMA"
"GUAYAMA","
GUAYAMA, PR 
(17.985200020000434, -66.11315001099962)","47","1","20","21","4","155","8","517","680","10","193",,"1","1657","2012-01-01T00:00:00.000","GUAYAMA"
"GUAYANILLA","
GUAYANILLA, PR 
(18.02363001000043, -66.79296997599965)","19","1","9","6","4","56","3","299","388",,"39",,"1","825","2014-01-01T00:00:00.000","GUAYANILLA"
"GUAYANILLA","
GUAYANILLA, PR 
(18.02363001000043, -66.79296997599965)","22","1","13","4","4","42","5","231","453",,"61",,"1","837","2013-01-01T00:00:00.000","GUAYANILLA"
"GUAYANILLA","
GUAYANILLA, PR 
(18.02363001000043, -66.79296997599965)","16",,"11","5","9","37","6","256","478","1","54",,"1","874","2011-01-01T00:00:00.000","GUAYANILLA"
"GUAYANILLA","
GUAYANILLA, PR 
(18.02363001000043, -66.79296997599965)","18",,"7","4","7","46","5","247","460","1","53",,"1","849","2012-01-01T00:00:00.000","GUAYANILLA"
"GUAYNABO","
GUAYNABO, PR 
(18.359729975000448, -66.11052000299964)","60",,"7","14","3","468","3","603","723","4","45",,"2","1932","2014-01-01T00:00:00.000","GUAYNABO"
"GUAYNABO","
GUAYNABO, PR 
(18.359729975000448, -66.11052000299964)","30",,"28","19","7","313","5","416","997","6","83",,"1","1905","2011-01-01T00:00:00.000","GUAYNABO"
"GUAYNABO","
GUAYNABO, PR 
(18.359729975000448, -66.11052000299964)","50",,"12","15","3","376","6","483","862","2","67",,"1","1877","2012-01-01T00:00:00.000","GUAYNABO"
"GUAYNABO","
GUAYNABO, PR 
(18.359729975000448, -66.11052000299964)","74",,"25","24","5","358","7","539","904","4","99",,"1","2040","2013-01-01T00:00:00.000","GUAYNABO"
"GURABO","
GURABO, PR 
(18.254759995000427, -65.97214002299967)","43","3","8","14","5","180","6","496","691","3","84",,"2","1535","2013-01-01T00:00:00.000","GURABO"
"GURABO","
GURABO, PR 
(18.254759995000427, -65.97214002299967)","37","3","11","15","4","210","4","457","652","2","74",,,"1469","2014-01-01T00:00:00.000","GURABO"
"GURABO","
GURABO, PR 
(18.254759995000427, -65.97214002299967)","39","2","11","14","4","136","6","512","662","5","77",,"1","1469","2012-01-01T00:00:00.000","GURABO"
"GURABO","
GURABO, PR 
(18.254759995000427, -65.97214002299967)","37","2","15","15","5","129","9","523","719","2","88",,"1","1545","2011-01-01T00:00:00.000","GURABO"
"HATILLO","
HATILLO, PR 
(18.483049984000445, -66.82282999899962)","25",,"24","6","10","86","12","438","937","4","57",,"3","1602","2013-01-01T00:00:00.000","HATILLO"
"HATILLO","
HATILLO, PR 
(18.483049984000445, -66.82282999899962)","15",,"13","8","8","42","11","370","814","8","76",,,"1365","2011-01-01T00:00:00.000","HATILLO"
"HATILLO","
HATILLO, PR 
(18.483049984000445, -66.82282999899962)","28",,"28","5","9","135","8","566","718","7","54",,,"1558","2014-01-01T00:00:00.000","HATILLO"
"HATILLO","
HATILLO, PR 
(18.483049984000445, -66.82282999899962)","18","1","12","6","10","59","10","482","810","6","58",,,"1472","2012-01-01T00:00:00.000","HATILLO"
"HORMIGUEROS","
HORMIGUEROS, PR 
(18.14104002400046, -67.12240998099963)","26","1","16","10","4","63","6","214","550","2","67",,,"959","2013-01-01T00:00:00.000","HORMIGUEROS"
"HORMIGUEROS","
HORMIGUEROS, PR 
(18.14104002400046, -67.12240998099963)","13",,"10","10",,"52","2","200","466","2","27",,,"782","2012-01-01T00:00:00.000","HORMIGUEROS"
"HORMIGUEROS","
HORMIGUEROS, PR 
(18.14104002400046, -67.12240998099963)","11",,"11","6","1","42",,"193","435","2","52",,,"753","2011-01-01T00:00:00.000","HORMIGUEROS"
"HORMIGUEROS","
HORMIGUEROS, PR 
(18.14104002400046, -67.12240998099963)","14","1","8","9","2","80","2","208","406","2","20",,,"752","2014-01-01T00:00:00.000","HORMIGUEROS"
"HUMACAO","
HUMACAO, PR 
(18.151470017000463, -65.82337000899963)","40",,"17","16","11","71","12","689","845","7","107",,,"1815","2014-01-01T00:00:00.000","HUMACAO"
"HUMACAO","
HUMACAO, PR 
(18.151470017000463, -65.82337000899963)","42","2","20","25","12","66","11","601","986","9","173",,,"1947","2011-01-01T00:00:00.000","HUMACAO"
"HUMACAO","
HUMACAO, PR 
(18.151470017000463, -65.82337000899963)","54",,"21","22","13","65","6","587","863","6","149",,,"1786","2013-01-01T00:00:00.000","HUMACAO"
"HUMACAO","
HUMACAO, PR 
(18.151470017000463, -65.82337000899963)","46","1","25","22","12","75","7","652","902","7","142",,,"1891","2012-01-01T00:00:00.000","HUMACAO"
"ISABELA","
ISABELA, PR 
(18.501219988000457, -67.02111999699963)","43",,"37","16","11","224","11","518","880","11","84",,"2","1837","2011-01-01T00:00:00.000","ISABELA"
"ISABELA","
ISABELA, PR 
(18.501219988000457, -67.02111999699963)","49",,"26","16","9","191","11","424","828","11","82",,"2","1649","2013-01-01T00:00:00.000","ISABELA"
"ISABELA","
ISABELA, PR 
(18.501219988000457, -67.02111999699963)","47",,"33","16","15","249","14","559","931","12","85",,"2","1963","2012-01-01T00:00:00.000","ISABELA"
"ISABELA","
ISABELA, PR 
(18.501219988000457, -67.02111999699963)","51",,"24","15","7","278","16","497","868","10","78",,"2","1846","2014-01-01T00:00:00.000","ISABELA"
"JAYUYA","
JAYUYA, PR 
(18.219400005000466, -66.59091998899964)","10","2","25","4","9","28","6","199","397","2","46",,,"728","2011-01-01T00:00:00.000","JAYUYA"
"JAYUYA","
JAYUYA, PR 
(18.219400005000466, -66.59091998899964)","13",,"9","6","1","34","7","243","373",,"21",,,"707","2014-01-01T00:00:00.000","JAYUYA"
"JAYUYA","
JAYUYA, PR 
(18.219400005000466, -66.59091998899964)","10","1","10","4","5","28","7","162","409",,"34",,,"670","2013-01-01T00:00:00.000","JAYUYA"
"JAYUYA","
JAYUYA, PR 
(18.219400005000466, -66.59091998899964)","11","2","16","6","5","27","7","182","399",,"32",,,"687","2012-01-01T00:00:00.000","JAYUYA"
"Juana Díaz","
JUANA DIAZ, PR 
(18.052780004000454, -66.50685999899963)","30","1","32","20","8","105","6","606","972","5","85",,"1","1871","2013-01-01T00:00:00.000","JUANA DIAZ"
"JUANA DIAZ","
JUANA DIAZ, PR 
(18.052780004000454, -66.50685999899963)","30","1","27","13","10","126","7","744","960","3","72",,"1","1994","2014-01-01T00:00:00.000","JUANA DIAZ"
"JUANA DÍAZ","
JUANA DIAZ, PR 
(18.052780004000454, -66.50685999899963)","25","2","33","16","14","86","11","651","1218","8","148",,"1","2213","2011-01-01T00:00:00.000","JUANA DIAZ"
"JUANA DIAZ","
JUANA DIAZ, PR 
(18.052780004000454, -66.50685999899963)","32","2","30","16","10","99","7","646","1115","7","102",,"1","2067","2012-01-01T00:00:00.000","JUANA DIAZ"
"JUNCOS","
JUNCOS, PR 
(18.22783997600044, -65.92472001699963)","27","1","3","11","11","29","3","460","653","2","55",,,"1255","2013-01-01T00:00:00.000","JUNCOS"
"JUNCOS","
JUNCOS, PR 
(18.22783997600044, -65.92472001699963)","16",,"4","9","8","49","4","533","621",,"38",,,"1282","2014-01-01T00:00:00.000","JUNCOS"
"JUNCOS","
JUNCOS, PR 
(18.22783997600044, -65.92472001699963)","13","1","3","19","10","22","1","565","607","4","68","1",,"1314","2011-01-01T00:00:00.000","JUNCOS"
"JUNCOS","
JUNCOS, PR 
(18.22783997600044, -65.92472001699963)","19","1","3","15","11","28","2","569","613","3","58",,,"1322","2012-01-01T00:00:00.000","JUNCOS"
"LAJAS","
LAJAS, PR 
(18.052880012000458, -67.05813999799966)","28","1","41","4","7","90","1","269","673","8","97",,,"1219","2012-01-01T00:00:00.000","LAJAS"
"LAJAS","
LAJAS, PR 
(18.052880012000458, -67.05813999799966)","17","1","43","5","5","74","1","272","676","7","98",,,"1199","2011-01-01T00:00:00.000","LAJAS"
"LAJAS","
LAJAS, PR 
(18.052880012000458, -67.05813999799966)","31","1","23","5","8","119","1","260","565","7","65",,,"1085","2014-01-01T00:00:00.000","LAJAS"
"LAJAS","
LAJAS, PR 
(18.052880012000458, -67.05813999799966)","14",,"11","2","7","69","4","217","461","8","59",,"1","853","2013-01-01T00:00:00.000","LAJAS"
"LARES","
LARES, PR 
(18.29824998400045, -66.87340999299965)","17",,"19","29","8","112","12","309","522","9","96",,,"1133","2011-01-01T00:00:00.000","LARES"
"LARES","
LARES, PR 
(18.29824998400045, -66.87340999299965)","25",,"21","26","10","160","14","334","547","7","77",,,"1221","2013-01-01T00:00:00.000","LARES"
"LARES","
LARES, PR 
(18.29824998400045, -66.87340999299965)","20",,"25","28","8","132","13","339","532","7","80","1",,"1185","2012-01-01T00:00:00.000","LARES"
"LARES","
LARES, PR 
(18.29824998400045, -66.87340999299965)","26",,"22","17","6","194","10","377","480","6","53",,,"1191","2014-01-01T00:00:00.000","LARES"
"LAS MARIAS","
LAS MARIAS, PR 
(18.251839983000423, -66.98955997999963)","6",,"2","2","2","29",,"92","237",,"40",,,"410","2014-01-01T00:00:00.000","LAS MARIAS"
"LAS MARÍAS","
LAS MARIAS, PR 
(18.251839983000423, -66.98955997999963)","5",,"4","3","2","13","1","75","255",,"50",,,"408","2011-01-01T00:00:00.000","LAS MARIAS"
"LAS MARIAS","
LAS MARIAS, PR 
(18.251839983000423, -66.98955997999963)","7",,"3","3","1","15","1","96","256",,"42",,,"424","2012-01-01T00:00:00.000","LAS MARIAS"
"Las Marías","
LAS MARIAS, PR 
(18.251839983000423, -66.98955997999963)","6",,"1","2","1","17",,"75","218",,"27",,,"347","2013-01-01T00:00:00.000","LAS MARIAS"
"LAS PIEDRAS","
LAS PIEDRAS, PR 
(18.18253001800042, -65.86530001999967)","24","1","5","23","6","63","9","554","579","2","66",,,"1332","2012-01-01T00:00:00.000","LAS PIEDRAS"
"LAS PIEDRAS","
LAS PIEDRAS, PR 
(18.18253001800042, -65.86530001999967)","32",,"12","19","6","61","8","480","586","2","44",,,"1250","2014-01-01T00:00:00.000","LAS PIEDRAS"
"LAS PIEDRAS","
LAS PIEDRAS, PR 
(18.18253001800042, -65.86530001999967)","25","1","8","23","8","56","13","462","685","2","86",,"1","1370","2013-01-01T00:00:00.000","LAS PIEDRAS"
"LAS PIEDRAS","
LAS PIEDRAS, PR 
(18.18253001800042, -65.86530001999967)","23",,"10","24","6","63","8","504","593","2","80",,,"1313","2011-01-01T00:00:00.000","LAS PIEDRAS"
"LOÍZA","
LOIZA, PR 
(18.429149994000454, -65.88273000599963)","10",,"6","18","1","12","2","205","153","1","58",,,"466","2011-01-01T00:00:00.000","LOIZA"
"LOIZA","
LOIZA, PR 
(18.429149994000454, -65.88273000599963)","8",,"3","2",,"15","1","196","131",,"49",,,"405","2014-01-01T00:00:00.000","LOIZA"
"Loíza","
LOIZA, PR 
(18.429149994000454, -65.88273000599963)","9",,"4","6","1","15","2","201","167",,"68",,,"473","2013-01-01T00:00:00.000","LOIZA"
"LOIZA","
LOIZA, PR 
(18.429149994000454, -65.88273000599963)","11",,"4","16","1","18","3","202","143",,"58",,,"456","2012-01-01T00:00:00.000","LOIZA"
"LUQUILLO","
LUQUILLO, PR 
(18.37668998200047, -65.71652000999967)","9",,"4","8","3","13",,"197","358","1","38",,,"631","2013-01-01T00:00:00.000","LUQUILLO"
"LUQUILLO","
LUQUILLO, PR 
(18.37668998200047, -65.71652000999967)","11",,"3","4","3","17",,"226","206","1","17",,,"488","2014-01-01T00:00:00.000","LUQUILLO"
"LUQUILLO","
LUQUILLO, PR 
(18.37668998200047, -65.71652000999967)","8",,"3","6","2","16",,"212","298","3","36",,,"584","2011-01-01T00:00:00.000","LUQUILLO"
"LUQUILLO","
LUQUILLO, PR 
(18.37668998200047, -65.71652000999967)","8",,"8","7","2","19",,"229","281","1","39",,,"594","2012-01-01T00:00:00.000","LUQUILLO"
"MANATÍ","
MANATI, PR 
(18.430539992000433, -66.48484999099963)","28",,"3","15","4","91","4","336","595","2","124",,,"1202","2011-01-01T00:00:00.000","MANATI"
"Manatí","
MANATI, PR 
(18.430539992000433, -66.48484999099963)","35",,"6","16","4","118","7","504","565","3","74",,,"1332","2013-01-01T00:00:00.000","MANATI"
"MANATI","
MANATI, PR 
(18.430539992000433, -66.48484999099963)","31",,"7","16","5","111","7","420","644","1","110",,,"1352","2012-01-01T00:00:00.000","MANATI"
"MANATI","
MANATI, PR 
(18.430539992000433, -66.48484999099963)","29",,"9","5","3","167","4","563","514","3","89",,,"1386","2014-01-01T00:00:00.000","MANATI"
"MARICAO","
MARICAO, PR 
(18.181050007000465, -66.97869998999965)","1",,"1","7",,"18",,"61","126","1","21",,,"236","2012-01-01T00:00:00.000","MARICAO"
"MARICAO","
MARICAO, PR 
(18.181050007000465, -66.97869998999965)","1",,"0","7",,"9",,"70","140","1","28",,,"256","2011-01-01T00:00:00.000","MARICAO"
"MARICAO","
MARICAO, PR 
(18.181050007000465, -66.97869998999965)","1","1","2","7",,"21","1","64","122","3","18",,,"240","2014-01-01T00:00:00.000","MARICAO"
"MARICAO","
MARICAO, PR 
(18.181050007000465, -66.97869998999965)","2","1","1","7","1","16",,"64","150","1","26",,,"269","2013-01-01T00:00:00.000","MARICAO"
"MAUNABO","
MAUNABO, PR 
(18.007330005000426, -65.90155001499966)","6",,"3","7","1","23","5","145","191",,"28",,,"409","2012-01-01T00:00:00.000","MAUNABO"
"MAUNABO","
MAUNABO, PR 
(18.007330005000426, -65.90155001499966)","5",,"4","8","1","29","4","136","192",,"35",,,"414","2011-01-01T00:00:00.000","MAUNABO"
"MAUNABO","
MAUNABO, PR 
(18.007330005000426, -65.90155001499966)","7",,"4","7",,"25","2","129","193",,"31",,,"398","2014-01-01T00:00:00.000","MAUNABO"
"MAUNABO","
MAUNABO, PR 
(18.007330005000426, -65.90155001499966)","7",,"2","7",,"22","5","117","219",,"33",,,"412","2013-01-01T00:00:00.000","MAUNABO"
"MAYAGUEZ","
MAYAGUEZ, PR 
(18.203680009000436, -67.14689998499966)","38",,"22","18","10","216","12","934","1259","9","195",,,"2713","2014-01-01T00:00:00.000","MAYAGUEZ"
"MAYAGUEZ","
MAYAGUEZ, PR 
(18.203680009000436, -67.14689998499966)","37","1","28","21","10","184","20","1011","1437","8","240",,,"2997","2012-01-01T00:00:00.000","MAYAGUEZ"
"Mayagüez","
MAYAGUEZ, PR 
(18.203680009000436, -67.14689998499966)","23",,"29","15","10","166","13","775","1221","6","210",,,"2468","2013-01-01T00:00:00.000","MAYAGUEZ"
"MAYAGÜEZ","
MAYAGUEZ, PR 
(18.203680009000436, -67.14689998499966)","30","2","36","18","11","185","20","922","1603","5","300",,,"3132","2011-01-01T00:00:00.000","MAYAGUEZ"
"MOCA","
MOCA, PR 
(18.394929981000473, -67.11367998199967)","39",,"2","23","8","167","8","361","577","7","91",,,"1283","2014-01-01T00:00:00.000","MOCA"
"MOCA","
MOCA, PR 
(18.394929981000473, -67.11367998199967)","60","1","5","23","10","207","13","483","732","10","118",,"1","1663","2013-01-01T00:00:00.000","MOCA"
"MOCA","
MOCA, PR 
(18.394929981000473, -67.11367998199967)","36",,"3","23","9","170","11","426","621","9","100",,,"1408","2012-01-01T00:00:00.000","MOCA"
"MOCA","
MOCA, PR 
(18.394929981000473, -67.11367998199967)","27",,"7","17","6","123","10","394","590","11","96",,,"1281","2011-01-01T00:00:00.000","MOCA"
"MOROVIS","
MOROVIS, PR 
(18.32585999200046, -66.40652999299965)","51","1","9","23","5","155","8","520","605","12","111",,,"1500","2013-01-01T00:00:00.000","MOROVIS"
"MOROVIS","
MOROVIS, PR 
(18.32585999200046, -66.40652999299965)","31",,"10","19","7","171","6","512","502","9","63",,,"1330","2014-01-01T00:00:00.000","MOROVIS"
"MOROVIS","
MOROVIS, PR 
(18.32585999200046, -66.40652999299965)","28","1","9","15","9","127","9","452","602","8","99",,,"1359","2012-01-01T00:00:00.000","MOROVIS"
"MOROVIS","
MOROVIS, PR 
(18.32585999200046, -66.40652999299965)","24","1","16","20","9","101","15","408","712","11","120",,"1","1438","2011-01-01T00:00:00.000","MOROVIS"
"NAGUABO","
NAGUABO, PR 
(18.211570007000432, -65.73506000999964)","7",,"4","7","4","17","9","257","275","1","44",,,"625","2011-01-01T00:00:00.000","NAGUABO"
"NAGUABO","
NAGUABO, PR 
(18.211570007000432, -65.73506000999964)","17",,"4","10","6","22","4","259","283","2","25",,,"632","2014-01-01T00:00:00.000","NAGUABO"
"NAGUABO","
NAGUABO, PR 
(18.211570007000432, -65.73506000999964)","6",,"6","9","8","25","6","270","263","1","42",,,"636","2012-01-01T00:00:00.000","NAGUABO"
"NAGUABO","
NAGUABO, PR 
(18.211570007000432, -65.73506000999964)","14",,"7","9","5","19","5","245","314","1","33",,,"652","2013-01-01T00:00:00.000","NAGUABO"
"NARANJITO","
NARANJITO, PR 
(18.300909979000437, -66.24543002299964)","33","1","9","20","13","163","22","361","891","6","103",,,"1622","2013-01-01T00:00:00.000","NARANJITO"
"NARANJITO","
NARANJITO, PR 
(18.300909979000437, -66.24543002299964)","29",,"6","20","9","155","18","322","923","6","105",,,"1593","2012-01-01T00:00:00.000","NARANJITO"
"NARANJITO","
NARANJITO, PR 
(18.300909979000437, -66.24543002299964)","33",,"8","18","12","180","14","442","767","4","86",,"1","1565","2014-01-01T00:00:00.000","NARANJITO"
"NARANJITO","
NARANJITO, PR 
(18.300909979000437, -66.24543002299964)","20","1","5","18","10","118","18","330","835","6","76",,,"1437","2011-01-01T00:00:00.000","NARANJITO"
"OROCOVIS","
OROCOVIS, PR 
(18.229849991000435, -66.38835998899964)","11","2","8","10","9","108","17","286","421","4","103",,,"979","2014-01-01T00:00:00.000","OROCOVIS"
"OROCOVIS","
OROCOVIS, PR 
(18.229849991000435, -66.38835998899964)","6","4","3","9","15","58","14","231","538","2","128",,,"1008","2011-01-01T00:00:00.000","OROCOVIS"
"OROCOVIS","
OROCOVIS, PR 
(18.229849991000435, -66.38835998899964)","6","3","3","5","14","62","14","251","479","3","111",,,"951","2012-01-01T00:00:00.000","OROCOVIS"
"OROCOVIS","
OROCOVIS, PR 
(18.229849991000435, -66.38835998899964)","10","3","6","8","11","89","18","273","464","4","115",,,"1001","2013-01-01T00:00:00.000","OROCOVIS"
"PATILLAS","
PATILLAS, PR 
(18.00562001500043, -66.01636000899964)","6",,"4","9","5","21","3","329","286","1","75",,,"739","2011-01-01T00:00:00.000","PATILLAS"
"PATILLAS","
PATILLAS, PR 
(18.00562001500043, -66.01636000899964)","14",,"4","4","2","25","3","299","256","1","41",,,"649","2014-01-01T00:00:00.000","PATILLAS"
"PATILLAS","
PATILLAS, PR 
(18.00562001500043, -66.01636000899964)","18",,"2","6","2","25","4","240","334","1","63",,,"695","2013-01-01T00:00:00.000","PATILLAS"
"PATILLAS","
PATILLAS, PR 
(18.00562001500043, -66.01636000899964)","9",,"3","10","2","24","3","315","305",,"73",,,"744","2012-01-01T00:00:00.000","PATILLAS"
"PEÑUELAS","
PEÑUELAS, PR 
(18.057688, -66.722172)","6",,"16","7","1","33","8","284","458","1","94",,,"908","2012-01-01T00:00:00.000","PEÑUELAS"
"PEÑUELAS","
PEÑUELAS, PR 
(18.057688, -66.722172)","7","1","9","8","1","24","8","262","414","1","100",,,"835","2011-01-01T00:00:00.000","PEÑUELAS"
"PEÑUELAS","
PEÑUELAS, PR 
(18.057688, -66.722172)","3",,"8","8","1","35","6","385","418",,"63",,,"927","2014-01-01T00:00:00.000","PEÑUELAS"
"PEÑUELAS","
PEÑUELAS, PR 
(18.057688, -66.722172)","12",,"12","9","2","34","8","288","538",,"94",,,"997","2013-01-01T00:00:00.000","PEÑUELAS"
"PONCE I","
PONCE, PR 
(18.011650011000427, -66.61441997899965)","105","1","51","22","8","183","8","1082","1064","3","172",,,"2699","2014-01-01T00:00:00.000","PONCE"
"PONCE II","
PONCE, PR 
(18.011650011000427, -66.61441997899965)","55","1","52","31","20","119","14","1072","1037","10","123","1",,"2535","2011-01-01T00:00:00.000","PONCE"
"PONCE III","
PONCE, PR 
(18.011650011000427, -66.61441997899965)","47","1","36","13","13","168","6","872","1278","8","135",,,"2577","2013-01-01T00:00:00.000","PONCE"
"PONCE III","
PONCE, PR 
(18.011650011000427, -66.61441997899965)","25",,"40","7","7","143","6","896","879","5","73",,,"2081","2014-01-01T00:00:00.000","PONCE"
"PONCE I","
PONCE, PR 
(18.011650011000427, -66.61441997899965)","89","1","45","15","8","187","10","1011","1304","5","212",,,"2887","2013-01-01T00:00:00.000","PONCE"
"PONCE II","
PONCE, PR 
(18.011650011000427, -66.61441997899965)","87",,"37","10","9","116","7","943","1018","6","91",,,"2324","2013-01-01T00:00:00.000","PONCE"
"PONCE I","
PONCE, PR 
(18.011650011000427, -66.61441997899965)","68","3","53","11","10","144","36","906","1260","4","240",,,"2735","2011-01-01T00:00:00.000","PONCE"
"PONCE III","
PONCE, PR 
(18.011650011000427, -66.61441997899965)","19",,"65","16","7","84","14","782","1102","13","191",,"1","2294","2011-01-01T00:00:00.000","PONCE"
"PONCE III","
PONCE, PR 
(18.011650011000427, -66.61441997899965)","25",,"45","11","6","115","11","772","1038","7","134",,"1","2165","2012-01-01T00:00:00.000","PONCE"
"PONCE II","
PONCE, PR 
(18.011650011000427, -66.61441997899965)","47","1","37","29","14","118","13","1147","983","5","99",,,"2493","2012-01-01T00:00:00.000","PONCE"
"PONCE II","
PONCE, PR 
(18.011650011000427, -66.61441997899965)","41",,"35","5","11","142","4","1163","864","4","53",,,"2322","2014-01-01T00:00:00.000","PONCE"
"PONCE I","
PONCE, PR 
(18.011650011000427, -66.61441997899965)","76","1","51","13","8","160","38","880","1163","2","228",,,"2620","2012-01-01T00:00:00.000","PONCE"
"QUEBRADILLAS","
QUEBRADILLAS, PR 
(18.47400998900042, -66.93762999699965)","14","1","44","6","5","155","4","375","549","4","30",,,"1187","2014-01-01T00:00:00.000","QUEBRADILLAS"
"QUEBRADILLAS","
QUEBRADILLAS, PR 
(18.47400998900042, -66.93762999699965)","11","1","12","3","6","54","4","255","500","4","52",,,"902","2011-01-01T00:00:00.000","QUEBRADILLAS"
"QUEBRADILLAS","
QUEBRADILLAS, PR 
(18.47400998900042, -66.93762999699965)","12","2","28","2","7","85","3","336","582","4","54",,"1","1116","2012-01-01T00:00:00.000","QUEBRADILLAS"
"QUEBRADILLAS","
QUEBRADILLAS, PR 
(18.47400998900042, -66.93762999699965)","13","2","28","4","8","108","4","351","548","6","47",,,"1119","2013-01-01T00:00:00.000","QUEBRADILLAS"
"RINCON","
RINCON, PR 
(18.340189990000454, -67.25041999199965)","9",,"8","3","2","97","4","125","261","2","54",,,"565","2012-01-01T00:00:00.000","RINCON"
"RINCON","
RINCON, PR 
(18.340189990000454, -67.25041999199965)","5",,"5","4","2","105","1","146","214","1","45",,,"528","2014-01-01T00:00:00.000","RINCON"
"RINCÓN","
RINCON, PR 
(18.340189990000454, -67.25041999199965)","6",,"8","2",,"73","4","116","292","2","52",,"1","556","2011-01-01T00:00:00.000","RINCON"
"Rincón","
RINCON, PR 
(18.340189990000454, -67.25041999199965)","6",,"6","3","3","111","2","115","233","1","46",,,"526","2013-01-01T00:00:00.000","RINCON"
"Río Grande","
RIO GRANDE, PR 
(18.36151998200046, -67.23753999099966)","41",,"6","18","3","68","4","441","776","4","100",,,"1461","2013-01-01T00:00:00.000","RIO GRANDE"
"RIO GRANDE","
RIO GRANDE, PR 
(18.36151998200046, -67.23753999099966)","22",,"8","16","4","82","3","487","632","1","69",,,"1324","2014-01-01T00:00:00.000","RIO GRANDE"
"RIO GRANDE","
RIO GRANDE, PR 
(18.36151998200046, -67.23753999099966)","35",,"7","17","2","73","6","491","706","4","95",,"1","1437","2012-01-01T00:00:00.000","RIO GRANDE"
"RÍO GRANDE","
RIO GRANDE, PR 
(18.36151998200046, -67.23753999099966)","31",,"7","20","2","55","6","435","715","5","119",,,"1395","2011-01-01T00:00:00.000","RIO GRANDE"
"SABANA GRANDE","
SABANA GRANDE, PR 
(18.078060005000452, -66.96184998799964)","9","2","17","9","5","79","10","304","687","5","85",,,"1212","2011-01-01T00:00:00.000","SABANA GRANDE"
"SABANA GRANDE","
SABANA GRANDE, PR 
(18.078060005000452, -66.96184998799964)","8","1","11","4","4","98","2","345","484","3","49",,"1","1010","2014-01-01T00:00:00.000","SABANA GRANDE"
"SABANA GRANDE","
SABANA GRANDE, PR 
(18.078060005000452, -66.96184998799964)","19","2","23","10","6","132","5","443","831","5","94",,,"1570","2013-01-01T00:00:00.000","SABANA GRANDE"
"SABANA GRANDE","
SABANA GRANDE, PR 
(18.078060005000452, -66.96184998799964)","11","2","16","7","3","100","8","361","695","6","76",,,"1285","2012-01-01T00:00:00.000","SABANA GRANDE"
"SALINAS","
SALINAS, PR 
(17.98250001700046, -66.29473999499965)","29",,"24","12","10","192","7","295","655","3","72",,,"1299","2013-01-01T00:00:00.000","SALINAS"
"SALINAS","
SALINAS, PR 
(17.98250001700046, -66.29473999499965)","24",,"19","15","9","174","5","302","483","3","65",,,"1099","2012-01-01T00:00:00.000","SALINAS"
"SALINAS","
SALINAS, PR 
(17.98250001700046, -66.29473999499965)","29",,"23","12","2","227","3","341","469","2","51",,,"1159","2014-01-01T00:00:00.000","SALINAS"
"SALINAS","
SALINAS, PR 
(17.98250001700046, -66.29473999499965)","12",,"23","16","10","165","6","358","499","4","83",,,"1176","2011-01-01T00:00:00.000","SALINAS"
"SAN GERMAN","
SAN GERMAN, PR 
(18.08132000100045, -67.04160998799966)","16",,"22","13","13","130","15","434","650","8","93",,,"1394","2012-01-01T00:00:00.000","SAN GERMAN"
"SAN GERMAN","
SAN GERMAN, PR 
(18.08132000100045, -67.04160998799966)","24",,"18","15","12","137","9","394","506","10","55",,,"1180","2014-01-01T00:00:00.000","SAN GERMAN"
"SAN GERMÁN","
SAN GERMAN, PR 
(18.08132000100045, -67.04160998799966)","14",,"19","12","10","98","14","406","655","9","107",,,"1344","2011-01-01T00:00:00.000","SAN GERMAN"
"San Germán","
SAN GERMAN, PR 
(18.08132000100045, -67.04160998799966)","29",,"20","16","15","128","15","391","693","8","113",,,"1428","2013-01-01T00:00:00.000","SAN GERMAN"
"SAN JUAN IV","
SAN JUAN, PR 
(18.46632997800043, -66.10474000399967)","62","3","10","12","4","247","23","561","962","12","87",,"1","1984","2012-01-01T00:00:00.000","SAN JUAN"
"SAN JUAN I","
SAN JUAN, PR 
(18.46632997800043, -66.10474000399967)","48","1","16","43","42","151","9","365","1109","2","138","2","6","1932","2011-01-01T00:00:00.000","SAN JUAN"
"SAN JUAN III","
SAN JUAN, PR 
(18.46632997800043, -66.10474000399967)","37","2","17","3","7","259","2","329","946","4","75",,,"1681","2013-01-01T00:00:00.000","SAN JUAN"
"SAN JUAN IV","
SAN JUAN, PR 
(18.46632997800043, -66.10474000399967)","47","1","14","14",,"206","30","467","1198","17","101",,"1","2096","2011-01-01T00:00:00.000","SAN JUAN"
"SAN JUAN III","
SAN JUAN, PR 
(18.46632997800043, -66.10474000399967)","86","1","15","6","7","337","8","653","742","3","62","1",,"1921","2014-01-01T00:00:00.000","SAN JUAN"
"SAN JUAN IV","
SAN JUAN, PR 
(18.46632997800043, -66.10474000399967)","71","2","17","20","6","340","24","523","1240","10","86",,,"2339","2013-01-01T00:00:00.000","SAN JUAN"
"SAN JUAN IV","
SAN JUAN, PR 
(18.46632997800043, -66.10474000399967)","63","2","4","10","3","330","20","592","765","6","67",,,"1862","2014-01-01T00:00:00.000","SAN JUAN"
"SAN JUAN III","
SAN JUAN, PR 
(18.46632997800043, -66.10474000399967)","98","2","10","8","7","268","23","563","993","4","99","1",,"2076","2012-01-01T00:00:00.000","SAN JUAN"
"SAN JUAN I","
SAN JUAN, PR 
(18.46632997800043, -66.10474000399967)","120","2","53","59","34","401","22","1271","1510","7","227",,"1","3707","2013-01-01T00:00:00.000","SAN JUAN"
"SAN JUAN III","
SAN JUAN, PR 
(18.46632997800043, -66.10474000399967)","85","1","14","7","5","176","16","417","938","3","95",,"1","1758","2011-01-01T00:00:00.000","SAN JUAN"
"SAN JUAN I","
SAN JUAN, PR 
(18.46632997800043, -66.10474000399967)","68",,"19","19","16","316","7","525","716","4","73",,"1","1764","2014-01-01T00:00:00.000","SAN JUAN"
"SAN JUAN V","
SAN JUAN, PR 
(18.46632997800043, -66.10474000399967)","50","1","10","11","2","355","5","623","520","1","48",,,"1626","2014-01-01T00:00:00.000","SAN JUAN"
"SAN JUAN II","
SAN JUAN, PR 
(18.46632997800043, -66.10474000399967)","88","1","9","87","9","307","62","642","871","8","376",,"1","2461","2012-01-01T00:00:00.000","SAN JUAN"
"SAN JUAN II","
SAN JUAN, PR 
(18.46632997800043, -66.10474000399967)","91","2","12","80","8","397","9","668","711","7","320",,"2","2307","2014-01-01T00:00:00.000","SAN JUAN"
"SAN JUAN V","
SAN JUAN, PR 
(18.46632997800043, -66.10474000399967)","41","1","11","12","2","229","5","554","686","8","80",,"1","1630","2011-01-01T00:00:00.000","SAN JUAN"
"SAN JUAN I","
SAN JUAN, PR 
(18.46632997800043, -66.10474000399967)","67","1","24","32","31","207","9","425","885","2","127","1",,"1811","2012-01-01T00:00:00.000","SAN JUAN"
"SAN JUAN V","
SAN JUAN, PR 
(18.46632997800043, -66.10474000399967)","51","1","9","12","3","327","7","569","566","3","54",,,"1602","2013-01-01T00:00:00.000","SAN JUAN"
"SAN JUAN II","
SAN JUAN, PR 
(18.46632997800043, -66.10474000399967)","76","1","10","83","6","300","85","599","958","9","399","2",,"2528","2011-01-01T00:00:00.000","SAN JUAN"
"SAN JUAN V","
SAN JUAN, PR 
(18.46632997800043, -66.10474000399967)","51","1","16","13","2","335","9","649","657","3","70",,,"1806","2012-01-01T00:00:00.000","SAN JUAN"
"SAN JUAN II","
SAN JUAN, PR 
(18.46632997800043, -66.10474000399967)","81","1","8","93","5","272","12","430","663","5","340",,"1","1911","2013-01-01T00:00:00.000","SAN JUAN"
"SAN LORENZO","
SAN LORENZO, PR 
(18.190280024000458, -65.96230000999964)","40",,"11","13","9","86","2","426","680","5","74",,"1","1347","2013-01-01T00:00:00.000","SAN LORENZO"
"SAN LORENZO","
SAN LORENZO, PR 
(18.190280024000458, -65.96230000999964)","37",,"10","19","4","87","1","479","535","4","52",,,"1228","2014-01-01T00:00:00.000","SAN LORENZO"
"SAN LORENZO","
SAN LORENZO, PR 
(18.190280024000458, -65.96230000999964)","29",,"12","19","3","67","3","450","586","4","86",,,"1259","2011-01-01T00:00:00.000","SAN LORENZO"
"SAN LORENZO","
SAN LORENZO, PR 
(18.190280024000458, -65.96230000999964)","34",,"13","20","5","79","1","448","564","4","80",,,"1248","2012-01-01T00:00:00.000","SAN LORENZO"
"SAN SEBASTIÁN","
SAN SEBASTIAN, PR 
(18.336829986000453, -66.99013998899966)","26",,"26","13","6","129","8","474","793","3","159",,,"1637","2011-01-01T00:00:00.000","SAN SEBASTIAN"
"San Sebastián","
SAN SEBASTIAN, PR 
(18.336829986000453, -66.99013998899966)","43",,"22","14","7","136","10","481","864","6","168",,,"1751","2013-01-01T00:00:00.000","SAN SEBASTIAN"
"SAN SEBASTIAN","
SAN SEBASTIAN, PR 
(18.336829986000453, -66.99013998899966)","29",,"10","12","7","151","11","499","750","7","121",,,"1597","2014-01-01T00:00:00.000","SAN SEBASTIAN"
"SAN SEBASTIAN","
SAN SEBASTIAN, PR 
(18.336829986000453, -66.99013998899966)","35",,"26","13","5","143","9","511","814","5","154",,,"1715","2012-01-01T00:00:00.000","SAN SEBASTIAN"
"SANTA ISABEL","
SANTA ISABEL, PR 
(17.969170003000443, -66.40393999299965)","11","1","12","3","3","9","4","246","376","3","95",,,"763","2012-01-01T00:00:00.000","SANTA ISABEL"
"SANTA ISABEL","
SANTA ISABEL, PR 
(17.969170003000443, -66.40393999299965)","9","2","12","3","4","7","4","147","330","2","101",,,"621","2011-01-01T00:00:00.000","SANTA ISABEL"
"SANTA ISABEL","
SANTA ISABEL, PR 
(17.969170003000443, -66.40393999299965)","14",,"7","3","1","18","5","322","332","2","59",,,"763","2014-01-01T00:00:00.000","SANTA ISABEL"
"SANTA ISABEL","
SANTA ISABEL, PR 
(17.969170003000443, -66.40393999299965)","6",,"5","3","1","13","4","232","315","2","66",,,"647","2013-01-01T00:00:00.000","SANTA ISABEL"
"TOA ALTA","
TOA ALTA, PR 
(18.388359985000477, -66.24836000699963)","38",,"15","30","9","213","9","713","1027","5","61",,,"2120","2013-01-01T00:00:00.000","TOA ALTA"
"TOA ALTA","
TOA ALTA, PR 
(18.388359985000477, -66.24836000699963)","37","1","15","18","9","211","6","822","853","6","46",,,"2024","2014-01-01T00:00:00.000","TOA ALTA"
"TOA ALTA","
TOA ALTA, PR 
(18.388359985000477, -66.24836000699963)","29","1","18","31","14","195","8","658","1001","9","69",,"3","2036","2011-01-01T00:00:00.000","TOA ALTA"
"TOA ALTA","
TOA ALTA, PR 
(18.388359985000477, -66.24836000699963)","34","1","19","30","15","215","8","764","1147","10","72",,"2","2317","2012-01-01T00:00:00.000","TOA ALTA"
"TOA BAJA","
TOA BAJA, PR 
(18.442469988000425, -66.25353000999962)","57","1","15","18","4","197","11","954","1186","7","122",,,"2572","2013-01-01T00:00:00.000","TOA BAJA"
"TOA BAJA","
TOA BAJA, PR 
(18.442469988000425, -66.25353000999962)","53","2","22","20","2","239","13","806","1313","15","136",,,"2621","2011-01-01T00:00:00.000","TOA BAJA"
"TOA BAJA","
TOA BAJA, PR 
(18.442469988000425, -66.25353000999962)","73",,"14","16","3","298","14","1216","1119","8","99",,,"2860","2014-01-01T00:00:00.000","TOA BAJA"
"TOA BAJA","
TOA BAJA, PR 
(18.442469988000425, -66.25353000999962)","65",,"18","18","5","269","12","1022","1262","12","119",,,"2802","2012-01-01T00:00:00.000","TOA BAJA"
"TRUJILLO ALTO","
TRUJILLO ALTO, PR 
(18.35556997800046, -66.00495002199966)","46","1","12","8","2","170","5","413","592","2","61",,,"1312","2011-01-01T00:00:00.000","TRUJILLO ALTO"
"TRUJILLO ALTO","
TRUJILLO ALTO, PR 
(18.35556997800046, -66.00495002199966)","62","1","9","18","3","257","11","437","597","3","58",,,"1456","2012-01-01T00:00:00.000","TRUJILLO ALTO"
"TRUJILLO ALTO","
TRUJILLO ALTO, PR 
(18.35556997800046, -66.00495002199966)","67",,"6","7","3","271","9","423","482","2","27",,,"1297","2013-01-01T00:00:00.000","TRUJILLO ALTO"
"TRUJILLO ALTO","
TRUJILLO ALTO, PR 
(18.35556997800046, -66.00495002199966)","54",,"14","7",,"340","11","484","492","2","35","1",,"1440","2014-01-01T00:00:00.000","TRUJILLO ALTO"
"UTUADO","
UTUADO, PR 
(18.266249998000433, -66.70459997699965)","18",,"13","19","4","87","7","353","531","8","74",,,"1114","2014-01-01T00:00:00.000","UTUADO"
"Utuado","
UTUADO, PR 
(18.266249998000433, -66.70459997699965)","15",,"9","22","6","45","9","314","616","7","122",,,"1165","2011-01-01T00:00:00.000","UTUADO"
"UTUADO","
UTUADO, PR 
(18.266249998000433, -66.70459997699965)","13",,"9","9","5","77","7","312","533","4","61",,,"1030","2013-01-01T00:00:00.000","UTUADO"
"UTUADO","
UTUADO, PR 
(18.266249998000433, -66.70459997699965)","15",,"10","18","7","63","7","318","592","6","109",,,"1145","2012-01-01T00:00:00.000","UTUADO"
"VEGA ALTA","
VEGA ALTA, PR 
(18.412209980000455, -66.33177998699966)","26",,"10","24","2","135","3","318","624","5","78",,,"1225","2011-01-01T00:00:00.000","VEGA ALTA"
"VEGA ALTA","
VEGA ALTA, PR 
(18.412209980000455, -66.33177998699966)","23",,"15","9","7","134","4","358","626","3","53",,"1","1233","2013-01-01T00:00:00.000","VEGA ALTA"
"VEGA ALTA","
VEGA ALTA, PR 
(18.412209980000455, -66.33177998699966)","40",,"7","25","5","189","6","484","567","3","60",,"1","1387","2014-01-01T00:00:00.000","VEGA ALTA"
"VEGA ALTA","
VEGA ALTA, PR 
(18.412209980000455, -66.33177998699966)","31",,"9","25","3","146","3","413","653","5","75",,,"1363","2012-01-01T00:00:00.000","VEGA ALTA"
"VEGA BAJA","
VEGA BAJA, PR 
(18.446009992000427, -66.38754999999964)","59","2","24","13","8","314","10","691","623","16","153",,"1","1914","2014-01-01T00:00:00.000","VEGA BAJA"
"VEGA BAJA","
VEGA BAJA, PR 
(18.446009992000427, -66.38754999999964)","64","2","21","20","7","260","14","598","775","18","201",,,"1980","2012-01-01T00:00:00.000","VEGA BAJA"
"VEGA BAJA","
VEGA BAJA, PR 
(18.446009992000427, -66.38754999999964)","59","1","19","20","11","228","15","561","703","20","211",,,"1848","2011-01-01T00:00:00.000","VEGA BAJA"
"VEGA BAJA","
VEGA BAJA, PR 
(18.446009992000427, -66.38754999999964)","74","2","23","17","14","246","12","601","778","17","192",,"1","1977","2013-01-01T00:00:00.000","VEGA BAJA"
"VIEQUES","
VIEQUES, PR 
(18.148580017000427, -65.44210000399966)","1","1","2","1","1","17","1","52","126",,"24",,,"226","2011-01-01T00:00:00.000","VIEQUES"
"VIEQUES","
VIEQUES, PR 
(18.148580017000427, -65.44210000399966)","1","1","2","1",,"15","1","71","136",,"13",,,"241","2012-01-01T00:00:00.000","VIEQUES"
"VIEQUES","
VIEQUES, PR 
(18.148580017000427, -65.44210000399966)","3","1","2","1",,"14",,"73","119","1","13",,,"227","2014-01-01T00:00:00.000","VIEQUES"
"VIEQUES","
VIEQUES, PR 
(18.148580017000427, -65.44210000399966)","2","1","3","1",,"12","1","66","140","1","12",,,"239","2013-01-01T00:00:00.000","VIEQUES"
"VILLALBA","
VILLALBA, PR 
(18.128250011000432, -66.49427999899962)","12",,"12","8","11","52","18","302","620","3","121",,"2","1161","2011-01-01T00:00:00.000","VILLALBA"
"VILLALBA","
VILLALBA, PR 
(18.128250011000432, -66.49427999899962)","21",,"18","3","10","75","16","282","702","1","96",,,"1224","2013-01-01T00:00:00.000","VILLALBA"
"VILLALBA","
VILLALBA, PR 
(18.128250011000432, -66.49427999899962)","15",,"14","7","9","61","17","326","646","2","98",,"2","1197","2012-01-01T00:00:00.000","VILLALBA"
"VILLALBA","
VILLALBA, PR 
(18.128250011000432, -66.49427999899962)","18","1","12","4","4","92","8","338","593",,"83",,"1","1154","2014-01-01T00:00:00.000","VILLALBA"
"YABUCOA","
YABUCOA, PR 
(18.046540020000464, -65.87727002399964)","34","1","11","10","3","41","5","490","600",,"88",,,"1283","2013-01-01T00:00:00.000","YABUCOA"
"YABUCOA","
YABUCOA, PR 
(18.046540020000464, -65.87727002399964)","37",,"8","8","3","37","4","509","559",,"67",,,"1232","2014-01-01T00:00:00.000","YABUCOA"
"YABUCOA","
YABUCOA, PR 
(18.046540020000464, -65.87727002399964)","24",,"2","9","2","30","7","481","512","1","93",,"1","1162","2011-01-01T00:00:00.000","YABUCOA"
"YABUCOA","
YABUCOA, PR 
(18.046540020000464, -65.87727002399964)","29",,"3","11","3","30","7","484","571",,"79",,,"1217","2012-01-01T00:00:00.000","YABUCOA"
"YAUCO","
YAUCO, PR 
(18.033410023000442, -66.84844998399961)","29",,"5","11","11","164","10","559","640","11","95",,"1","1536","2014-01-01T00:00:00.000","YAUCO"
"YAUCO","
YAUCO, PR 
(18.033410023000442, -66.84844998399961)","26","1","14","11","9","171","8","511","697","9","119",,,"1576","2012-01-01T00:00:00.000","YAUCO"
"YAUCO","
YAUCO, PR 
(18.033410023000442, -66.84844998399961)","24","1","15","10","10","166","8","485","679","11","128","1","1","1539","2011-01-01T00:00:00.000","YAUCO"
"YAUCO","
YAUCO, PR 
(18.033410023000442, -66.84844998399961)","35",,"15","13","10","205","5","639","771","9","118",,,"1820","2013-01-01T00:00:00.000","YAUCO"
