"regi_n","n_m_incidente","distrito","c_digo_escuela","nombre_escuela","tipo_de_incidente","cantidad_de_participantes","k","_1ro","_2do","_3ro","_4to","_5to","_6to","_7mo","_8vo","_9no","_10mo","_11mo","_12mo","sge","sgi","sgs"
"HUMACAO","1321074536","LAS PIEDRAS","30320","ANTONIO A. ROIG","Agresión agravada","2","0","1","1","0","0","0","0","0","0","0","0","0","0","0","0","0"
"HUMACAO","1321073344","LAS PIEDRAS","30320","ANTONIO A. ROIG","Agresión simple","3","0","0","1","2","0","0","0","0","0","0","0","0","0","0","0","0"
"HUMACAO","1321073402","LAS PIEDRAS","30320","ANTONIO A. ROIG","Agresión simple","2","0","0","2","0","0","0","0","0","0","0","0","0","0","0","0","0"
"HUMACAO","1321073403","LAS PIEDRAS","30320","ANTONIO A. ROIG","Agresión simple","2","0","0","0","2","0","0","0","0","0","0","0","0","0","0","0","0"
"HUMACAO","1321073496","LAS PIEDRAS","30320","ANTONIO A. ROIG","Agresión simple","10","0","0","10","0","0","0","0","0","0","0","0","0","0","0","0","0"
"HUMACAO","1321073509","LAS PIEDRAS","30320","ANTONIO A. ROIG","Agresión simple","5","0","0","0","0","0","2","3","0","0","0","0","0","0","0","0","0"
"HUMACAO","1321074537","LAS PIEDRAS","30320","ANTONIO A. ROIG","Agresión simple","4","0","0","0","4","0","0","0","0","0","0","0","0","0","0","0","0"
"HUMACAO","1321075163","LAS PIEDRAS","30320","ANTONIO A. ROIG","Agresión simple","2","0","0","1","1","0","0","0","0","0","0","0","0","0","0","0","0"
"HUMACAO","1321075197","LAS PIEDRAS","30320","ANTONIO A. ROIG","Agresión simple","2","0","0","1","1","0","0","0","0","0","0","0","0","0","0","0","0"
"HUMACAO","1321073341","LAS PIEDRAS","30320","ANTONIO A. ROIG","Alteración a la paz","1","0","0","0","0","0","0","1","0","0","0","0","0","0","0","0","0"
"HUMACAO","1321073493","LAS PIEDRAS","30320","ANTONIO A. ROIG","Alteración a la paz","2","0","0","0","0","0","2","0","0","0","0","0","0","0","0","0","0"
"HUMACAO","1321073372","LAS PIEDRAS","30320","ANTONIO A. ROIG","Otro","5","0","0","5","0","0","0","0","0","0","0","0","0","0","0","0","0"
"HUMACAO","1321073401","LAS PIEDRAS","30320","ANTONIO A. ROIG","Otro","2","0","0","2","0","0","0","0","0","0","0","0","0","0","0","0","0"
"HUMACAO","1321073400","LAS PIEDRAS","30320","ANTONIO A. ROIG","Vandalismo","1","0","0","0","1","0","0","0","0","0","0","0","0","0","0","0","0"
"CAGUAS","1321075398","GURABO","20776","ANTONIO S. PEDREIRA","Otro","2","0","0","0","0","0","0","0","0","2","0","0","0","0","0","0","0"
"CAGUAS","1321075375","GURABO","20776","ANTONIO S. PEDREIRA","Otro","1","0","0","0","0","0","0","0","0","1","0","0","0","0","0","0","0"
"CAGUAS","1321075376","GURABO","20776","ANTONIO S. PEDREIRA","Otro","1","0","0","0","0","0","0","0","0","1","0","0","0","0","0","0","0"
"CAGUAS","1321075448","GURABO","20776","ANTONIO S. PEDREIRA","Agresión simple","2","0","0","0","0","0","0","0","0","2","0","0","0","0","0","0","0"
"CAGUAS","1321075461","GURABO","20776","ANTONIO S. PEDREIRA","Agresión simple","2","0","0","0","0","0","0","0","0","0","2","0","0","0","0","0","0"
"CAGUAS","1321075430","GURABO","20776","ANTONIO S. PEDREIRA","Amenaza a estudiante","1","0","0","0","0","0","0","0","0","0","1","0","0","0","0","0","0"
"CAGUAS","1321075459","GURABO","20776","ANTONIO S. PEDREIRA","Bravucones/""Bullying""","2","0","0","0","0","0","0","0","0","0","2","0","0","0","0","0","0"
"CAGUAS","1321073640","GURABO","20776","ANTONIO S. PEDREIRA","Corte del clase","8","0","0","0","0","0","0","2","0","6","0","0","0","0","0","0","0"
"CAGUAS","1321075451","GURABO","20776","ANTONIO S. PEDREIRA","Corte del clase","2","0","0","0","0","0","0","0","1","1","0","0","0","0","0","0","0"
"CAGUAS","1321075457","GURABO","20776","ANTONIO S. PEDREIRA","Corte del clase","2","0","0","0","0","0","0","0","1","1","0","0","0","0","0","0","0"
"CAGUAS","1321075431","GURABO","20776","ANTONIO S. PEDREIRA","Impedir o limitar que estudiantes realicen su tarea","1","0","0","0","0","0","0","0","0","1","0","0","0","0","0","0","0"
"CAGUAS","1321075281","GURABO","20776","ANTONIO S. PEDREIRA","Otro","2","0","0","0","0","0","0","0","0","2","0","0","0","0","0","0","0"
"CAGUAS","1321075374","GURABO","20776","ANTONIO S. PEDREIRA","Otro","2","0","0","0","0","0","0","0","0","0","0","2","0","0","0","0","0"
"CAGUAS","1321075377","GURABO","20776","ANTONIO S. PEDREIRA","Otro","1","0","0","0","0","0","0","0","0","1","0","0","0","0","0","0","0"
"CAGUAS","1321075379","GURABO","20776","ANTONIO S. PEDREIRA","Otro","1","0","0","0","0","0","0","0","0","0","1","0","0","0","0","0","0"
"CAGUAS","1321075380","GURABO","20776","ANTONIO S. PEDREIRA","Otro","2","0","0","0","0","0","0","0","0","0","0","2","0","0","0","0","0"
"CAGUAS","1321075382","GURABO","20776","ANTONIO S. PEDREIRA","Otro","1","0","0","0","0","0","0","0","0","1","0","0","0","0","0","0","0"
"CAGUAS","1321075384","GURABO","20776","ANTONIO S. PEDREIRA","Otro","1","0","0","0","0","0","0","0","0","0","1","0","0","0","0","0","0"
"CAGUAS","1321075385","GURABO","20776","ANTONIO S. PEDREIRA","Otro","1","0","0","0","0","0","0","0","0","0","1","0","0","0","0","0","0"
"CAGUAS","1321075392","GURABO","20776","ANTONIO S. PEDREIRA","Otro","2","0","0","0","0","0","0","0","0","2","0","0","0","0","0","0","0"
"CAGUAS","1321075393","GURABO","20776","ANTONIO S. PEDREIRA","Otro","1","0","0","0","0","0","0","0","0","0","0","1","0","0","0","0","0"
"CAGUAS","1321075394","GURABO","20776","ANTONIO S. PEDREIRA","Otro","1","0","0","0","0","0","0","0","0","0","0","1","0","0","0","0","0"
"CAGUAS","1321075395","GURABO","20776","ANTONIO S. PEDREIRA","Otro","2","0","0","0","0","0","0","0","0","0","2","0","0","0","0","0","0"
"CAGUAS","1321075396","GURABO","20776","ANTONIO S. PEDREIRA","Otro","1","0","0","0","0","0","0","0","0","1","0","0","0","0","0","0","0"
"CAGUAS","1321075397","GURABO","20776","ANTONIO S. PEDREIRA","Otro","1","0","0","0","0","0","0","0","0","0","1","0","0","0","0","0","0"
"CAGUAS","1321075399","GURABO","20776","ANTONIO S. PEDREIRA","Otro","1","0","0","0","0","0","0","0","0","0","1","0","0","0","0","0","0"
"CAGUAS","1321075400","GURABO","20776","ANTONIO S. PEDREIRA","Otro","1","0","0","0","0","0","0","0","0","0","0","1","0","0","0","0","0"
"CAGUAS","1321075401","GURABO","20776","ANTONIO S. PEDREIRA","Otro","1","0","0","0","0","0","0","0","0","0","0","1","0","0","0","0","0"
"CAGUAS","1321075402","GURABO","20776","ANTONIO S. PEDREIRA","Otro","1","0","0","0","0","0","0","0","0","0","1","0","0","0","0","0","0"
"CAGUAS","1321075403","GURABO","20776","ANTONIO S. PEDREIRA","Otro","2","0","0","0","0","0","0","0","0","0","2","0","0","0","0","0","0"
"CAGUAS","1321075404","GURABO","20776","ANTONIO S. PEDREIRA","Otro","2","0","0","0","0","0","0","1","0","0","0","0","0","0","0","0","1"
"CAGUAS","1321075433","GURABO","20776","ANTONIO S. PEDREIRA","Otro","2","0","0","0","0","0","0","0","0","0","0","0","0","0","0","0","2"
"CAGUAS","1321075434","GURABO","20776","ANTONIO S. PEDREIRA","Otro","1","0","0","0","0","0","0","0","0","0","1","0","0","0","0","0","0"
"CAGUAS","1321075436","GURABO","20776","ANTONIO S. PEDREIRA","Otro","1","0","0","0","0","0","0","0","0","1","0","0","0","0","0","0","0"
"CAGUAS","1321075440","GURABO","20776","ANTONIO S. PEDREIRA","Otro","2","0","0","0","0","0","0","0","0","0","0","0","0","0","0","0","2"
"CAGUAS","1321075441","GURABO","20776","ANTONIO S. PEDREIRA","Otro","1","0","0","0","0","0","0","0","0","1","0","0","0","0","0","0","0"
"CAGUAS","1321075443","GURABO","20776","ANTONIO S. PEDREIRA","Otro","1","0","0","0","0","0","0","0","0","1","0","0","0","0","0","0","0"
"CAGUAS","1321075445","GURABO","20776","ANTONIO S. PEDREIRA","Otro","1","0","0","0","0","0","0","0","0","1","0","0","0","0","0","0","0"
"CAGUAS","1321075446","GURABO","20776","ANTONIO S. PEDREIRA","Otro","1","0","0","0","0","0","0","0","0","1","0","0","0","0","0","0","0"
"CAGUAS","1321075449","GURABO","20776","ANTONIO S. PEDREIRA","Otro","1","0","0","0","0","0","0","0","0","0","1","0","0","0","0","0","0"
"CAGUAS","1321075450","GURABO","20776","ANTONIO S. PEDREIRA","Otro","1","0","0","0","0","0","0","0","0","1","0","0","0","0","0","0","0"
"CAGUAS","1321075456","GURABO","20776","ANTONIO S. PEDREIRA","Otro","2","0","0","0","0","0","0","0","0","0","1","1","0","0","0","0","0"
"CAGUAS","1321075458","GURABO","20776","ANTONIO S. PEDREIRA","Otro","1","0","0","0","0","0","0","0","0","1","0","0","0","0","0","0","0"
"CAGUAS","1321075460","GURABO","20776","ANTONIO S. PEDREIRA","Otro","1","0","0","0","0","0","0","0","0","0","1","0","0","0","0","0","0"
"CAGUAS","1321075462","GURABO","20776","ANTONIO S. PEDREIRA","Otro","1","0","0","0","0","0","0","0","0","0","0","1","0","0","0","0","0"
"CAGUAS","1321075463","GURABO","20776","ANTONIO S. PEDREIRA","Otro","1","0","0","0","0","0","0","0","0","0","1","0","0","0","0","0","0"
"CAGUAS","1321077157","GURABO","20776","ANTONIO S. PEDREIRA","Otro","1","0","0","0","0","0","0","0","0","0","1","0","0","0","0","0","0"
"CAGUAS","1321077158","GURABO","20776","ANTONIO S. PEDREIRA","Otro","1","0","0","0","0","0","0","0","0","1","0","0","0","0","0","0","0"
"CAGUAS","1321075386","GURABO","20776","ANTONIO S. PEDREIRA","Patrón de ausencias injustificadas/""truancy""","1","0","0","0","0","0","0","0","0","1","0","0","0","0","0","0","0"
"CAGUAS","1321075438","GURABO","20776","ANTONIO S. PEDREIRA","Patrón de ausencias injustificadas/""truancy""","2","0","0","0","0","0","0","0","0","0","0","2","0","0","0","0","0"
"CAGUAS","1321075387","GURABO","20776","ANTONIO S. PEDREIRA","Pelea","2","0","0","0","0","0","0","0","0","2","0","0","0","0","0","0","0"
"CAGUAS","1321075388","GURABO","20776","ANTONIO S. PEDREIRA","Pelea","2","0","0","0","0","0","0","0","0","1","0","1","0","0","0","0","0"
"CAGUAS","1321075429","GURABO","20776","ANTONIO S. PEDREIRA","Pelea","3","0","0","0","0","0","0","0","1","2","0","0","0","0","0","0","0"
"CAGUAS","1321075432","GURABO","20776","ANTONIO S. PEDREIRA","Pelea","4","0","0","0","0","0","0","0","1","3","0","0","0","0","0","0","0"
"CAGUAS","1321075439","GURABO","20776","ANTONIO S. PEDREIRA","Pelea","2","0","0","0","0","0","0","0","0","1","0","0","0","0","0","0","1"
"CAGUAS","1321075442","GURABO","20776","ANTONIO S. PEDREIRA","Pelea","2","0","0","0","0","0","0","0","0","0","2","0","0","0","0","0","0"
"CAGUAS","1321077159","GURABO","20776","ANTONIO S. PEDREIRA","Pelea","1","0","0","0","0","0","0","0","0","0","1","0","0","0","0","0","0"
"CAGUAS","1321077160","GURABO","20776","ANTONIO S. PEDREIRA","Pelea","1","0","0","0","0","0","0","0","0","0","1","0","0","0","0","0","0"
"ARECIBO","1321076988","VEGA ALTA","71761","APOLO SAN ANTONIO","Agresión agravada","2","0","0","0","0","0","0","0","0","0","1","1","0","0","0","0","0"
"ARECIBO","1321076959","VEGA ALTA","71761","APOLO SAN ANTONIO","Alteración a la paz","2","0","0","0","0","0","0","0","0","0","0","2","0","0","0","0","0"
"MAYAGUEZ","1321073272","SAN SEBASTIAN","48025","AURORA MENDEZ CHARNECO","Bravucones/""Bullying""","2","0","0","0","0","0","0","0","2","0","0","0","0","0","0","0","0"
"HUMACAO","1321073460","CANOVANAS","31120","BELEN BLANCO DE ZEQUEIRA","Amenaza a estudiante","2","0","0","0","0","0","0","0","0","1","0","1","0","0","0","0","0"
"HUMACAO","1321073463","CANOVANAS","31120","BELEN BLANCO DE ZEQUEIRA","Amenaza a estudiante","2","0","0","0","0","0","0","0","0","0","0","2","0","0","0","0","0"
"HUMACAO","1321073447","CANOVANAS","31120","BELEN BLANCO DE ZEQUEIRA","Bravucones/""Bullying""","3","0","0","0","0","0","0","0","0","2","0","1","0","0","0","0","0"
"HUMACAO","1321073467","CANOVANAS","31120","BELEN BLANCO DE ZEQUEIRA","Pelea","3","0","0","0","0","0","0","0","0","0","0","3","0","0","0","0","0"
"HUMACAO","1321073768","LAS PIEDRAS","30429","BRAULIO AYALA  (MAMBICHE BLANCO)","Bravucones/""Bullying""","2","0","2","0","0","0","0","0","0","0","0","0","0","0","0","0","0"
"HUMACAO","1321075166","LAS PIEDRAS","30429","BRAULIO AYALA  (MAMBICHE BLANCO)","Bravucones/""Bullying""","1","0","0","0","0","0","0","0","1","0","0","0","0","0","0","0","0"
"HUMACAO","1321076971","LAS PIEDRAS","30429","BRAULIO AYALA  (MAMBICHE BLANCO)","Otro","1","0","1","0","0","0","0","0","0","0","0","0","0","0","0","0","0"
"HUMACAO","1321076972","LAS PIEDRAS","30429","BRAULIO AYALA  (MAMBICHE BLANCO)","Otro","1","0","1","0","0","0","0","0","0","0","0","0","0","0","0","0","0"
"CAGUAS","1321075064","BARRANQUITAS","20388","CAÑABON ABAJO","Agresión simple","1","0","0","0","0","0","1","0","0","0","0","0","0","0","0","0","0"
"CAGUAS","1321075065","BARRANQUITAS","20388","CAÑABON ABAJO","Agresión simple","1","0","0","0","0","1","0","0","0","0","0","0","0","0","0","0","0"
"CAGUAS","1321075060","BARRANQUITAS","20388","CAÑABON ABAJO","Conducta inmoral","1","0","0","0","0","0","1","0","0","0","0","0","0","0","0","0","0"
"HUMACAO","1321075417","YABUCOA","32714","CRISTOBAL DEL CAMPO","Agresión simple","2","0","0","0","0","0","0","2","0","0","0","0","0","0","0","0","0"
"HUMACAO","1321075419","YABUCOA","32714","CRISTOBAL DEL CAMPO","Agresión simple","1","0","0","0","0","1","0","0","0","0","0","0","0","0","0","0","0"
"HUMACAO","1321075420","YABUCOA","32714","CRISTOBAL DEL CAMPO","Agresión simple","2","0","0","0","0","2","0","0","0","0","0","0","0","0","0","0","0"
"HUMACAO","1321075421","YABUCOA","32714","CRISTOBAL DEL CAMPO","Agresión simple","3","0","0","0","2","1","0","0","0","0","0","0","0","0","0","0","0"
"HUMACAO","1321075422","YABUCOA","32714","CRISTOBAL DEL CAMPO","Agresión simple","2","0","0","0","0","0","0","2","0","0","0","0","0","0","0","0","0"
"HUMACAO","1321075511","YABUCOA","32714","CRISTOBAL DEL CAMPO","Agresión simple","1","0","0","0","0","1","0","0","0","0","0","0","0","0","0","0","0"
"HUMACAO","1321076258","YABUCOA","32714","CRISTOBAL DEL CAMPO","Agresión simple","1","0","0","0","0","0","0","1","0","0","0","0","0","0","0","0","0"
"HUMACAO","1321076259","YABUCOA","32714","CRISTOBAL DEL CAMPO","Agresión simple","1","0","0","0","0","0","0","1","0","0","0","0","0","0","0","0","0"
"HUMACAO","1321076963","YABUCOA","32714","CRISTOBAL DEL CAMPO","Agresión simple","2","0","0","0","0","0","0","0","2","0","0","0","0","0","0","0","0"
"HUMACAO","1321076964","YABUCOA","32714","CRISTOBAL DEL CAMPO","Agresión simple","3","0","0","0","0","0","0","3","0","0","0","0","0","0","0","0","0"
"HUMACAO","1321075418","YABUCOA","32714","CRISTOBAL DEL CAMPO","Alteración a la paz","1","0","0","0","0","0","0","1","0","0","0","0","0","0","0","0","0"
"HUMACAO","1321075423","YABUCOA","32714","CRISTOBAL DEL CAMPO","Alteración a la paz","1","0","0","0","0","0","0","1","0","0","0","0","0","0","0","0","0"
"HUMACAO","1321077044","YABUCOA","32714","CRISTOBAL DEL CAMPO","Conducta inmoral","2","0","0","0","0","0","1","1","0","0","0","0","0","0","0","0","0"
"BAYAMON","1321074196","BAYAMON","70235","DOLORES ALVAREZ MONTAÑEZ","Bravucones/""Bullying""","1","0","0","0","0","1","0","0","0","0","0","0","0","0","0","0","0"
"BAYAMON","1321074197","BAYAMON","70235","DOLORES ALVAREZ MONTAÑEZ","Bravucones/""Bullying""","2","0","0","0","0","0","1","1","0","0","0","0","0","0","0","0","0"
"PONCE","1321073420","UTUADO","50252","DOMINGO MASSOL","Pelea","1","0","0","0","0","0","0","0","1","0","0","0","0","0","0","0","0"
"CAGUAS","1321073095","GURABO","26773","DRA. CONCHITA CUEVAS","Bravucones/""Bullying""","3","0","0","0","0","0","0","0","0","0","1","0","2","0","0","0","0"
"CAGUAS","1321074558","GUAYAMA","28563","DRA. MARIA SOCORRO LACOT","Bravucones/""Bullying""","7","0","0","0","0","0","0","0","0","0","0","0","7","0","0","0","0"
"CAGUAS","1321074559","GUAYAMA","28563","DRA. MARIA SOCORRO LACOT","Bravucones/""Bullying""","7","0","0","0","0","0","0","0","0","0","0","0","7","0","0","0","0"
"ARECIBO","1321076838","ARECIBO","10082","DR. FRANCISCO M. SUSONI","Agresión simple","1","0","0","0","0","0","1","0","0","0","0","0","0","0","0","0","0"
"SAN JUAN","1321073009","SAN JUAN II","62497","DR. JOSE N. GANDARA","Arma - Excepto  arma de fuego, cuchillo u objeto punzante","1","0","0","0","0","0","0","0","0","0","1","0","0","0","0","0","0"
"CAGUAS","1321073807","CIDRA","25627","DR. RAMON E. BETANCES","Agresión simple","2","0","0","0","0","0","0","0","0","0","2","0","0","0","0","0","0"
"CAGUAS","1321073157","CIDRA","25627","DR. RAMON E. BETANCES","Conducta inmoral","1","0","0","0","0","0","0","0","0","0","0","1","0","0","0","0","0"
"CAGUAS","1321073806","CIDRA","25627","DR. RAMON E. BETANCES","Intimidación","1","0","0","0","0","0","0","0","0","0","0","1","0","0","0","0","0"
"CAGUAS","1321075068","CIDRA","25627","DR. RAMON E. BETANCES","Sexual - Hostigamiento","2","0","0","0","0","0","0","0","0","0","0","2","0","0","0","0","0"
"PONCE","1321076840","PONCE","52118","EDUARDO NEUMANN GANDIA","Pelea","3","0","0","0","0","0","0","0","0","0","0","3","0","0","0","0","0"
"SAN JUAN","1321073261","GUAYNABO","60095","EL CONQUISTADOR","Agresión simple","2","0","0","0","0","0","0","0","2","0","0","0","0","0","0","0","0"
"SAN JUAN","1321073300","GUAYNABO","60095","EL CONQUISTADOR","Intimidación","1","0","0","0","1","0","0","0","0","0","0","0","0","0","0","0","0"
"HUMACAO","1321073276","YABUCOA","22319","EL PARQUE","Agresión simple","3","0","0","0","1","2","0","0","0","0","0","0","0","0","0","0","0"
"HUMACAO","1321073277","YABUCOA","22319","EL PARQUE","Agresión simple","2","0","0","0","0","2","0","0","0","0","0","0","0","0","0","0","0"
"HUMACAO","1321073379","YABUCOA","22319","EL PARQUE","Agresión simple","2","0","0","0","1","1","0","0","0","0","0","0","0","0","0","0","0"
"MAYAGUEZ","1321076397","AGUADILLA","40626","ESPINO","Agresión simple","2","0","0","0","0","0","0","2","0","0","0","0","0","0","0","0","0"
"MAYAGUEZ","1321076398","AGUADILLA","40626","ESPINO","Agresión simple","2","0","0","0","0","0","2","0","0","0","0","0","0","0","0","0","0"
"MAYAGUEZ","1321076399","AGUADILLA","40626","ESPINO","Agresión simple","2","0","0","0","2","0","0","0","0","0","0","0","0","0","0","0","0"
"MAYAGUEZ","1321076400","AGUADILLA","40626","ESPINO","Agresión simple","2","0","0","0","0","0","2","0","0","0","0","0","0","0","0","0","0"
"MAYAGUEZ","1321076401","AGUADILLA","40626","ESPINO","Agresión simple","2","0","0","0","0","0","2","0","0","0","0","0","0","0","0","0","0"
"MAYAGUEZ","1321076402","AGUADILLA","40626","ESPINO","Agresión simple","2","0","0","0","0","0","0","0","2","0","0","0","0","0","0","0","0"
"CAGUAS","1321075512","GUAYAMA","57281","EUGENIO GUERRA CRUZ (ESPECIALIZADA DEPORTES)","Agresión agravada","1","0","0","0","0","0","0","0","0","0","0","0","0","1","0","0","0"
"CAGUAS","1321075594","GUAYAMA","57281","EUGENIO GUERRA CRUZ (ESPECIALIZADA DEPORTES)","Agresión agravada","2","0","0","0","0","0","0","0","0","0","0","2","0","0","0","0","0"
"CAGUAS","1321073299","GUAYAMA","57281","EUGENIO GUERRA CRUZ (ESPECIALIZADA DEPORTES)","Agresión simple","2","0","0","0","0","0","0","0","0","0","0","0","0","1","1","0","0"
"CAGUAS","1321073302","GUAYAMA","57281","EUGENIO GUERRA CRUZ (ESPECIALIZADA DEPORTES)","Agresión simple","1","0","0","0","0","0","0","0","0","0","0","1","0","0","0","0","0"
"CAGUAS","1321073491","GUAYAMA","57281","EUGENIO GUERRA CRUZ (ESPECIALIZADA DEPORTES)","Agresión simple","4","0","0","0","0","0","0","0","1","3","0","0","0","0","0","0","0"
"CAGUAS","1321076839","GUAYAMA","57281","EUGENIO GUERRA CRUZ (ESPECIALIZADA DEPORTES)","Agresión simple","2","0","0","0","0","0","0","0","0","0","0","0","2","0","0","0","0"
"CAGUAS","1321076957","GUAYAMA","57281","EUGENIO GUERRA CRUZ (ESPECIALIZADA DEPORTES)","Agresión simple","3","0","0","0","0","0","0","0","0","2","0","0","0","1","0","0","0"
"CAGUAS","1321076958","GUAYAMA","57281","EUGENIO GUERRA CRUZ (ESPECIALIZADA DEPORTES)","Agresión simple","3","0","0","0","0","0","0","0","0","2","0","1","0","0","0","0","0"
"CAGUAS","1321076991","GUAYAMA","57281","EUGENIO GUERRA CRUZ (ESPECIALIZADA DEPORTES)","Agresión simple","1","0","0","0","0","0","0","0","0","0","1","0","0","0","0","0","0"
"CAGUAS","1321077019","GUAYAMA","57281","EUGENIO GUERRA CRUZ (ESPECIALIZADA DEPORTES)","Agresión simple","1","0","0","0","0","0","0","0","0","0","0","0","0","0","1","0","0"
"CAGUAS","1321073303","GUAYAMA","57281","EUGENIO GUERRA CRUZ (ESPECIALIZADA DEPORTES)","Alteración a la paz","3","0","0","0","0","0","0","0","0","0","1","0","2","0","0","0","0"
"CAGUAS","1321074969","GUAYAMA","57281","EUGENIO GUERRA CRUZ (ESPECIALIZADA DEPORTES)","Alteración a la paz","2","0","0","0","0","0","0","0","0","0","2","0","0","0","0","0","0"
"CAGUAS","1321076856","GUAYAMA","57281","EUGENIO GUERRA CRUZ (ESPECIALIZADA DEPORTES)","Alteración a la paz","3","0","0","0","0","0","0","0","0","2","1","0","0","0","0","0","0"
"CAGUAS","1321076977","GUAYAMA","57281","EUGENIO GUERRA CRUZ (ESPECIALIZADA DEPORTES)","Alteración a la paz","1","0","0","0","0","0","0","0","0","0","0","0","0","1","0","0","0"
"CAGUAS","1321076978","GUAYAMA","57281","EUGENIO GUERRA CRUZ (ESPECIALIZADA DEPORTES)","Alteración a la paz","5","0","0","0","0","0","0","0","0","0","2","2","0","1","0","0","0"
"CAGUAS","1321076990","GUAYAMA","57281","EUGENIO GUERRA CRUZ (ESPECIALIZADA DEPORTES)","Alteración a la paz","3","0","0","0","0","0","0","0","0","0","3","0","0","0","0","0","0"
"CAGUAS","1321077337","GUAYAMA","57281","EUGENIO GUERRA CRUZ (ESPECIALIZADA DEPORTES)","Alteración a la paz","2","0","0","0","0","0","0","0","0","0","1","0","0","1","0","0","0"
"CAGUAS","1321077338","GUAYAMA","57281","EUGENIO GUERRA CRUZ (ESPECIALIZADA DEPORTES)","Alteración a la paz","1","0","0","0","0","0","0","0","0","0","0","1","0","0","0","0","0"
"CAGUAS","1321073490","GUAYAMA","57281","EUGENIO GUERRA CRUZ (ESPECIALIZADA DEPORTES)","Conducta inmoral","1","0","0","0","0","0","0","0","0","1","0","0","0","0","0","0","0"
"CAGUAS","1321076878","GUAYAMA","57281","EUGENIO GUERRA CRUZ (ESPECIALIZADA DEPORTES)","Conspiración","3","0","0","0","0","0","0","0","0","1","0","0","2","0","0","0","0"
"CAGUAS","1321073304","GUAYAMA","57281","EUGENIO GUERRA CRUZ (ESPECIALIZADA DEPORTES)","Difamación","1","0","0","0","0","0","0","0","0","0","0","1","0","0","0","0","0"
"CAGUAS","1321073492","GUAYAMA","57281","EUGENIO GUERRA CRUZ (ESPECIALIZADA DEPORTES)","Hurto","2","0","0","0","0","0","0","0","0","0","2","0","0","0","0","0","0"
"CAGUAS","1321076855","GUAYAMA","57281","EUGENIO GUERRA CRUZ (ESPECIALIZADA DEPORTES)","Hurto","1","0","0","0","0","0","0","0","0","0","0","0","0","1","0","0","0"
"CAGUAS","1321073091","GUAYAMA","57281","EUGENIO GUERRA CRUZ (ESPECIALIZADA DEPORTES)","Juegos ilícitos","3","0","0","0","0","0","0","0","0","0","0","0","2","1","0","0","0"
"CAGUAS","1321077029","GUAYAMA","57281","EUGENIO GUERRA CRUZ (ESPECIALIZADA DEPORTES)","Marijuana u otra Droga Cannabis - Posesión","8","0","0","0","0","0","0","0","0","0","0","0","0","0","8","0","0"
"CAGUAS","1321076979","GUAYAMA","57281","EUGENIO GUERRA CRUZ (ESPECIALIZADA DEPORTES)","Otro","5","0","0","0","0","0","0","0","0","0","0","0","2","2","1","0","0"
"CAGUAS","1321076980","GUAYAMA","57281","EUGENIO GUERRA CRUZ (ESPECIALIZADA DEPORTES)","Otro","1","0","0","0","0","0","0","0","0","0","0","0","0","1","0","0","0"
"CAGUAS","1321076981","GUAYAMA","57281","EUGENIO GUERRA CRUZ (ESPECIALIZADA DEPORTES)","Otro","9","0","0","0","0","0","0","0","0","0","3","1","0","4","1","0","0"
"CAGUAS","1321076992","GUAYAMA","57281","EUGENIO GUERRA CRUZ (ESPECIALIZADA DEPORTES)","Otro","3","0","0","0","0","0","0","0","0","3","0","0","0","0","0","0","0"
"CAGUAS","1321076993","GUAYAMA","57281","EUGENIO GUERRA CRUZ (ESPECIALIZADA DEPORTES)","Otro","2","0","0","0","0","0","0","0","0","0","0","0","0","2","0","0","0"
"CAGUAS","1321076995","GUAYAMA","57281","EUGENIO GUERRA CRUZ (ESPECIALIZADA DEPORTES)","Otro","1","0","0","0","0","0","0","0","0","0","0","0","1","0","0","0","0"
"CAGUAS","1321076996","GUAYAMA","57281","EUGENIO GUERRA CRUZ (ESPECIALIZADA DEPORTES)","Otro","6","0","0","0","0","0","0","0","0","0","4","0","1","0","1","0","0"
"CAGUAS","1321077017","GUAYAMA","57281","EUGENIO GUERRA CRUZ (ESPECIALIZADA DEPORTES)","Otro","6","0","0","0","0","0","0","0","0","1","0","1","1","2","1","0","0"
"CAGUAS","1321077018","GUAYAMA","57281","EUGENIO GUERRA CRUZ (ESPECIALIZADA DEPORTES)","Otro","13","0","0","0","0","0","0","0","0","0","0","0","2","6","5","0","0"
"CAGUAS","1321077276","GUAYAMA","57281","EUGENIO GUERRA CRUZ (ESPECIALIZADA DEPORTES)","Otro","4","0","0","0","0","0","0","0","0","0","0","1","3","0","0","0","0"
"CAGUAS","1321077339","GUAYAMA","57281","EUGENIO GUERRA CRUZ (ESPECIALIZADA DEPORTES)","Otro","1","0","0","0","0","0","0","0","0","1","0","0","0","0","0","0","0"
"CAGUAS","1321077340","GUAYAMA","57281","EUGENIO GUERRA CRUZ (ESPECIALIZADA DEPORTES)","Otro","1","0","0","0","0","0","0","0","0","0","0","0","0","1","0","0","0"
"CAGUAS","1321077341","GUAYAMA","57281","EUGENIO GUERRA CRUZ (ESPECIALIZADA DEPORTES)","Otro","8","0","0","0","0","0","0","0","0","0","0","0","2","3","3","0","0"
"CAGUAS","1321077020","GUAYAMA","57281","EUGENIO GUERRA CRUZ (ESPECIALIZADA DEPORTES)","Robo","1","0","0","0","0","0","0","0","0","0","1","0","0","0","0","0","0"
"CAGUAS","1321076877","GUAYAMA","57281","EUGENIO GUERRA CRUZ (ESPECIALIZADA DEPORTES)","Vandalismo","1","0","0","0","0","0","0","0","0","0","1","0","0","0","0","0","0"
"PONCE","1321073080","PONCE","56440","EUGENIO LECOMBE(INT. DELICIAS)","Agresión simple","8","0","0","0","0","0","0","0","0","0","6","2","0","0","0","0","0"
"PONCE","1321076852","PONCE","52167","FEDERICO DEGETAU","Alteración a la paz","14","0","0","0","0","0","0","0","0","14","0","0","0","0","0","0","0"
"CAGUAS","1321073334","BARRANQUITAS","20552","FEDERICO DEGETAU (S.U. PALO HINCADO)","Alteración a la paz","1","0","0","0","0","0","0","0","0","1","0","0","0","0","0","0","0"
"SAN JUAN","1321073592","SAN JUAN II","62562","GASPAR VILA MAYANS","Impedir o limitar que estudiantes realicen su tarea","1","0","0","0","1","0","0","0","0","0","0","0","0","0","0","0","0"
"SAN JUAN","1321075334","SAN JUAN II","62562","GASPAR VILA MAYANS","Impedir o limitar que estudiantes realicen su tarea","3","0","0","0","0","0","3","0","0","0","0","0","0","0","0","0","0"
"SAN JUAN","1321075469","SAN JUAN II","62562","GASPAR VILA MAYANS","Impedir o limitar que estudiantes realicen su tarea","1","0","0","0","0","0","1","0","0","0","0","0","0","0","0","0","0"
"SAN JUAN","1321075470","SAN JUAN II","62562","GASPAR VILA MAYANS","Patrón de tardanza injustificada","1","0","0","0","0","0","1","0","0","0","0","0","0","0","0","0","0"
"SAN JUAN","1321073591","SAN JUAN II","62562","GASPAR VILA MAYANS","Pelea","1","0","0","0","1","0","0","0","0","0","0","0","0","0","0","0","0"
"SAN JUAN","1321075282","SAN JUAN II","62562","GASPAR VILA MAYANS","Pelea","1","0","0","0","1","0","0","0","0","0","0","0","0","0","0","0","0"
"SAN JUAN","1321075283","SAN JUAN II","62562","GASPAR VILA MAYANS","Pelea","1","0","0","0","0","0","1","0","0","0","0","0","0","0","0","0","0"
"SAN JUAN","1321075284","SAN JUAN II","62562","GASPAR VILA MAYANS","Pelea","2","0","0","0","1","1","0","0","0","0","0","0","0","0","0","0","0"
"HUMACAO","1321075613","YABUCOA","22434","GERARDO SELLES SOLA","Agresión agravada","2","0","0","0","0","0","2","0","0","0","0","0","0","0","0","0","0"
"HUMACAO","30","FAJARDO","33043","GERMAN RIECKEHOFF","Alteración a la paz","12","0","0","0","0","0","0","0","0","0","0","0","0","0","12","0","0"
"HUMACAO","31","FAJARDO","33043","GERMAN RIECKEHOFF","Alteración a la paz","8","0","0","0","0","0","0","0","0","0","0","0","0","0","8","0","0"
"HUMACAO","32","FAJARDO","33043","GERMAN RIECKEHOFF","Alteración a la paz","8","0","0","0","0","0","0","0","0","0","0","0","0","0","8","0","0"
"CAGUAS","1321077317","GURABO","21949","HATO NUEVO","Agresión simple","4","0","0","0","0","0","4","0","0","0","0","0","0","0","0","0","0"
"CAGUAS","1321074931","GURABO","21949","HATO NUEVO","Agresión simple","2","0","0","0","0","0","0","2","0","0","0","0","0","0","0","0","0"
"CAGUAS","1321076984","GURABO","21949","HATO NUEVO","Agresión simple","6","0","0","0","0","0","6","0","0","0","0","0","0","0","0","0","0"
"CAGUAS","1321073297","BARRANQUITAS","23655","INES M. MENDOZA DE MUÑOZ MARIN","Agresión simple","6","0","0","0","0","0","0","3","3","0","0","0","0","0","0","0","0"
"CAGUAS","1321076277","BARRANQUITAS","23655","INES M. MENDOZA DE MUÑOZ MARIN","Alteración a la paz","4","0","0","4","0","0","0","0","0","0","0","0","0","0","0","0","0"
"CAGUAS","1321076276","BARRANQUITAS","23655","INES M. MENDOZA DE MUÑOZ MARIN","Vandalismo","2","0","0","0","0","0","0","0","2","0","0","0","0","0","0","0","0"
"SAN JUAN","1321076257","SAN JUAN II","67934","INTERMEDIA BERWIND","Arma - Cuchillo","2","0","0","0","0","0","0","0","1","1","0","0","0","0","0","0","0"
"HUMACAO","1321076870","CANOVANAS","32250","INTERMEDIA CASIANO CEPEDA","Agresión simple","8","0","0","0","0","0","0","0","0","2","2","2","0","0","0","2","0"
"HUMACAO","1321076872","CANOVANAS","32250","INTERMEDIA CASIANO CEPEDA","Agresión simple","4","0","0","0","0","0","0","0","0","0","4","0","0","0","0","0","0"
"HUMACAO","1321076874","CANOVANAS","32250","INTERMEDIA CASIANO CEPEDA","Alteración a la paz","8","0","0","0","0","0","0","0","0","0","0","8","0","0","0","0","0"
"HUMACAO","1321076871","CANOVANAS","32250","INTERMEDIA CASIANO CEPEDA","Amenaza a estudiante","2","0","0","0","0","0","0","0","0","0","2","0","0","0","0","0","0"
"HUMACAO","1321076867","CANOVANAS","32250","INTERMEDIA CASIANO CEPEDA","Pelea","2","0","0","0","0","0","0","0","0","0","0","2","0","0","0","0","0"
"HUMACAO","1321076868","CANOVANAS","32250","INTERMEDIA CASIANO CEPEDA","Pelea","3","0","0","0","0","0","0","0","0","2","0","0","0","0","0","1","0"
"HUMACAO","1321076869","CANOVANAS","32250","INTERMEDIA CASIANO CEPEDA","Uso incorrecto de la propiedad del DEPR","1","0","0","0","0","0","0","0","0","0","0","1","0","0","0","0","0"
"HUMACAO","1321076873","CANOVANAS","32250","INTERMEDIA CASIANO CEPEDA","Uso incorrecto de la propiedad del DEPR","2","0","0","0","0","0","0","0","0","0","0","2","0","0","0","0","0"
"HUMACAO","1321075358","FAJARDO","34462","INTERMEDIA  NUEVA","Agresión simple","4","0","0","0","0","0","0","0","0","0","0","4","0","0","0","0","0"
"HUMACAO","1321075357","FAJARDO","34462","INTERMEDIA  NUEVA","Pelea","2","0","0","0","0","0","0","0","0","0","0","2","0","0","0","0","0"
"PONCE","1321075286","SANTA ISABEL","51813","INTERMEDIA SALVADOR BUSQUETS","Agresión simple","3","0","0","0","0","0","0","0","0","0","0","3","0","0","0","0","0"
"HUMACAO","1321073338","YABUCOA","22467","JAGUAL KM. 7","Bravucones/""Bullying""","10","0","0","0","0","0","10","0","0","0","0","0","0","0","0","0","0"
"BAYAMON","1321074947","OROCOVIS","12377","JAIME A. COLLAZO DEL RIO","Alteración a la paz","4","0","0","0","0","0","0","0","0","0","0","0","0","4","0","0","0"
"BAYAMON","1321074950","OROCOVIS","12377","JAIME A. COLLAZO DEL RIO","Alteración a la paz","3","0","0","0","0","0","0","0","0","0","0","0","0","3","0","0","0"
"BAYAMON","1321075009","OROCOVIS","12377","JAIME A. COLLAZO DEL RIO","Alteración a la paz","10","0","0","0","0","0","0","0","0","0","0","0","0","10","0","0","0"
"BAYAMON","1321075011","OROCOVIS","12377","JAIME A. COLLAZO DEL RIO","Alteración a la paz","6","0","0","0","0","0","0","0","0","0","0","0","0","6","0","0","0"
"BAYAMON","1321074949","OROCOVIS","12377","JAIME A. COLLAZO DEL RIO","Violación al código de vestimenta","1","0","0","0","0","0","0","0","0","0","0","0","0","1","0","0","0"
"SAN JUAN","1321073242","GUAYNABO","69112","JESUS SILVA","Agresión agravada","1","0","1","0","0","0","0","0","0","0","0","0","0","0","0","0","0"
"MAYAGUEZ","1321075510","SAN SEBASTIAN","43612","JOAQUIN ORONOZ RONDON","Alteración a la paz","18","0","0","0","0","0","18","0","0","0","0","0","0","0","0","0","0"
"CAGUAS","1321075335","BARRANQUITAS","20420","JOSE BERRIOS BERDECIA (INT. URBANA)","Agresión agravada","3","0","0","0","0","0","0","0","0","3","0","0","0","0","0","0","0"
"MAYAGUEZ","1321075520","SAN SEBASTIAN","15446","JOSE C. ROSARIO","Otro","1","0","0","0","0","0","0","0","0","1","0","0","0","0","0","0","0"
"ARECIBO","1321074596","VEGA ALTA","71092","JOSE SANTOS ALEGRIA","Pelea","2","0","0","0","0","0","0","0","0","0","0","0","2","0","0","0","0"
"SAN JUAN","1321074932","CAROLINA","60343","JOSE SEVERO QUINONES","Agresión simple","4","0","0","0","0","2","0","0","0","0","0","0","0","0","0","2","0"
"SAN JUAN","1321074936","CAROLINA","60343","JOSE SEVERO QUINONES","Agresión simple","14","0","0","0","7","0","0","0","0","0","0","0","0","0","0","7","0"
"SAN JUAN","1321074941","CAROLINA","60343","JOSE SEVERO QUINONES","Agresión simple","5","0","0","0","0","0","0","0","0","0","0","0","0","0","0","5","0"
"SAN JUAN","1321074952","CAROLINA","60343","JOSE SEVERO QUINONES","Agresión simple","2","0","0","2","0","0","0","0","0","0","0","0","0","0","0","0","0"
"SAN JUAN","1321074960","CAROLINA","60343","JOSE SEVERO QUINONES","Agresión simple","3","0","0","3","0","0","0","0","0","0","0","0","0","0","0","0","0"
"SAN JUAN","1321074961","CAROLINA","60343","JOSE SEVERO QUINONES","Agresión simple","1","0","0","0","0","0","0","0","0","1","0","0","0","0","0","0","0"
"SAN JUAN","1321074963","CAROLINA","60343","JOSE SEVERO QUINONES","Agresión simple","2","0","0","0","0","0","0","2","0","0","0","0","0","0","0","0","0"
"SAN JUAN","1321074958","CAROLINA","60343","JOSE SEVERO QUINONES","Alteración a la paz","4","0","0","4","0","0","0","0","0","0","0","0","0","0","0","0","0"
"SAN JUAN","1321074962","CAROLINA","60343","JOSE SEVERO QUINONES","Alteración a la paz","4","0","0","0","0","0","0","0","4","0","0","0","0","0","0","0","0"
"SAN JUAN","1321074953","CAROLINA","60343","JOSE SEVERO QUINONES","Amenaza a estudiante","6","0","0","0","0","0","0","0","6","0","0","0","0","0","0","0","0"
"SAN JUAN","1321074954","CAROLINA","60343","JOSE SEVERO QUINONES","Amenaza a estudiante","2","0","0","0","0","1","0","0","0","0","0","0","0","0","0","1","0"
"SAN JUAN","1321074957","CAROLINA","60343","JOSE SEVERO QUINONES","Amenaza a estudiante","3","0","0","0","0","0","0","3","0","0","0","0","0","0","0","0","0"
"SAN JUAN","1321074940","CAROLINA","60343","JOSE SEVERO QUINONES","Impedir o limitar que estudiantes realicen su tarea","2","0","0","0","0","0","0","0","2","0","0","0","0","0","0","0","0"
"SAN JUAN","1321074934","CAROLINA","60343","JOSE SEVERO QUINONES","Otro","2","0","0","0","1","0","0","0","0","0","0","0","0","0","0","1","0"
"SAN JUAN","1321074951","CAROLINA","60343","JOSE SEVERO QUINONES","Otro","1","0","0","1","0","0","0","0","0","0","0","0","0","0","0","0","0"
"SAN JUAN","1321074955","CAROLINA","60343","JOSE SEVERO QUINONES","Otro","2","0","0","0","0","1","0","0","0","0","0","0","0","0","0","1","0"
"SAN JUAN","1321075165","CAROLINA","60343","JOSE SEVERO QUINONES","Otro","1","0","0","0","0","0","0","0","0","0","0","0","0","0","0","1","0"
"SAN JUAN","1321074938","CAROLINA","60343","JOSE SEVERO QUINONES","Pelea","3","0","0","0","0","0","3","0","0","0","0","0","0","0","0","0","0"
"SAN JUAN","1321074939","CAROLINA","60343","JOSE SEVERO QUINONES","Pelea","3","0","0","0","1","0","0","0","0","0","0","0","0","0","0","2","0"
"SAN JUAN","1321074959","CAROLINA","60343","JOSE SEVERO QUINONES","Pelea","2","0","0","0","0","0","0","0","2","0","0","0","0","0","0","0","0"
"SAN JUAN","1321075164","CAROLINA","60343","JOSE SEVERO QUINONES","Sexual - Actos lascivos","2","0","0","0","2","0","0","0","0","0","0","0","0","0","0","0","0"
"HUMACAO","1321076361","LAS PIEDRAS","30460","JUAN DE DIOS LOPEZ INTERMEDIA","Acecho","1","0","0","0","0","0","0","0","0","1","0","0","0","0","0","0","0"
"HUMACAO","1321076358","LAS PIEDRAS","30460","JUAN DE DIOS LOPEZ INTERMEDIA","Agresión simple","2","0","0","0","0","0","0","0","0","1","0","1","0","0","0","0","0"
"HUMACAO","1321076360","LAS PIEDRAS","30460","JUAN DE DIOS LOPEZ INTERMEDIA","Agresión simple","2","0","0","0","0","0","0","0","0","1","0","1","0","0","0","0","0"
"HUMACAO","1321076359","LAS PIEDRAS","30460","JUAN DE DIOS LOPEZ INTERMEDIA","Alteración a la paz","1","0","0","0","0","0","0","0","0","1","0","0","0","0","0","0","0"
"HUMACAO","1321073064","CANOVANAS","33340","LUIS HERNAIZ VERONNE","Agresión agravada","1","0","0","0","0","0","0","0","0","0","0","0","1","0","0","0","0"
"HUMACAO","1321073382","CANOVANAS","33340","LUIS HERNAIZ VERONNE","Agresión simple","6","0","0","0","0","0","0","0","0","0","0","0","6","0","0","0","0"
"HUMACAO","1321073066","CANOVANAS","33340","LUIS HERNAIZ VERONNE","Alteración a la paz","1","0","0","0","0","0","0","0","0","0","0","0","0","1","0","0","0"
"HUMACAO","1321073380","CANOVANAS","33340","LUIS HERNAIZ VERONNE","Alteración a la paz","9","0","0","0","0","0","0","0","0","0","0","0","9","0","0","0","0"
"HUMACAO","1321073065","CANOVANAS","33340","LUIS HERNAIZ VERONNE","Bravucones/""Bullying""","1","0","0","0","0","0","0","0","0","0","0","0","1","0","0","0","0"
"HUMACAO","1321073650","CANOVANAS","33340","LUIS HERNAIZ VERONNE","Corte del clase","2","0","0","0","0","0","0","0","0","0","0","0","2","0","0","0","0"
"HUMACAO","1321073330","CANOVANAS","33340","LUIS HERNAIZ VERONNE","Marijuana u otra Droga Cannabis - Venta","4","0","0","0","0","0","0","0","0","0","0","0","2","0","2","0","0"
"HUMACAO","1321075333","CANOVANAS","33340","LUIS HERNAIZ VERONNE","Sexual - Actos lascivos","3","0","0","0","0","0","0","0","0","0","0","0","1","2","0","0","0"
"ARECIBO","1321073162","ARECIBO","17111","LUIS MUÑOZ MARIN","Otro","1","0","0","0","0","0","0","0","1","0","0","0","0","0","0","0","0"
"ARECIBO","1321073166","ARECIBO","17111","LUIS MUÑOZ MARIN","Otro","1","0","0","0","0","0","0","0","1","0","0","0","0","0","0","0","0"
"HUMACAO","1321075263","YABUCOA","22327","LUIS MUÑOZ RIVERA","Agresión simple","1","0","0","1","0","0","0","0","0","0","0","0","0","0","0","0","0"
"PONCE","1321073535","PONCE","52381","LUIS MUNOZ RIVERA II","Alteración a la paz","1","0","0","0","0","0","1","0","0","0","0","0","0","0","0","0","0"
"PONCE","1321075121","PONCE","52381","LUIS MUNOZ RIVERA II","Alteración a la paz","1","0","0","0","0","1","0","0","0","0","0","0","0","0","0","0","0"
"PONCE","1321075125","PONCE","52381","LUIS MUNOZ RIVERA II","Alteración a la paz","1","0","0","0","0","0","1","0","0","0","0","0","0","0","0","0","0"
"PONCE","1321075126","PONCE","52381","LUIS MUNOZ RIVERA II","Alteración a la paz","3","0","0","0","0","0","3","0","0","0","0","0","0","0","0","0","0"
"PONCE","1321075155","PONCE","52381","LUIS MUNOZ RIVERA II","Alteración a la paz","1","0","0","0","0","0","1","0","0","0","0","0","0","0","0","0","0"
"PONCE","1321075122","PONCE","52381","LUIS MUNOZ RIVERA II","Bravucones/""Bullying""","4","0","0","0","0","0","4","0","0","0","0","0","0","0","0","0","0"
"PONCE","1321075123","PONCE","52381","LUIS MUNOZ RIVERA II","Bravucones/""Bullying""","1","0","0","0","0","0","1","0","0","0","0","0","0","0","0","0","0"
"PONCE","1321075053","PONCE","52381","LUIS MUNOZ RIVERA II","Incendio","2","0","0","2","0","0","0","0","0","0","0","0","0","0","0","0","0"
"PONCE","1321074964","PONCE","52381","LUIS MUNOZ RIVERA II","Otro","2","0","0","0","2","0","0","0","0","0","0","0","0","0","0","0","0"
"PONCE","1321074965","PONCE","52381","LUIS MUNOZ RIVERA II","Otro","2","0","0","0","0","0","0","0","0","0","0","0","0","0","0","2","0"
"PONCE","1321075050","PONCE","52381","LUIS MUNOZ RIVERA II","Otro","3","0","0","0","0","0","3","0","0","0","0","0","0","0","0","0","0"
"PONCE","1321075051","PONCE","52381","LUIS MUNOZ RIVERA II","Otro","2","0","0","2","0","0","0","0","0","0","0","0","0","0","0","0","0"
"PONCE","1321075052","PONCE","52381","LUIS MUNOZ RIVERA II","Otro","2","0","0","2","0","0","0","0","0","0","0","0","0","0","0","0","0"
"PONCE","1321075054","PONCE","52381","LUIS MUNOZ RIVERA II","Otro","3","0","0","3","0","0","0","0","0","0","0","0","0","0","0","0","0"
"PONCE","1321075055","PONCE","52381","LUIS MUNOZ RIVERA II","Otro","3","0","0","3","0","0","0","0","0","0","0","0","0","0","0","0","0"
"PONCE","1321075124","PONCE","52381","LUIS MUNOZ RIVERA II","Otro","1","0","0","0","0","0","0","1","0","0","0","0","0","0","0","0","0"
"PONCE","1321075128","PONCE","52381","LUIS MUNOZ RIVERA II","Otro","1","0","0","0","0","0","1","0","0","0","0","0","0","0","0","0","0"
"PONCE","1321075145","PONCE","52381","LUIS MUNOZ RIVERA II","Otro","3","0","0","0","0","0","3","0","0","0","0","0","0","0","0","0","0"
"PONCE","1321075146","PONCE","52381","LUIS MUNOZ RIVERA II","Otro","1","0","0","0","0","0","1","0","0","0","0","0","0","0","0","0","0"
"PONCE","1321075154","PONCE","52381","LUIS MUNOZ RIVERA II","Otro","1","0","0","0","0","0","1","0","0","0","0","0","0","0","0","0","0"
"PONCE","1321075156","PONCE","52381","LUIS MUNOZ RIVERA II","Otro","2","0","0","0","0","2","0","0","0","0","0","0","0","0","0","0","0"
"PONCE","1321075158","PONCE","52381","LUIS MUNOZ RIVERA II","Otro","2","0","0","2","0","0","0","0","0","0","0","0","0","0","0","0","0"
"PONCE","1321074966","PONCE","52381","LUIS MUNOZ RIVERA II","Patrón de ausencias injustificadas/""truancy""","1","0","0","1","0","0","0","0","0","0","0","0","0","0","0","0","0"
"PONCE","1321074967","PONCE","52381","LUIS MUNOZ RIVERA II","Patrón de ausencias injustificadas/""truancy""","1","0","0","0","0","0","1","0","0","0","0","0","0","0","0","0","0"
"PONCE","1321074968","PONCE","52381","LUIS MUNOZ RIVERA II","Patrón de ausencias injustificadas/""truancy""","4","0","0","0","0","0","4","0","0","0","0","0","0","0","0","0","0"
"MAYAGUEZ","1321073378","MAYAGUEZ","42275","MANUEL FERNANDEZ JUNCOS","Alteración a la paz","6","0","0","0","0","4","0","0","2","0","0","0","0","0","0","0","0"
"PONCE","1321073167","SANTA ISABEL","51706","MANUEL FERNANDEZ JUNCOS ","Agresión simple","1","0","0","0","1","0","0","0","0","0","0","0","0","0","0","0","0"
"PONCE","1321073410","PONCE","56101","MANUEL GONZALEZ PATO","Bravucones/""Bullying""","1","0","0","0","0","0","0","0","0","1","0","0","0","0","0","0","0"
"PONCE","1321073407","PONCE","56101","MANUEL GONZALEZ PATO","Corte del clase","1","0","0","0","0","0","0","0","0","0","1","0","0","0","0","0","0"
"PONCE","1321075350","PONCE","56101","MANUEL GONZALEZ PATO","Corte del clase","4","0","0","0","0","0","0","0","0","0","4","0","0","0","0","0","0"
"PONCE","1321075351","PONCE","56101","MANUEL GONZALEZ PATO","Corte del clase","3","0","0","0","0","0","0","0","0","1","2","0","0","0","0","0","0"
"PONCE","1321075352","PONCE","56101","MANUEL GONZALEZ PATO","Marijuana u otra Droga Cannabis - Posesión","6","0","0","0","0","0","0","0","0","0","4","2","0","0","0","0","0"
"PONCE","1321073404","PONCE","56101","MANUEL GONZALEZ PATO","Pelea","5","0","0","0","0","0","0","0","0","5","0","0","0","0","0","0","0"
"PONCE","1321073408","PONCE","56101","MANUEL GONZALEZ PATO","Pelea","2","0","0","0","0","0","0","0","0","0","2","0","0","0","0","0","0"
"PONCE","1321073409","PONCE","56101","MANUEL GONZALEZ PATO","Pelea","2","0","0","0","0","0","0","0","0","0","1","1","0","0","0","0","0"
"PONCE","1321075037","PONCE","56101","MANUEL GONZALEZ PATO","Pelea","1","0","0","0","0","0","0","0","0","0","0","1","0","0","0","0","0"
"PONCE","1321073373","SANTA ISABEL","53009","MANUEL MARTIN MONSERRATE","Agresión simple","1","0","0","0","0","0","0","0","0","0","0","1","0","0","0","0","0"
"PONCE","1321073374","SANTA ISABEL","53009","MANUEL MARTIN MONSERRATE","Agresión simple","1","0","0","0","0","0","0","0","0","1","0","0","0","0","0","0","0"
"PONCE","1321073375","SANTA ISABEL","53009","MANUEL MARTIN MONSERRATE","Agresión simple","1","0","0","0","0","0","0","0","0","1","0","0","0","0","0","0","0"
"PONCE","1321073376","SANTA ISABEL","53009","MANUEL MARTIN MONSERRATE","Agresión simple","1","0","0","0","0","0","0","0","0","1","0","0","0","0","0","0","0"
"PONCE","1321073415","SANTA ISABEL","53009","MANUEL MARTIN MONSERRATE","Agresión simple","4","0","0","0","0","0","0","0","0","0","4","0","0","0","0","0","0"
"PONCE","1321073416","SANTA ISABEL","53009","MANUEL MARTIN MONSERRATE","Agresión simple","2","0","0","0","0","0","0","0","0","2","0","0","0","0","0","0","0"
"PONCE","1321073440","SANTA ISABEL","53009","MANUEL MARTIN MONSERRATE","Agresión simple","2","0","0","0","0","0","0","0","0","0","2","0","0","0","0","0","0"
"PONCE","1321073622","SANTA ISABEL","53009","MANUEL MARTIN MONSERRATE","Agresión simple","3","0","0","0","0","0","0","1","0","2","0","0","0","0","0","0","0"
"PONCE","1321073417","SANTA ISABEL","53009","MANUEL MARTIN MONSERRATE","Alteración a la paz","2","0","0","0","0","0","0","0","0","0","0","2","0","0","0","0","0"
"PONCE","1321073418","SANTA ISABEL","53009","MANUEL MARTIN MONSERRATE","Alteración a la paz","1","0","0","0","0","0","0","0","0","0","0","1","0","0","0","0","0"
"PONCE","1321073439","SANTA ISABEL","53009","MANUEL MARTIN MONSERRATE","Alteración a la paz","1","0","0","0","0","0","0","0","0","0","0","1","0","0","0","0","0"
"PONCE","1321073565","SANTA ISABEL","53009","MANUEL MARTIN MONSERRATE","Alteración a la paz","3","0","0","0","0","0","0","0","0","0","3","0","0","0","0","0","0"
"PONCE","1321073441","SANTA ISABEL","53009","MANUEL MARTIN MONSERRATE","Amenaza a estudiante","2","0","0","0","0","0","0","0","0","2","0","0","0","0","0","0","0"
"PONCE","1321073442","SANTA ISABEL","53009","MANUEL MARTIN MONSERRATE","Amenaza a estudiante","2","0","0","0","0","0","0","0","0","0","2","0","0","0","0","0","0"
"SAN JUAN","1321076848","GUAYNABO","75747","MARIANO ABRIL ELEM.","Agresión simple","2","0","0","0","0","0","0","0","2","0","0","0","0","0","0","0","0"
"SAN JUAN","1321076850","GUAYNABO","75747","MARIANO ABRIL ELEM.","Agresión simple","3","0","0","0","0","3","0","0","0","0","0","0","0","0","0","0","0"
"SAN JUAN","1321077006","GUAYNABO","75747","MARIANO ABRIL ELEM.","Agresión simple","3","0","0","0","0","3","0","0","0","0","0","0","0","0","0","0","0"
"SAN JUAN","1321076851","GUAYNABO","75747","MARIANO ABRIL ELEM.","Amenaza a la autoridad","1","0","0","0","0","0","0","1","0","0","0","0","0","0","0","0","0"
"SAN JUAN","1321076382","GUAYNABO","69047","MEDARDO CARAZO","Acecho","2","0","0","0","0","0","0","0","0","0","0","0","2","0","0","0","0"
"SAN JUAN","1321076295","GUAYNABO","69047","MEDARDO CARAZO","Alteración a la paz","2","0","0","0","0","0","0","0","0","0","0","0","2","0","0","0","0"
"SAN JUAN","1321076393","GUAYNABO","69047","MEDARDO CARAZO","Alteración a la paz","1","0","0","0","0","0","0","0","0","0","0","0","1","0","0","0","0"
"SAN JUAN","1321076394","GUAYNABO","69047","MEDARDO CARAZO","Alteración a la paz","2","0","0","0","0","0","0","0","0","0","0","0","0","0","2","0","0"
"SAN JUAN","1321076406","GUAYNABO","69047","MEDARDO CARAZO","Alteración a la paz","3","0","0","0","0","0","0","0","0","0","0","0","0","3","0","0","0"
"SAN JUAN","1321076384","GUAYNABO","69047","MEDARDO CARAZO","Amenaza a estudiante","2","0","0","0","0","0","0","0","0","0","0","0","1","0","1","0","0"
"SAN JUAN","1321076390","GUAYNABO","69047","MEDARDO CARAZO","Amenaza a estudiante","2","0","0","0","0","0","0","0","0","0","0","0","2","0","0","0","0"
"SAN JUAN","1321076294","GUAYNABO","69047","MEDARDO CARAZO","Otro","3","0","0","0","0","0","0","0","0","0","0","0","3","0","0","0","0"
"SAN JUAN","1321076377","GUAYNABO","69047","MEDARDO CARAZO","Otro","4","0","0","0","0","0","0","0","0","0","0","0","0","3","1","0","0"
"SAN JUAN","1321076289","GUAYNABO","69047","MEDARDO CARAZO","Patrón de ausencias injustificadas/""truancy""","1","0","0","0","0","0","0","0","0","0","0","0","0","1","0","0","0"
"SAN JUAN","1321076290","GUAYNABO","69047","MEDARDO CARAZO","Pelea","2","0","0","0","0","0","0","0","0","0","0","0","2","0","0","0","0"
"SAN JUAN","1321076376","GUAYNABO","69047","MEDARDO CARAZO","Pelea","3","0","0","0","0","0","0","0","0","0","0","0","2","0","1","0","0"
"SAN JUAN","1321076386","GUAYNABO","69047","MEDARDO CARAZO","Pelea","2","0","0","0","0","0","0","0","0","0","0","0","2","0","0","0","0"
"SAN JUAN","1321076407","GUAYNABO","69047","MEDARDO CARAZO","Pelea","2","0","0","0","0","0","0","0","0","0","0","0","2","0","0","0","0"
"SAN JUAN","1321076408","GUAYNABO","69047","MEDARDO CARAZO","Pelea","2","0","0","0","0","0","0","0","0","0","0","0","2","0","0","0","0"
"SAN JUAN","1321076409","GUAYNABO","69047","MEDARDO CARAZO","Pelea","2","0","0","0","0","0","0","0","0","0","0","0","0","0","2","0","0"
"SAN JUAN","1321076410","GUAYNABO","69047","MEDARDO CARAZO","Pelea","2","0","0","0","0","0","0","0","0","0","0","0","1","0","1","0","0"
"SAN JUAN","1321076412","GUAYNABO","69047","MEDARDO CARAZO","Pelea","2","0","0","0","0","0","0","0","0","0","0","0","2","0","0","0","0"
"SAN JUAN","1321076414","GUAYNABO","69047","MEDARDO CARAZO","Pelea","3","0","0","0","0","0","0","0","0","0","0","0","2","0","1","0","0"
"SAN JUAN","1321076415","GUAYNABO","69047","MEDARDO CARAZO","Pelea","6","0","0","0","0","0","0","0","0","0","0","0","1","0","0","0","1"
"SAN JUAN","1321076411","GUAYNABO","69047","MEDARDO CARAZO","Sexual - Actos lascivos","2","0","0","0","0","0","0","0","0","0","0","0","0","1","1","0","0"
"SAN JUAN","1321076413","GUAYNABO","69047","MEDARDO CARAZO","Sexual - Actos lascivos","2","0","0","0","0","0","0","0","0","0","0","0","2","0","0","0","0"
"SAN JUAN","1321076436","GUAYNABO","69047","MEDARDO CARAZO","Vandalismo","3","0","0","0","0","0","0","0","0","0","0","0","1","1","1","0","0"
"BAYAMON","1321073486","COROZAL","71217","MERCEDES ROSADO","Alteración a la paz","1","0","0","0","0","0","0","0","0","0","0","0","0","0","0","0","1"
"BAYAMON","1321073488","COROZAL","71217","MERCEDES ROSADO","Alteración a la paz","1","0","0","0","0","0","0","0","0","0","0","0","0","0","0","0","1"
"BAYAMON","1321073487","COROZAL","71217","MERCEDES ROSADO","Arma - Cuchillo","1","0","0","0","0","0","0","0","0","0","0","0","0","0","0","0","1"
"CAGUAS","1321073213","BARRANQUITAS","20560","PABLO COLON BERDECIA  SUP. VOC.","Bravucones/""Bullying""","3","0","0","0","0","0","0","0","0","0","0","0","1","0","0","0","1"
"CAGUAS","1321073340","BARRANQUITAS","20560","PABLO COLON BERDECIA  SUP. VOC.","Intimidación","2","0","0","0","0","0","0","0","0","0","0","0","2","0","0","0","0"
"CAGUAS","1321073211","BARRANQUITAS","20560","PABLO COLON BERDECIA  SUP. VOC.","Pelea","2","0","0","0","0","0","0","0","0","0","0","0","1","1","0","0","0"
"CAGUAS","1321073212","BARRANQUITAS","20560","PABLO COLON BERDECIA  SUP. VOC.","Pelea","3","0","0","0","0","0","0","0","0","0","0","0","1","0","2","0","0"
"CAGUAS","1321074629","BARRANQUITAS","20560","PABLO COLON BERDECIA  SUP. VOC.","Pelea","1","0","0","0","0","0","0","0","0","0","0","0","1","0","0","0","0"
"CAGUAS","1321076266","BARRANQUITAS","20560","PABLO COLON BERDECIA  SUP. VOC.","Pelea","1","0","0","0","0","0","0","0","0","0","0","0","1","0","0","0","0"
"ARECIBO","1321075278","ARECIBO","17772","PADRE ANIBAL REYES BELEN (SUP NUEVA)","Pelea","1","0","0","0","0","0","0","0","0","0","0","0","0","1","0","0","0"
"PONCE","1321073309","YAUCO","53447","PATRIA PEREZ","Sexual - Violación","2","0","0","0","0","0","0","2","0","0","0","0","0","0","0","0","0"
"CAGUAS","1321076420","BARRANQUITAS","21840","PIÑAS ARRIBA","Agresión simple","1","0","1","0","0","0","0","0","0","0","0","0","0","0","0","0","0"
"HUMACAO","1321073158","CANOVANAS","31351","PITAHAYA","Agresión agravada","3","0","0","2","1","0","0","0","0","0","0","0","0","0","0","0","0"
"HUMACAO","1321075057","CANOVANAS","31351","PITAHAYA","Agresión simple","2","0","0","0","0","0","2","0","0","0","0","0","0","0","0","0","0"
"HUMACAO","1321076385","CANOVANAS","31351","PITAHAYA","Agresión simple","4","0","0","4","0","0","0","0","0","0","0","0","0","0","0","0","0"
"HUMACAO","1321076416","CANOVANAS","31351","PITAHAYA","Agresión simple","1","0","0","1","0","0","0","0","0","0","0","0","0","0","0","0","0"
"HUMACAO","1321076378","CANOVANAS","31351","PITAHAYA","Otro","2","0","0","0","0","1","1","0","0","0","0","0","0","0","0","0","0"
"HUMACAO","1321073661","YABUCOA","35816","RAFAELINA E. LEBRON FLORES","Alcohol - Uso","3","0","0","0","0","0","0","0","0","0","0","0","0","0","3","0","0"
"SAN JUAN","1321075593","SAN JUAN II","61499","RAFAEL RIVERA OTERO","Agresión simple","2","0","0","0","0","0","0","2","0","0","0","0","0","0","0","0","0"
"SAN JUAN","1321075347","SAN JUAN II","61499","RAFAEL RIVERA OTERO","Conducta inmoral","2","0","0","0","0","0","2","0","0","0","0","0","0","0","0","0","0"
"SAN JUAN","1321075592","SAN JUAN II","61499","RAFAEL RIVERA OTERO","Pelea","2","0","0","0","0","0","0","1","1","0","0","0","0","0","0","0","0"
"CAGUAS","1321073011","CIDRA","21360","RAMON FRADE","Agresión simple","2","0","0","0","2","0","0","0","0","0","0","0","0","0","0","0","0"
"CAGUAS","1321073173","CIDRA","21360","RAMON FRADE","Agresión simple","6","0","0","0","0","2","4","0","0","0","0","0","0","0","0","0","0"
"CAGUAS","1321073171","CIDRA","21360","RAMON FRADE","Alteración a la paz","6","0","0","0","0","0","0","4","2","0","0","0","0","0","0","0","0"
"CAGUAS","1321073169","CIDRA","21360","RAMON FRADE","Amenaza a propiedad de escuela","1","0","0","0","1","0","0","0","0","0","0","0","0","0","0","0","0"
"CAGUAS","1321073172","CIDRA","21360","RAMON FRADE","Bravucones/""Bullying""","1","0","0","0","0","1","0","0","0","0","0","0","0","0","0","0","0"
"SAN JUAN","1321077076","SAN JUAN I","61507","REPUBLICA DE MEJICO","Acecho","9","0","0","0","0","0","0","0","0","0","9","0","0","0","0","0","0"
"SAN JUAN","1321077058","SAN JUAN I","61507","REPUBLICA DE MEJICO","Agresión simple","4","0","0","0","0","0","0","0","0","2","2","0","0","0","0","0","0"
"SAN JUAN","1321077067","SAN JUAN I","61507","REPUBLICA DE MEJICO","Agresión simple","7","0","0","0","0","0","0","0","0","3","4","0","0","0","0","0","0"
"SAN JUAN","1321077071","SAN JUAN I","61507","REPUBLICA DE MEJICO","Agresión simple","4","0","0","0","0","0","0","0","0","0","4","0","0","0","0","0","0"
"SAN JUAN","1321077073","SAN JUAN I","61507","REPUBLICA DE MEJICO","Agresión simple","4","0","0","0","0","0","0","0","0","0","4","0","0","0","0","0","0"
"SAN JUAN","1321077074","SAN JUAN I","61507","REPUBLICA DE MEJICO","Agresión simple","4","0","0","0","0","0","0","0","0","0","0","4","0","0","0","0","0"
"SAN JUAN","1321077077","SAN JUAN I","61507","REPUBLICA DE MEJICO","Agresión simple","4","0","0","0","0","0","0","0","0","0","4","0","0","0","0","0","0"
"SAN JUAN","1321077059","SAN JUAN I","61507","REPUBLICA DE MEJICO","Alteración a la paz","2","0","0","0","0","0","0","0","0","2","0","0","0","0","0","0","0"
"SAN JUAN","1321077062","SAN JUAN I","61507","REPUBLICA DE MEJICO","Alteración a la paz","2","0","0","0","0","0","0","0","0","0","0","2","0","0","0","0","0"
"SAN JUAN","1321077064","SAN JUAN I","61507","REPUBLICA DE MEJICO","Alteración a la paz","3","0","0","0","0","0","0","0","0","3","0","0","0","0","0","0","0"
"SAN JUAN","1321077066","SAN JUAN I","61507","REPUBLICA DE MEJICO","Alteración a la paz","4","0","0","0","0","0","0","0","0","0","4","0","0","0","0","0","0"
"SAN JUAN","1321077068","SAN JUAN I","61507","REPUBLICA DE MEJICO","Alteración a la paz","6","0","0","0","0","0","0","0","0","1","5","0","0","0","0","0","0"
"SAN JUAN","1321077078","SAN JUAN I","61507","REPUBLICA DE MEJICO","Alteración a la paz","1","0","0","0","0","0","0","0","0","1","0","0","0","0","0","0","0"
"SAN JUAN","1321077085","SAN JUAN I","61507","REPUBLICA DE MEJICO","Amenaza a estudiante","3","0","0","0","0","0","0","0","0","0","3","0","0","0","0","0","0"
"SAN JUAN","1321077083","SAN JUAN I","61507","REPUBLICA DE MEJICO","Amenaza a la autoridad","4","0","0","0","0","0","0","0","0","0","4","0","0","0","0","0","0"
"SAN JUAN","1321077079","SAN JUAN I","61507","REPUBLICA DE MEJICO","Apropiación ilegal","1","0","0","0","0","0","0","0","0","0","0","1","0","0","0","0","0"
"SAN JUAN","1321077084","SAN JUAN I","61507","REPUBLICA DE MEJICO","Apropiación ilegal","3","0","0","0","0","0","0","0","0","3","0","0","0","0","0","0","0"
"SAN JUAN","1321077061","SAN JUAN I","61507","REPUBLICA DE MEJICO","Bravucones/""Bullying""","2","0","0","0","0","0","0","0","0","0","0","2","0","0","0","0","0"
"SAN JUAN","1321077080","SAN JUAN I","61507","REPUBLICA DE MEJICO","Bravucones/""Bullying""","1","0","0","0","0","0","0","0","0","0","1","0","0","0","0","0","0"
"SAN JUAN","1321077081","SAN JUAN I","61507","REPUBLICA DE MEJICO","Bravucones/""Bullying""","3","0","0","0","0","0","0","0","0","0","3","0","0","0","0","0","0"
"SAN JUAN","1321077060","SAN JUAN I","61507","REPUBLICA DE MEJICO","Corte del clase","2","0","0","0","0","0","0","0","0","0","1","0","0","0","0","0","1"
"SAN JUAN","1321077065","SAN JUAN I","61507","REPUBLICA DE MEJICO","Droga - Uso","2","0","0","0","0","0","0","0","0","1","1","0","0","0","0","0","0"
"SAN JUAN","1321077082","SAN JUAN I","61507","REPUBLICA DE MEJICO","Droga - Uso","1","0","0","0","0","0","0","0","0","0","1","0","0","0","0","0","0"
"SAN JUAN","1321077072","SAN JUAN I","61507","REPUBLICA DE MEJICO","Marijuana u otra Droga Cannabis - Posesión","1","0","0","0","0","0","0","0","0","0","0","1","0","0","0","0","0"
"SAN JUAN","1321077069","SAN JUAN I","61507","REPUBLICA DE MEJICO","Otro","1","0","0","0","0","0","0","0","0","0","0","1","0","0","0","0","0"
"SAN JUAN","1321077075","SAN JUAN I","61507","REPUBLICA DE MEJICO","Otro","2","0","0","0","0","0","0","0","0","0","2","0","0","0","0","0","0"
"HUMACAO","1321075254","FAJARDO","30056","RIO ABAJO","Pelea","2","0","0","0","0","0","0","2","0","0","0","0","0","0","0","0","0"
"HUMACAO","1321075255","FAJARDO","30056","RIO ABAJO","Pelea","2","0","0","0","0","0","2","0","0","0","0","0","0","0","0","0","0"
"PONCE","1321075342","PONCE","52571","RODULFO DEL VALLE","Agresión simple","3","0","0","3","0","0","0","0","0","0","0","0","0","0","0","0","0"
"PONCE","1321075411","PONCE","52571","RODULFO DEL VALLE","Agresión agravada","3","0","0","0","0","3","0","0","0","0","0","0","0","0","0","0","0"
"PONCE","1321073448","PONCE","52571","RODULFO DEL VALLE","Agresión simple","5","0","0","0","0","0","5","0","0","0","0","0","0","0","0","0","0"
"PONCE","1321073012","PONCE","52571","RODULFO DEL VALLE","Alteración a la paz","3","0","0","0","0","0","0","3","0","0","0","0","0","0","0","0","0"
"PONCE","1321073818","PONCE","52571","RODULFO DEL VALLE","Apropiación ilegal","6","0","0","0","0","0","0","6","0","0","0","0","0","0","0","0","0"
"PONCE","1321073819","PONCE","52571","RODULFO DEL VALLE","Bravucones/""Bullying""","2","0","0","0","0","0","0","0","0","0","0","0","0","0","0","2","0"
"BAYAMON","46","COROZAL","78857","RUBEN RODRÍGUEZ FIGUEROA","Vandalismo","4","0","0","0","0","0","0","0","0","0","0","0","0","4","0","0","0"
"PONCE","1321075330","SANTA ISABEL","51656","RUTHFORD B HAYES","Agresión simple","8","0","0","0","0","0","0","8","0","0","0","0","0","0","0","0","0"
"SAN JUAN","1321074594","CAROLINA","60442","SALVADOR BRAU INTERMEDIA","Agresión simple","1","0","0","0","0","0","0","0","0","0","1","0","0","0","0","0","0"
"SAN JUAN","1321074598","CAROLINA","60442","SALVADOR BRAU INTERMEDIA","Agresión simple","1","0","0","0","0","0","0","0","0","0","1","0","0","0","0","0","0"
"SAN JUAN","1321074552","CAROLINA","60442","SALVADOR BRAU INTERMEDIA","Otro","2","0","0","0","0","0","0","0","0","2","0","0","0","0","0","0","0"
"SAN JUAN","1321074553","CAROLINA","60442","SALVADOR BRAU INTERMEDIA","Otro","2","0","0","0","0","0","0","0","0","1","1","0","0","0","0","0","0"
"SAN JUAN","1321074597","CAROLINA","60442","SALVADOR BRAU INTERMEDIA","Otro","2","0","0","0","0","0","0","0","0","2","0","0","0","0","0","0","0"
"SAN JUAN","1321074595","CAROLINA","60442","SALVADOR BRAU INTERMEDIA","Pelea","3","0","0","0","0","0","0","0","0","2","1","0","0","0","0","0","0"
"SAN JUAN","1321073267","SAN JUAN II","62927","SAN AGUSTIN","Pelea","1","0","0","0","0","0","0","1","0","0","0","0","0","0","0","0","0"
"ARECIBO","1321074532","VEGA ALTA","71878","SAN VICENTE","Agresión simple","1","0","0","0","0","0","0","0","1","0","0","0","0","0","0","0","0"
"HUMACAO","1321075067","YABUCOA","32698","S. U. ANDRES SOTO QUIÑONES","Agresión simple","3","0","0","0","0","0","0","0","0","0","3","0","0","0","0","0","0"
"HUMACAO","1321075209","YABUCOA","25239","S. U. JOAQUIN PARRILLAS","Alteración a la paz","4","0","0","0","0","0","0","0","0","0","4","0","0","0","0","0","0"
"HUMACAO","1321075211","YABUCOA","25239","S. U. JOAQUIN PARRILLAS","Alteración a la paz","2","0","0","0","0","0","0","0","0","0","2","0","0","0","0","0","0"
"HUMACAO","1321075213","YABUCOA","25239","S. U. JOAQUIN PARRILLAS","Pelea","2","0","0","0","0","0","2","0","0","0","0","0","0","0","0","0","0"
"HUMACAO","1321075215","YABUCOA","25239","S. U. JOAQUIN PARRILLAS","Pelea","1","0","0","0","0","0","1","0","0","0","0","0","0","0","0","0","0"
"HUMACAO","1321073779","LAS PIEDRAS","30577","S. U. JOSE TORO RIOS","Agresión simple","2","0","2","0","0","0","0","0","0","0","0","0","0","0","0","0","0"
"HUMACAO","1321075476","LAS PIEDRAS","30577","S. U. JOSE TORO RIOS","Agresión simple","2","0","0","0","0","0","0","0","0","2","0","0","0","0","0","0","0"
"HUMACAO","1321076844","LAS PIEDRAS","30577","S. U. JOSE TORO RIOS","Agresión simple","2","0","0","0","0","0","0","2","0","0","0","0","0","0","0","0","0"
"HUMACAO","1321075428","LAS PIEDRAS","30577","S. U. JOSE TORO RIOS","Amenaza a la autoridad","1","0","0","0","0","0","0","0","1","0","0","0","0","0","0","0","0"
"HUMACAO","1321075530","LAS PIEDRAS","30577","S. U. JOSE TORO RIOS","Bravucones/""Bullying""","2","0","0","0","0","0","0","0","0","0","2","0","0","0","0","0","0"
"HUMACAO","1321076845","LAS PIEDRAS","30577","S. U. JOSE TORO RIOS","Bravucones/""Bullying""","3","0","0","0","0","0","0","0","0","3","0","0","0","0","0","0","0"
"HUMACAO","1321075427","LAS PIEDRAS","30577","S. U. JOSE TORO RIOS","Pelea","4","0","0","0","0","0","0","0","0","4","0","0","0","0","0","0","0"
"MAYAGUEZ","1321077342","AGUADILLA","40030","S. U. JUAN B. SOTO","Agresión simple","1","0","0","0","0","0","0","0","0","0","1","0","0","0","0","0","0"
"MAYAGUEZ","1321077343","AGUADILLA","40030","S. U. JUAN B. SOTO","Agresión simple","2","0","0","0","0","0","0","0","0","2","0","0","0","0","0","0","0"
"PONCE","1321073480","SANTA ISABEL","50666","S. U. MANUEL CANDANEDO","Pelea","1","0","0","0","0","0","1","0","0","0","0","0","0","0","0","0","0"
"BAYAMON","1321075484","OROCOVIS","14340","SUPERIOR ALBERTO MELENDEZ TORRES","Alteración a la paz","1","0","0","0","0","0","0","0","0","0","0","0","0","0","1","0","0"
"BAYAMON","1321075549","OROCOVIS","14340","SUPERIOR ALBERTO MELENDEZ TORRES","Alteración a la paz","1","0","0","0","0","0","0","0","0","0","0","0","1","0","0","0","0"
"BAYAMON","1321075452","OROCOVIS","14340","SUPERIOR ALBERTO MELENDEZ TORRES","Amenaza a estudiante","1","0","0","0","0","0","0","0","0","0","0","0","1","0","0","0","0"
"BAYAMON","1321075551","OROCOVIS","14340","SUPERIOR ALBERTO MELENDEZ TORRES","Amenaza a estudiante","2","0","0","0","0","0","0","0","0","0","0","0","2","0","0","0","0"
"BAYAMON","1321075487","OROCOVIS","14340","SUPERIOR ALBERTO MELENDEZ TORRES","Corte del clase","1","0","0","0","0","0","0","0","0","0","0","0","0","0","1","0","0"
"BAYAMON","1321075453","OROCOVIS","14340","SUPERIOR ALBERTO MELENDEZ TORRES","Otro","1","0","0","0","0","0","0","0","0","0","0","0","0","0","1","0","0"
"BAYAMON","1321075483","OROCOVIS","14340","SUPERIOR ALBERTO MELENDEZ TORRES","Otro","3","0","0","0","0","0","0","0","0","0","0","0","0","2","1","0","0"
"SAN JUAN","1321075015","SAN JUAN II","67942","SUPERIOR BERWIND","Pelea","2","0","0","0","0","0","0","0","0","0","0","0","0","0","2","0","0"
"PONCE","1321073365","PONCE","56432","SUPERIOR JARDINES DE PONCE","Arma - Explosivos","1","0","0","0","0","0","0","0","0","0","0","0","1","0","0","0","0"
"PONCE","1321073282","PONCE","56432","SUPERIOR JARDINES DE PONCE","Pelea","1","0","0","0","0","0","0","0","0","0","0","0","0","0","1","0","0"
"PONCE","1321076300","PONCE","52274","SUPERIOR JUAN SERRALES","Agresión simple","2","0","0","0","0","0","0","0","0","0","0","0","0","0","2","0","0"
"CAGUAS","1321076357","CIDRA","28571","SUPERIOR URBANA DE AGUAS BUENAS","Amenaza a la autoridad","1","0","0","0","0","0","0","0","0","0","0","0","0","1","0","0","0"
"CAGUAS","1321073649","CIDRA","28571","SUPERIOR URBANA DE AGUAS BUENAS","Arma - Explosivos","1","0","0","0","0","0","0","0","0","0","0","0","1","0","0","0","0"
"CAGUAS","1321073645","CIDRA","28571","SUPERIOR URBANA DE AGUAS BUENAS","Marijuana u otra Droga Cannabis - Posesión","2","0","0","0","0","0","0","0","0","0","0","0","0","0","2","0","0"
"CAGUAS","1321073648","CIDRA","28571","SUPERIOR URBANA DE AGUAS BUENAS","Otro","1","0","0","0","0","0","0","0","0","0","0","0","1","0","0","0","0"
"PONCE","1321073189","SANTA ISABEL","53058","S. U. PLAYITA DE CORTADA","Agresión simple","18","0","0","0","0","0","0","0","0","2","0","16","0","0","0","0","0"
"PONCE","1321075329","SANTA ISABEL","53058","S. U. PLAYITA DE CORTADA","Agresión simple","4","0","0","0","0","4","0","0","0","0","0","0","0","0","0","0","0"
"PONCE","1321073652","SANTA ISABEL","53058","S. U. PLAYITA DE CORTADA","Alteración a la paz","6","0","0","0","0","0","0","0","0","0","0","6","0","0","0","0","0"
"PONCE","1321073262","SANTA ISABEL","53058","S. U. PLAYITA DE CORTADA","Apropiación ilegal","2","0","0","0","0","0","0","0","0","0","0","1","0","0","0","0","1"
"ARECIBO","1321077122","CAMUY","11031","S. U. SANTIAGO R. PALMER","Agresión simple","1","0","0","0","0","0","0","0","1","0","0","0","0","0","0","0","0"
"ARECIBO","1321075576","CAMUY","11031","S. U. SANTIAGO R. PALMER","Amenaza a estudiante","4","0","0","0","0","2","0","0","2","0","0","0","0","0","0","0","0"
"ARECIBO","1321075581","CAMUY","11031","S. U. SANTIAGO R. PALMER","Amenaza a la autoridad","6","0","0","0","0","0","0","0","0","0","6","0","0","0","0","0","0"
"ARECIBO","1321075586","CAMUY","11031","S. U. SANTIAGO R. PALMER","Intimidación","3","0","0","0","0","0","0","3","0","0","0","0","0","0","0","0","0"
"ARECIBO","1321075578","CAMUY","11031","S. U. SANTIAGO R. PALMER","Otro","3","0","0","0","0","0","0","0","0","0","3","0","0","0","0","0","0"
"ARECIBO","1321077121","CAMUY","11031","S. U. SANTIAGO R. PALMER","Otro","1","0","0","0","0","0","0","0","0","1","0","0","0","0","0","0","0"
"ARECIBO","1321077123","CAMUY","11031","S. U. SANTIAGO R. PALMER","Otro","1","0","0","0","0","0","0","0","0","1","0","0","0","0","0","0","0"
"HUMACAO","1321075389","FAJARDO","35014","S. U. SILVERIO GARCIA","Agresión simple","1","0","0","0","0","0","0","1","0","0","0","0","0","0","0","0","0"
"SAN JUAN","1321076954","GUAYNABO","69013","TULIO LARRINAGA","Agresión simple","8","0","0","0","0","0","0","4","4","0","0","0","0","0","0","0","0"
"SAN JUAN","1321076264","GUAYNABO","69013","TULIO LARRINAGA","Corte del clase","4","0","0","0","0","0","0","4","0","0","0","0","0","0","0","0","0"
