"c_digo_de_la_entidad","nombre_de_la_entidad","nombre_de_la_agencia","posee_contratos"
"7898","Escuela La Gelpa","Región Educativa de Ponce","false"
"2200","Departamento de Justicia","Departamento de Justicia","true"
"1020","Departamento de Estado","Departamento de Estado","true"
"1440","Policía de Puerto Rico","Policía de Puerto Rico","true"
"2180","Comisión de Derechos Civiles","Comisión de Derechos Civiles","true"
"1038","Loteria Adicional","Departamento de Hacienda","false"
"3095","Programa ""Nuevo Hogar Seguro""","Programa ""Nuevo Hogar Seguro""","true"
"400","Oficina del Contralor de Puerto Rico","Oficina del Contralor de Puerto Rico","true"
"1000","Departamento de Agricultura","Departamento de Agricultura","true"
"1010","Administracion de Fomento Comercial","Administración de Fomento Comercial","true"
"1031","Departamento de Hacienda","Departamento de Hacienda","true"
"1033","Negociado de Arbitrios Generales (Puertos)","Departamento de Hacienda","true"
"1034","Negociado de Bebidas Alcohólicas y Licencias","Departamento de Hacienda","false"
"1035","Negociado de Auditoría Fiscal","Departamento de Hacienda","true"
"1036","Negociado de Asistencia Contributiva y Consultas Especializadas","Departamento de Hacienda","false"
"1037","Negociado de Procesamiento de Planillas","Departamento de Hacienda","false"
"1039","Negociado de la Lotería de Puerto Rico","Departamento de Hacienda","true"
"1040","Area del Tesoro","Departamento de Hacienda","true"
"1041","Negociado de Recaudaciones","Departamento de Hacienda","true"
"1042","Area de Seguros Públicos","Departamento de Hacienda","true"
"1043","Unidad de Cotejo del Negociado de la Lotería de Puerto Rico","Departamento de Hacienda","false"
"1044","Negociado de Impuestos al Consumo","Departamento de Hacienda","false"
"1051","Colecturía de Rentas Internas de Adjuntas","Departamento de Hacienda","false"
"1052","Colecturía de Rentas Internas de Aguada","Departamento de Hacienda","false"
"1053","Colecturía de Rentas Internas de Aguadilla","Departamento de Hacienda","false"
"1054","Colecturía de Rentas Internas de Aguas Buenas","Departamento de Hacienda","false"
"1055","Colecturía de Rentas Internas de Aibonito","Departamento de Hacienda","false"
"1056","Colecturía de Rentas Internas de Añasco","Departamento de Hacienda","false"
"1057","Colecturía de Rentas Internas de Arecibo","Departamento de Hacienda","false"
"1058","Colecturía de Rentas Internas de Arroyo","Departamento de Hacienda","false"
"1059","Colecturía de Rentas Internas de Barceloneta","Departamento de Hacienda","false"
"1060","Colecturía de Rentas Internas de Barranquitas","Departamento de Hacienda","false"
"1061","Colecturía de Rentas Internas de Bayamón","Departamento de Hacienda","false"
"1062","Colecturía de Rentas Internas de Cabo Rojo","Departamento de Hacienda","false"
"1063","Colecturía de Rentas Internas de Caguas","Departamento de Hacienda","false"
"1064","Colecturía de Rentas Internas de Camuy","Departamento de Hacienda","false"
"1065","Colecturía de Rentas Internas de Canóvanas","Departamento de Hacienda","false"
"1066","Colecturía de Rentas Internas de Carolina","Departamento de Hacienda","false"
"1067","Colecturía de Rentas Internas de Cataño","Departamento de Hacienda","false"
"1068","Colecturía de Rentas Internas de Cayey","Departamento de Hacienda","false"
"1069","Colecturía de Rentas Internas de Ceiba","Departamento de Hacienda","false"
"1070","Colecturía de Rentas Internas Central","Departamento de Hacienda","false"
"1071","Colecturía de Rentas Internas de Ciales","Departamento de Hacienda","false"
"1072","Colecturía de Rentas Internas de Cidra","Departamento de Hacienda","false"
"1073","Colecturía de Rentas Internas de Coamo","Departamento de Hacienda","false"
"1074","Colecturía de Rentas Internas de Comerío","Departamento de Hacienda","false"
"1075","Colecturía de Rentas Internas de Corozal","Departamento de Hacienda","false"
"1076","Colecturía de Rentas Internas de Culebra","Departamento de Hacienda","false"
"1077","Colecturía de Rentas Internas de Dorado","Departamento de Hacienda","false"
"1078","Colecturía de Rentas Internas de Fajardo","Departamento de Hacienda","false"
"1079","Colecturía de Rentas Internas de Florida","Departamento de Hacienda","false"
"1080","Colecturía de Rentas Internas de Guánica","Departamento de Hacienda","false"
"1081","Colecturía de Rentas Internas de Guayama CESCO","Departamento de Hacienda","false"
"1082","Colecturía de Rentas Internas de Guayanilla","Departamento de Hacienda","false"
"1083","Colecturía de Rentas Internas de Guaynabo","Departamento de Hacienda","true"
"1084","Colecturía de Rentas Internas de Gurabo","Departamento de Hacienda","false"
"1085","Colecturía de Rentas Internas de Hatillo","Departamento de Hacienda","false"
"1086","Colecturía de Rentas Internas de Hormigueros","Departamento de Hacienda","false"
"1087","Colecturía de Rentas Internas de Humacao","Departamento de Hacienda","false"
"1088","Colecturía de Rentas Internas de Isabela","Departamento de Hacienda","false"
"1089","Colecturía de Rentas Internas de Jayuya","Departamento de Hacienda","false"
"1090","Colecturía de Rentas Internas de Juana Díaz","Departamento de Hacienda","false"
"1091","Colecturía de Rentas Internas de Juncos","Departamento de Hacienda","false"
"1092","Colecturía de Rentas Internas de Lajas","Departamento de Hacienda","false"
"1093","Colecturía de Rentas Internas de Lares","Departamento de Hacienda","false"
"1094","Colecturía de Rentas Internas de Las Piedras","Departamento de Hacienda","false"
"1095","Colecturía de Rentas Internas de Las Marías","Departamento de Hacienda","false"
"1096","Colecturía de Rentas Internas de Loíza","Departamento de Hacienda","false"
"1097","Colecturía de Rentas Internas de Luquillo","Departamento de Hacienda","false"
"1098","Colecturía de Rentas Internas de Manatí","Departamento de Hacienda","false"
"1099","Colecturía de Rentas Internas de Maricao","Departamento de Hacienda","false"
"1100","Colecturía de Rentas Internas de Maunabo","Departamento de Hacienda","false"
"1101","Colecturía de Rentas Internas de Mayaguez","Departamento de Hacienda","false"
"1102","Colecturía de Rentas Internas de Moca","Departamento de Hacienda","false"
"1103","Colecturía de Rentas Internas de Morovis","Departamento de Hacienda","false"
"1104","Colecturía de Rentas Internas de Naguabo","Departamento de Hacienda","false"
"1105","Colecturía de Rentas Internas de Naranjito","Departamento de Hacienda","false"
"1106","Colecturía de Rentas Internas de Orocovis","Departamento de Hacienda","false"
"1107","Colecturía de Rentas Internas de Patillas","Departamento de Hacienda","false"
"1108","Colecturía de Rentas Internas de Peñuelas","Departamento de Hacienda","false"
"1109","Colecturía de Rentas Internas de Ponce","Departamento de Hacienda","false"
"1110","Colecturia de Rentas Internas de Puerto Nuevo","Departamento de Hacienda","false"
"1111","Colecturía de Rentas Internas de Quebradillas","Departamento de Hacienda","false"
"1112","Colecturía de Rentas Internas de Rincón","Departamento de Hacienda","false"
"1113","Colecturía de Rentas Internas de Río Grande","Departamento de Hacienda","false"
"1114","Colecturía de Rentas Internas de Río Piedras","Departamento de Hacienda","false"
"1115","Colecturía de Rentas Internas de Salinas","Departamento de Hacienda","false"
"1116","Colecturía Rentas Internas de Sabana Grande","Departamento de Hacienda","false"
"1117","Colecturía de Rentas Internas de San Germán","Departamento de Hacienda","false"
"1120","Colecturía de Rentas Internas de San Lorenzo","Departamento de Hacienda","false"
"1121","Colecturía de Rentas Internas de Santa Isabel","Departamento de Hacienda","false"
"1122","Colecturía de Rentas Internas de Santurce","Departamento de Hacienda","false"
"1123","Colecturía Rentas Internas de San Sebastián","Departamento de Hacienda","false"
"1124","Colecturía de Rentas Internas de Toa Alta","Departamento de Hacienda","false"
"1125","Colecturía de Rentas Internas de Toa Baja","Departamento de Hacienda","false"
"1126","Colecturía Rentas Internas de Trujillo Alto","Departamento de Hacienda","false"
"1127","Colecturía de Rentas Internas de Utuado","Departamento de Hacienda","false"
"1128","Colecturía de Rentas Internas de Vega Alta","Departamento de Hacienda","false"
"1129","Colecturía de Rentas Internas de Vega Baja","Departamento de Hacienda","false"
"1130","Colecturía de Rentas Internas de Vieques","Departamento de Hacienda","false"
"1131","Colecturía de Rentas Internas de Villalba","Departamento de Hacienda","false"
"1132","Colecturía de Rentas Internas de Yabucoa","Departamento de Hacienda","false"
"1133","Colecturía Rentas Internas de Yauco","Departamento de Hacienda","false"
"1134","Colecturía Centro Judicial de Bayamón","Departamento de Hacienda","false"
"1135","Colecturía Centro Judicial de Hato Rey","Departamento de Hacienda","false"
"1136","Colecturía Centro Judicial de Ponce","Departamento de Hacienda","false"
"1138","Colecturía  de Rentas Internas de Kennedy","Departamento de Hacienda","false"
"1139","Colecturía de Rentas Internas del Barrio Obrero","Departamento de Hacienda","false"
"1140","Colecturía de  Rentas Internas de Aguadilla  CESCO","Departamento de Hacienda","false"
"1141","Colecturia de Rentas Internas de la Base Muñiz","Departamento de Hacienda","false"
"1142","Colecturia de Rentas Internas de Isla Grande","Departamento de Hacienda","false"
"1143","Colecturía de Arecibo CESCO","Departamento de Hacienda","false"
"1144","Colecturia de Rentas Internas de Caguas CESCO","Departamento de Hacienda","false"
"1146","Colecturia de Rentas Internas de Mayaguez CESCO","Departamento de Hacienda","false"
"1148","Colecturia de Rentas Internas de Ponce CESCO","Departamento de Hacienda","false"
"1151","Registro Demográfico de Hato Rey","Departamento de Hacienda","false"
"1153","Colecturía de Rentas Internas de Carolina-CESCO","Departamento de Hacienda","false"
"1154","Colecturia de Rentas Internas de Manati - CESCO","Departamento de Hacienda","false"
"1155","Colecturia de Rentas Internas del Centro Judicial de Fajardo","Departamento de Hacienda","false"
"1156","Colecturía de Rentas Internas de Batamón CESCO","Departamento de Hacienda","false"
"1157","Colecturía de Hato Rey","Departamento de Hacienda","false"
"1032","Departamento de Hacienda Área de Contabilidad Central","Departamento de Hacienda Área de Contabilidad Central","true"
"1201","Departamento de Educación de Puerto Rico","Departamento de Educación de Puerto Rico","true"
"1210","Región Educativa de Bayamón","Departamento de Educación de Puerto Rico","true"
"1211","Región Educativa de Arecibo","Departamento de Educación de Puerto Rico","false"
"1212","Región Educativa de Caguas","Departamento de Educación de Puerto Rico","true"
"1213","Región Educativa de Humacao","Departamento de Educación de Puerto Rico","false"
"1214","Región Educativa de Mayagüez","Departamento de Educación de Puerto Rico","false"
"1215","Región Educativa de Ponce","Departamento de Educación de Puerto Rico","false"
"1216","Región Educativa de San Juan","Departamento de Educación de Puerto Rico","false"
"1217","Autoridad Escolar de Alimentos","Departamento de Educación de Puerto Rico","false"
"1218","División de Educación de la Comunidad","Departamento de Educación de Puerto Rico","false"
"1219","Centro de Servicios a la Juventud, Inc","Departamento de Educación de Puerto Rico","false"
"1220","Instituto de Capacitación Administrativa y Asesoramiento","Departamento de Educación de Puerto Rico","false"
"1221","Secretaría Auxiliar de Educación Ocupacional y Técnica","Departamento de Educación de Puerto Rico","false"
"1225","Servicios de Imprenta","Departamento de Educación de Puerto Rico","false"
"1226","Servicios Radio y Televisión Públicos","Departamento de Educación de Puerto Rico","false"
"7000","Escuela José Dávila Semprit","Región Educativa de Bayamón","false"
"7001","Escuela Virgilio Dávila","Región Educativa de Bayamón","false"
"7002","Escuela Arturo Somohano","Región Educativa de Bayamón","false"
"7003","Escuela Doctor Santos J. Sepúlveda","Región Educativa de Bayamón","false"
"7004","Escuela Ramón Morales Peña","Región Educativa de Bayamón","false"
"7005","Escuela Juan Ramón Jiménez","Región Educativa de Bayamón","false"
"7006","Escuela Intermedia Cacique Agüeybana","Región Educativa de Bayamón","false"
"7007","Escuela Superior Cacique Agüeybana","Región Educativa de Bayamón","false"
"7008","Escuela Ludovico Costoso","Región Educativa de Bayamón","false"
"7009","Escuela José Julián Tapia","Región Educativa de Bayamón","true"
"7010","Escuela Tomas Carrión Maduro","Región Educativa de Bayamón","false"
"7011","Escuela Braulio Dueño Colón","Región Educativa de Bayamón","false"
"7012","Escuela Doctor Hiram González","Región Educativa de Bayamón","false"
"7013","Escuela Epifanio Fernández Vanga","Región Educativa de Bayamón","false"
"7014","Escuela Rafael Hernández","Región Educativa de Bayamón","false"
"7015","Escuela Rafael Martínez Nadal -Bayamón","Región Educativa de Bayamón","false"
"7016","Escuela Juan Morell Campos","Región Educativa de Bayamón","false"
"7017","Escuela Noel Estrada","Región Educativa de Bayamón","false"
"7018","Escuela Aurelio Pérez Martínez","Región Educativa de Bayamón","false"
"7019","Escuela Pablo Casals","Región Educativa de Bayamón","false"
"7020","Escuela Papa Juan XXIII","Región Educativa de Bayamón","false"
"7021","Escuela Pájaros Americanos","Región Educativa de Bayamón","false"
"7022","Escuela Dolores Alvarez","Región Educativa de Bayamón","false"
"7023","Escuela Rexville Elemental","Región Educativa de Bayamón","false"
"7024","Escuela Marta Vélez De Fajardo","Región Educativa de Bayamón","false"
"7025","Escuela Rexville Intermedia","Región Educativa de Bayamón","false"
"7026","Escuela Rexville Superior","Región Educativa de Bayamón","false"
"7027","Escuela Van Scoy","Región Educativa de Bayamón","false"
"7028","Escuela Segunda Unidad Cacique Majagua","Región Educativa de Bayamón","false"
"7029","Escuela María Vázquez De Umpierre","Región Educativa de Bayamón","false"
"7030","Escuela Faustino Santiago","Región Educativa de Bayamón","false"
"7031","Escuela William Rivera Ponce","Región Educativa de Bayamón","false"
"7032","Escuela Pedro P. Casablanca","Región Educativa de Bayamón","false"
"7033","Academia De Adultos","Región Educativa de Bayamón","false"
"7034","Escuela Francisco Gaztambide Vega","Región Educativa de Bayamón","false"
"7035","Escuela Miguel Meléndez Muñoz","Región Educativa de Bayamón","false"
"7036","Escuela Julio Ressy","Región Educativa de Bayamón","false"
"7037","Escuela Segunda Unidad Antonio Rivera","Región Educativa de Bayamón","false"
"7038","Escuela 2da Unidad José Andino Y Amezquita","Región Educativa de Bayamón","false"
"7039","Escuela Francisco Oller - Bayamón","Región Educativa de Bayamón","false"
"7040","Escuela Diego Torres Vargas","Región Educativa de Bayamón","false"
"7041","Escuela Bernardo Huyke","Región Educativa de Bayamón","false"
"7042","Escuela Rafael Colón Salgado","Región Educativa de Bayamón","false"
"7043","Escuela Cristobal Colón","Región Educativa de Bayamón","false"
"7044","Escuela Carlos Orama Padilla","Región Educativa de Bayamón","false"
"7045","Escuela Padre Rufo M. Fernández","Región Educativa de Bayamón","false"
"7046","Escuela Inés María Mendoza","Región Educativa de Bayamón","false"
"7047","Escuela Angel Mislan Huertas","Región Educativa de Bayamón","false"
"7048","Escuela Raúl Juliá","Región Educativa de Bayamón","false"
"7049","Escuela José Campeche","Región Educativa de Bayamón","false"
"7050","Escuela José Antonio Dávila","Región Educativa de Bayamón","false"
"7051","Escuela Jesús Sánchez Erazo","Región Educativa de Bayamón","false"
"7052","Escuela Agustín Stahl","Región Educativa de Bayamón","false"
"7053","Escuela Josefina Barcelo - Bayamón","Región Educativa de Bayamón","false"
"7054","Escuela Josefita Monserrate De Sellés","Región Educativa de Bayamón","false"
"7055","Escuela Carmen Gómez Tejera","Región Educativa de Bayamón","false"
"7056","Escuela María E. Bas De Vázquez","Región Educativa de Bayamón","false"
"7057","Escuela Doctor José Padín","Región Educativa de Bayamón","false"
"7058","Escuela Mariano Feliú Balseiro","Región Educativa de Bayamón","false"
"7059","Escuela Luis Pales Matos","Región Educativa de Bayamón","false"
"7060","Escuela Miguel De Cervantes Saavedra","Región Educativa de Bayamón","false"
"7061","Escuela Tomás C. Ongay","Región Educativa de Bayamón","false"
"7062","Escuela Guaraguao Carretera","Región Educativa de Bayamón","false"
"7063","Escuela Andrés C. González","Región Educativa de Bayamón","false"
"7064","Escuela José M. Torres","Región Educativa de Bayamón","false"
"7065","Escuela Troquelería Y Herramentaje","Región Educativa de Bayamón","false"
"7066","Escuela María E. Rodríguez","Región Educativa de Bayamón","false"
"7067","Escuela Puente Blanco","Región Educativa de Bayamón","false"
"7068","Escuela Horace Mann","Región Educativa de Bayamón","false"
"7069","Escuela Isaac Del Rosario","Región Educativa de Bayamón","false"
"7070","Escuela Rafael Cordero","Región Educativa de Bayamón","false"
"7071","Escuela José A. Nieves","Región Educativa de Bayamón","false"
"7072","Escuela Rosendo Matienzo Cintrón","Región Educativa de Bayamón","false"
"7073","Escuela Onofre Carballeira","Región Educativa de Bayamón","false"
"7074","Escuela Francisco Oller - Cataño","Región Educativa de Bayamón","false"
"7075","Escuela Teodoro Roosevelt","Región Educativa de Bayamón","false"
"7076","Escuela Ramón B. López","Región Educativa de Bayamón","false"
"7077","Escuela Mercedes García De Colorado","Región Educativa de Bayamón","false"
"7078","Escuela Jacinto López Martínez","Región Educativa de Bayamón","false"
"7079","Escuela Ricardo Arroyo Laracuente","Región Educativa de Bayamón","false"
"7080","Escuela José Santos Alegría","Región Educativa de Bayamón","false"
"7081","Escuela José De Diego - Dorado","Región Educativa de Bayamón","false"
"7082","Escuela Luis Muñoz Rivera","Región Educativa de Bayamón","false"
"7083","Escuela Espinosa Parcelas","Región Educativa de Bayamón","false"
"7084","Escuela Luisa M. Valderrama","Región Educativa de Bayamón","false"
"7085","Escuela Pre-Vocacional Santa Rosa","Región Educativa de Bayamón","false"
"7086","Escuela Río Lajas","Región Educativa de Bayamón","false"
"7087","Escuela Espinosa Kuilan","Región Educativa de Bayamón","false"
"7088","Escuela Elemental Maguayo","Región Educativa de Bayamón","false"
"7089","Escuela Segunda Unidad Pedro López Canino","Región Educativa de Bayamón","false"
"7090","Escuela Marcelino Canino Canino","Región Educativa de Bayamón","false"
"7091","Escuela Betty Rosado De Vega","Región Educativa de Bayamón","false"
"7092","Escuela Juanillo Fuentes","Región Educativa de Bayamón","false"
"7093","Escuela Hato Nuevo","Región Educativa de Bayamón","false"
"7094","Escuela José De Diego - Guaynabo","Región Educativa de Bayamón","false"
"7095","Escuela Alejandro Jr Cruz - Bo.Mamey, Guaynabo","Región Educativa de Bayamón","false"
"7096","Escuela Segunda Unidad Rafael Hernández","Región Educativa de Bayamón","false"
"7097","Escuela Juan Román Ocasio","Región Educativa de Bayamón","false"
"7098","Escuela Rafael Martínez Nadal - Guaynabo","Región Educativa de Bayamón","false"
"7099","Escuela Ramón Marín Solá","Región Educativa de Bayamón","false"
"7100","Escuela Román Baldorioty De Castro","Región Educativa de Bayamón","false"
"7101","Escuela Rosalina C. Martínez","Región Educativa de Bayamón","false"
"7102","Escuela Mariano Abril Elemental","Región Educativa de Bayamón","false"
"7103","Escuela Santa Rosa II","Región Educativa de Bayamón","false"
"7104","Escuela Santa Rosa III","Región Educativa de Bayamón","false"
"7105","Escuela Santiago Iglesias Patin","Región Educativa de Bayamón","false"
"7106","Escuela Esperanza Linares","Región Educativa de Bayamón","false"
"7107","Escuela Juan A. Miranda","Región Educativa de Bayamón","false"
"7108","Escuela Josefina Barcelo - Guaynabo","Región Educativa de Bayamón","false"
"7109","Escuela Luis Muñoz Rivera II - Guaynabo","Región Educativa de Bayamón","false"
"7110","Escuela Margarita Janer Palacios","Región Educativa de Bayamón","false"
"7111","Escuela Luis Muñoz Rivera I - Gauynabo","Región Educativa de Bayamón","false"
"7112","Escuela Los Alamos","Región Educativa de Bayamón","false"
"7113","Escuela Juan Ponce De León","Región Educativa de Bayamón","false"
"7114","Escuela Mariano Abril Intermedia","Región Educativa de Bayamón","false"
"7115","Escuela José Archilla Cabrera","Región Educativa de Bayamón","false"
"7116","Escuela Mercedes Rosado","Región Educativa de Bayamón","false"
"7117","Escuela Francisco Morales","Región Educativa de Bayamón","false"
"7118","Escuela Anones Don Tito","Región Educativa de Bayamón","false"
"7119","Escuela Don Manolo Rivera","Región Educativa de Bayamón","false"
"7120","Escuela Bernarda Robles De Hevia","Región Educativa de Bayamón","false"
"7121","Escuela Cerro Arriba Feijoo","Región Educativa de Bayamón","false"
"7122","Escuela Lomas Valles","Región Educativa de Bayamón","false"
"7123","Escuela Felipa Sánchez Cruzado","Región Educativa de Bayamón","false"
"7124","Escuela Segunda Unidad Fidel G. Padilla","Región Educativa de Bayamón","false"
"7125","Escuela Segunda Unidad Adolfo García","Región Educativa de Bayamón","false"
"7126","Escuela Segunda Unidad Pedro Fernández","Región Educativa de Bayamón","false"
"7127","Escuela Lomas Jaguas","Región Educativa de Bayamón","false"
"7128","Escuela Coleen Vázquez Urrutia","Región Educativa de Bayamón","false"
"7129","Escuela Silvestre Martínez","Región Educativa de Bayamón","false"
"7130","Escuela Violanta Jiménez","Región Educativa de Bayamón","false"
"7131","Escuela José Pablo Morales","Región Educativa de Bayamón","false"
"7132","Escuela Nicolás Sevilla","Región Educativa de Bayamón","false"
"7133","Escuela José M. Del Valle","Región Educativa de Bayamón","false"
"7134","Escuela Jose De Diego - Toa Alta","Región Educativa de Bayamón","false"
"7135","Escuela Luis Muñoz Rivera - Toa Alta","Región Educativa de Bayamón","false"
"7136","Escuela Secundino Díaz","Región Educativa de Bayamón","false"
"7137","Escuela Virgilio Morales","Región Educativa de Bayamón","false"
"7138","Escuela Alejandro Jr Cruz - Toa Alta","Región Educativa de Bayamón","false"
"7139","Escuela Merced Marcano","Región Educativa de Bayamón","false"
"7140","Escuela Heraclio Rivera Colón","Región Educativa de Bayamón","false"
"7141","Escuela Manuel Velilla","Región Educativa de Bayamón","false"
"7142","Escuela Felipe Díaz González","Región Educativa de Bayamón","false"
"7143","Escuela María C. Osorio","Región Educativa de Bayamón","false"
"7144","Escuela Agrícola de Bucarabones","Región Educativa de Bayamón","false"
"7145","Escuela Abelardo Díaz Alfaro","Región Educativa de Bayamón","false"
"7146","Escuela Toa Alta Heights","Región Educativa de Bayamón","false"
"7147","Escuela Luis M. Santiago","Región Educativa de Bayamón","false"
"7148","Escuela José Nevarez Landrón - Toa Baja","Región Educativa de Bayamón","false"
"7149","Escuela Adolfina Irizarri","Región Educativa de Bayamón","false"
"7150","Escuela José Robles Otero","Región Educativa de Bayamón","false"
"7151","Escuela Altinencia Valle","Región Educativa de Bayamón","false"
"7152","Escuela José Nevarez López-Bo.San José,Toa Baja","Región Educativa de Bayamón","false"
"7153","Escuela Ernesto Juan Fonfrias","Región Educativa de Bayamón","false"
"7154","Escuela Ernestina Bracero","Región Educativa de Bayamón","false"
"7155","Escuela Antonia Sáez Irizarry","Región Educativa de Bayamón","false"
"7156","Escuela John F. Kennedy","Región Educativa de Bayamón","false"
"7157","Escuela María Libertad Gómez","Región Educativa de Bayamón","false"
"7158","Escuela Lorencita Ramírez De Arellano","Región Educativa de Bayamón","false"
"7159","Escuela Amalia López De Vila","Región Educativa de Bayamón","false"
"7160","Escuela Delia Dávila De Cabán","Región Educativa de Bayamón","false"
"7161","Escuela Doctor Efraín Sánchez Hidalgo","Región Educativa de Bayamón","false"
"8531","Escuela Nueva Escuela Elemental","Región Educativa de Bayamón","false"
"8532","Escuela José D. Rosado","Región Educativa de Bayamón","false"
"8533","Escuela Agustín Lizardi","Región Educativa de Bayamón","false"
"7162","Escuela Basilio Milan Hernández","Región Educativa de Bayamón","false"
"7163","Escuela Carmen Barroso Morales","Región Educativa de Bayamón","false"
"7164","Escuela Doctor Pedro Albizu Campos","Región Educativa de Bayamón","false"
"7379","Escuela Jesús T. Piñero - Caguas","Región Educativa de Caguas","false"
"7165","Escuela Segunda Unidad Francisca Dávila Semprit","Región Educativa de Bayamón","false"
"7166","Escuela María Teresa Piñeiro","Región Educativa de Bayamón","false"
"7167","Escuela María J. Corredor Rivera","Región Educativa de Bayamón","false"
"7168","Escuela Martin García Giusti","Región Educativa de Bayamón","false"
"8562","Escuela de la Comunidad Superior Vocacional Nueva de Naranjito","Región Educativa de Bayamón","false"
"8572","Escuela Papa Juan XXIII 9Intermedia)","Región Educativa de Bayamón","false"
"8587","Escuela Francisco Dávila Semprit de Toa Baja","Región Educativa de Bayamón","false"
"8589","Escuela Nueva Elemental Francisco López Cruz","Región Educativa de Bayamón","false"
"8592","Escuela Tomás (Maso) Rivera Morales","Región Educativa de Bayamón","false"
"8575","Escuela Aníbal Reyes Belén","Departamento de Educación Región de Arecibo","false"
"8568","Esc. de la Comunidad-Factor V - Arecibo","Departamento de Educación Región de Arecibo","false"
"8569","Escuela Segunda Unidad Pozas de Ciales","Departamento de Educación Región de Arecibo","false"
"8570","Escuela Luis F. Rosdríguez de Camuy","Departamento de Educación Región de Arecibo","false"
"8563","Esc. de la Comunidad-Luis Muñoz Rivera Vocacional-Utuado","Departamento de Educación Región de Arecibo","false"
"8530","Escuela Daniel Vélez Soto","Departamento de Educación Región de Arecibo","false"
"7169","Escuela Félix Rosario Ríos","Departamento de Educación Región de Arecibo","false"
"7170","Escuela Segunda Unidad Ramón E. Betances","Departamento de Educación Región de Arecibo","false"
"7171","Escuela Doctor Francisco Susoni","Departamento de Educación Región de Arecibo","false"
"7172","Escuela Los Caños","Departamento de Educación Región de Arecibo","false"
"7173","Escuela Antonia Sánchez","Departamento de Educación Región de Arecibo","false"
"7174","Escuela Justiniano Torres","Departamento de Educación Región de Arecibo","false"
"7175","Escuela Cotto (Anexo)","Departamento de Educación Región de Arecibo","false"
"7176","Escuela Dolores Gómez De Román","Departamento de Educación Región de Arecibo","false"
"7177","Escuela Domingo Ruíz","Departamento de Educación Región de Arecibo","false"
"7178","Escuela Jesús Siberio Delgado","Departamento de Educación Región de Arecibo","false"
"7179","Escuela Eugenio María de Hostos - Arecibo","Departamento de Educación Región de Arecibo","false"
"7180","Escuela Julio Seijo","Departamento de Educación Región de Arecibo","false"
"7181","Escuela Segunda Unidad Enrique De Jesús Borras","Departamento de Educación Región de Arecibo","false"
"7182","Escuela Carmen M. Abreu","Departamento de Educación Región de Arecibo","false"
"7183","Escuela José Gualberto Padilla","Departamento de Educación Región de Arecibo","false"
"7184","Escuela John W. Harris","Departamento de Educación Región de Arecibo","false"
"7185","Escuela Thomas Jefferson","Departamento de Educación Región de Arecibo","false"
"7186","Escuela Luis Felipe Pérez","Departamento de Educación Región de Arecibo","false"
"7187","Escuela Doctor Cayetano Coll Y Toste","Departamento de Educación Región de Arecibo","false"
"7188","Escuela Segunda Unidad Río Arriba","Departamento de Educación Región de Arecibo","false"
"7189","Escuela Franklin D. Roosevelt","Departamento de Educación Región de Arecibo","false"
"7190","Escuela Segunda Unidad Manuel Ruíz Gandía","Departamento de Educación Región de Arecibo","false"
"7191","Escuela Segunda Unidad Diego Bravo","Departamento de Educación Región de Arecibo","false"
"7192","Escuela José Ramón Rivera","Departamento de Educación Región de Arecibo","false"
"7193","Escuela Segunda Unidad Federico Degetau","Departamento de Educación Región de Arecibo","false"
"7194","Escuela Doctora María Cadilla De Martínez","Departamento de Educación Región de Arecibo","false"
"7195","Escuela Superior Vocacional Antonio Luchetti","Departamento de Educación Región de Arecibo","false"
"7196","Escuela Víctor Rojas I","Departamento de Educación Región de Arecibo","false"
"7197","Escuela Víctor Rojas II","Departamento de Educación Región de Arecibo","false"
"7198","Escuela Angélica Gómez De Betancourt","Departamento de Educación Región de Arecibo","false"
"7199","Escuela Trina Padilla de Sanz","Departamento de Educación Región de Arecibo","false"
"7200","Escuela Libre de Música","Departamento de Educación Región de Arecibo","false"
"7201","Escuela Pre-Vocacional José Limón Arce","Departamento de Educación Región de Arecibo","false"
"7202","Escuela Martín Diego Delgado","Departamento de Educación Región de Arecibo","false"
"7203","Escuela Francisco Pachín Marín","Departamento de Educación Región de Arecibo","false"
"7204","Escuela Villa Serena","Departamento de Educación Región de Arecibo","false"
"7205","Escuela María Catalina Tejada","Departamento de Educación Región de Arecibo","false"
"7206","Escuela Luis Muñoz Rivera - Arecibo","Departamento de Educación Región de Arecibo","false"
"7207","Escuela Abelardo Martínez Otero","Departamento de Educación Región de Arecibo","false"
"7208","Escuela Luis Muñoz Marín","Departamento de Educación Región de Arecibo","false"
"7209","Escuela Bellas Artes","Departamento de Educación Región de Arecibo","false"
"7210","Escuela Superior Vocacional Nueva","Departamento de Educación Región de Arecibo","false"
"7211","Escuela Easton","Departamento de Educación Región de Arecibo","false"
"7212","Escuela Jesús M. Rivera","Departamento de Educación Región de Arecibo","false"
"7213","Escuela Fernando Suria Chávez","Departamento de Educación Región de Arecibo","false"
"7214","Escuela José Cordero Rosario","Departamento de Educación Región de Arecibo","false"
"7215","Escuela Primintivo Marchand","Departamento de Educación Región de Arecibo","false"
"7216","Escuela Imbery","Departamento de Educación Región de Arecibo","false"
"7217","Escuela Agustín Balseiro","Departamento de Educación Región de Arecibo","false"
"7218","Escuela Rafael Balseiro Maceira","Departamento de Educación Región de Arecibo","false"
"7219","Escuela Doctor Francisco Vázquez","Departamento de Educación Región de Arecibo","false"
"7220","Escuela Prevocacional Bufalo","Departamento de Educación Región de Arecibo","false"
"7221","Escuela José M. Hernández","Departamento de Educación Región de Arecibo","false"
"7222","Escuela Segunda Unidad Joaquín Vázquez Cruz","Departamento de Educación Región de Arecibo","false"
"7223","Escuela Pablo Avila González","Departamento de Educación Región de Arecibo","false"
"7224","Escuela Julian Blanco","Departamento de Educación Región de Arecibo","false"
"7225","Escuela Laurentino Estrella Colón","Departamento de Educación Región de Arecibo","false"
"7290","Escuela Francisco Vizcarrondo","Departamento de Educación Región de Arecibo","false"
"7291","Escuela George Washington","Departamento de Educación Región de Arecibo","false"
"7292","Escuela Mariano Reyes Cuevas","Departamento de Educación Región de Arecibo","false"
"7293","Escuela Ramón de Jesús Sierra","Departamento de Educación Región de Arecibo","false"
"7294","Escuela José Meléndez Ayala I","Departamento de Educación Región de Arecibo","false"
"7295","Escuela Micaela Escudero","Departamento de Educación Región de Arecibo","false"
"7296","Escuela Augusto Cohen","Departamento de Educación Región de Arecibo","false"
"7297","Escuela Francisco Menéndez Balbañe","Departamento de Educación Región de Arecibo","false"
"7298","Escuela Félix Cordova Dávila","Departamento de Educación Región de Arecibo","false"
"7299","Escuela Fernando Callejo","Departamento de Educación Región de Arecibo","false"
"7300","Escuela Jesús T. Piñero","Departamento de Educación Región de Arecibo","false"
"7301","Escuela José De Diego - Manatí","Departamento de Educación Región de Arecibo","false"
"7302","Escuela Evaristo Camacho","Departamento de Educación Región de Arecibo","false"
"7303","Escuela Clemente Ramírez De Arellano","Departamento de Educación Región de Arecibo","false"
"7304","Escuela Antonio Vélez Alvarado","Departamento de Educación Región de Arecibo","false"
"7305","Escuela 2da Unidad Federico Freytes Rodríguez","Departamento de Educación Región de Arecibo","false"
"7306","Escuela Josefa Rivera Miranda","Departamento de Educación Región de Arecibo","false"
"7307","Escuela Teodomiro Taboas","Departamento de Educación Región de Arecibo","false"
"7308","Escuela Cruz Rosa Rivas","Departamento de Educación Región de Arecibo","false"
"7309","Escuela José A. Montañez Genaro","Departamento de Educación Región de Arecibo","false"
"7310","Escuela Juan A. Sánchez Dávila","Departamento de Educación Región de Arecibo","false"
"7311","Escuela Petra Corretjer De O`Neill","Departamento de Educación Región de Arecibo","false"
"7312","Instituto Tecnológico de Puerto Rico, Recinto de Manatí","Departamento de Educación Región de Arecibo","false"
"7313","Escuela Juan S. Marchand","Departamento de Educación Región de Arecibo","false"
"7314","Escuela Ramón Emeterio Betances","Departamento de Educación Región de Arecibo","false"
"7315","Escuela Segunda Unidad Eugenio María de Hostos","Departamento de Educación Región de Arecibo","false"
"7316","Escuela José De Diego - Quebradillas","Departamento de Educación Región de Arecibo","false"
"7317","Escuela Doctor Pedro Albizu Campos","Departamento de Educación Región de Arecibo","false"
"7318","Escuela Ramón Avila Molinari","Departamento de Educación Región de Arecibo","false"
"7319","Escuela Ramón Saavedra","Departamento de Educación Región de Arecibo","false"
"7320","Escuela Segunda Unidad Honorio Hernández","Departamento de Educación Región de Arecibo","false"
"7321","Escuela Segunda Unidad Luis Muñoz Rivera","Departamento de Educación Región de Arecibo","false"
"7322","Escuela Juan Alejo Arizmendi","Departamento de Educación Región de Arecibo","false"
"7323","Escuela Superior Manuel Ramos Hernández","Departamento de Educación Región de Arecibo","false"
"7324","Escuela Angeles El Corcho","Departamento de Educación Región de Arecibo","false"
"7325","Escuela Carmen Aponte","Departamento de Educación Región de Arecibo","false"
"7326","Escuela Félix Seijo","Departamento de Educación Región de Arecibo","false"
"7327","Escuela Francisco Ramos","Departamento de Educación Región de Arecibo","false"
"3008","Central Aguirre","Central Aguirre","false"
"7328","Escuela Paso Palma I","Departamento de Educación Región de Arecibo","false"
"7329","Escuela José Vizcarrondo","Departamento de Educación Región de Arecibo","false"
"7330","Escuela Francisco Jordan","Departamento de Educación Región de Arecibo","false"
"7331","Escuela Segunda Unidad Marta Lafontaine","Departamento de Educación Región de Arecibo","false"
"7332","Escuela Antonio Tulla Torres","Departamento de Educación Región de Arecibo","false"
"7333","Escuela Inocencio Montero","Departamento de Educación Región de Arecibo","false"
"7334","Escuela Sabana Grande Abajo","Departamento de Educación Región de Arecibo","false"
"7335","Escuela Isabel M. Rivera","Departamento de Educación Región de Arecibo","false"
"7336","Escuela Bernardo González","Departamento de Educación Región de Arecibo","false"
"7337","Escuela Luis Muñoz Rivera - Utuado","Departamento de Educación Región de Arecibo","false"
"7338","Escuela Monserrate Moreno","Departamento de Educación Región de Arecibo","false"
"7339","Escuela Celina Maestre","Departamento de Educación Región de Arecibo","false"
"7340","Escuela María Libertad Gómez","Departamento de Educación Región de Arecibo","false"
"7341","Escuela Judith Vivas","Departamento de Educación Región de Arecibo","false"
"7342","Escuela Eugenio J. Vivas","Departamento de Educación Región de Arecibo","false"
"7226","Escuela Ralph W. Emerson","Departamento de Educación Región de Arecibo","false"
"7227","Escuela Antonio Reyes","Departamento de Educación Región de Arecibo","false"
"7228","Escuela Segunda Unidad Santiago R. Palmer","Departamento de Educación Región de Arecibo","false"
"7229","Escuela 2da Unidad Román Baldorioty de Castro","Departamento de Educación Región de Arecibo","false"
"7230","Escuela Pedro Amador","Departamento de Educación Región de Arecibo","false"
"7231","Escuela José D. Hernández","Departamento de Educación Región de Arecibo","false"
"7232","Escuela Vocacional Agrícola Soler","Departamento de Educación Región de Arecibo","false"
"7233","Escuela Superior Santiago R. Palmer","Departamento de Educación Región de Arecibo","false"
"7234","Escuela Luis F. Crespo","Departamento de Educación Región de Arecibo","false"
"7235","Escuela Amalia López De Avila","Departamento de Educación Región de Arecibo","false"
"7236","Escuela Juanita Ramírez González","Departamento de Educación Región de Arecibo","false"
"7237","Escuela Adolfo Egüen","Departamento de Educación Región de Arecibo","false"
"7238","Escuela Juan Ponce De León II","Departamento de Educación Región de Arecibo","false"
"7239","Escuela Francisco Frias Morales","Departamento de Educación Región de Arecibo","false"
"7240","Escuela Ricardo Rodríguez Torres","Departamento de Educación Región de Arecibo","false"
"7241","Escuela Manuel Corchado","Departamento de Educación Región de Arecibo","false"
"7242","Escuela Luis Meléndez Rodríguez - Elemental","Departamento de Educación Región de Arecibo","false"
"7243","Escuela Luis Muñoz Rivera - Hatillo","Departamento de Educación Región de Arecibo","false"
"7244","Escuela Eugenio María de Hostos - Hatillo","Departamento de Educación Región de Arecibo","false"
"7245","Escuela Carmen Noelia Peraza Toledo","Departamento de Educación Región de Arecibo","false"
"7246","Escuela Adrían Martínez Gandía","Departamento de Educación Región de Arecibo","false"
"7247","Escuela Juliet A. Casey","Departamento de Educación Región de Arecibo","false"
"7248","Escuela Rosa E. Molinari","Departamento de Educación Región de Arecibo","false"
"7249","Escuela Joaquín Rodríguez Ruíz","Departamento de Educación Región de Arecibo","false"
"7250","Escuela Teodoro Roosevelt","Departamento de Educación Región de Arecibo","false"
"7251","Escuela Segunda Unidad Rafael Zamot Cruz","Departamento de Educación Región de Arecibo","false"
"7252","Escuela Timoteo Delgado","Departamento de Educación Región de Arecibo","false"
"7253","Escuela Lorenzo Coballes Gandía","Departamento de Educación Región de Arecibo","false"
"7254","Escuela José Gautier Benítez","Departamento de Educación Región de Arecibo","false"
"7255","Escuela Luis Meléndez Rodríguez - Intermedia","Departamento de Educación Región de Arecibo","false"
"7256","Escuela Manuel Corchado Y Juarbe","Departamento de Educación Región de Arecibo","false"
"7257","Escuela José Julián Acosta","Departamento de Educación Región de Arecibo","false"
"7258","Escuela Emilia Castillo","Departamento de Educación Región de Arecibo","false"
"7259","Escuela Luis Muñoz Rivera - Isabela","Departamento de Educación Región de Arecibo","false"
"7260","Escuela Francisco Mendoza","Departamento de Educación Región de Arecibo","false"
"7261","Escuela Juan B. Huyke","Departamento de Educación Región de Arecibo","false"
"7262","Escuela Parcelas Mora Guerrero","Departamento de Educación Región de Arecibo","false"
"7263","Escuela La Planta","Departamento de Educación Región de Arecibo","false"
"7264","Escuela Nicandro García","Departamento de Educación Región de Arecibo","false"
"7265","Escuela Mateo Hernández","Departamento de Educación Región de Arecibo","false"
"7266","Escuela Epifanio Estrada","Departamento de Educación Región de Arecibo","false"
"7267","Escuela Gloria González","Departamento de Educación Región de Arecibo","false"
"7268","Escuela Mantilla","Departamento de Educación Región de Arecibo","false"
"7269","Escuela Antonio Geigel Paredes","Departamento de Educación Región de Arecibo","false"
"7270","Escuela José C. Rosario","Departamento de Educación Región de Arecibo","false"
"7271","Escuela Segunda Unidad José A. Vargas","Departamento de Educación Región de Arecibo","false"
"7272","Escuela Irma Deliz de Muñoz","Departamento de Educación Región de Arecibo","false"
"7273","Escuela Doctor Heriberto Domenech","Departamento de Educación Región de Arecibo","false"
"7274","Escuela Piletas Arce","Departamento de Educación Región de Arecibo","false"
"7275","Escuela Aurelio Méndez","Departamento de Educación Región de Arecibo","false"
"7276","Escuela Gabriela Mistral","Departamento de Educación Región de Arecibo","false"
"7277","Escuela Joaquín Castro","Departamento de Educación Región de Arecibo","false"
"7278","Escuela Domingo Aponte Collazo","Departamento de Educación Región de Arecibo","false"
"7279","Escuela Consuelo González","Departamento de Educación Región de Arecibo","false"
"7280","Escuela González Bello","Departamento de Educación Región de Arecibo","false"
"7281","Escuela Henry Clay","Departamento de Educación Región de Arecibo","false"
"7282","Escuela Segunda Unidad Juan C. Pagán","Departamento de Educación Región de Arecibo","false"
"7283","Escuela Julio Lebrón Soto","Departamento de Educación Región de Arecibo","false"
"7284","Escuela Rafael Martínez Nadal","Departamento de Educación Región de Arecibo","false"
"7285","Escuela Segunda Unidad Bartolo","Departamento de Educación Región de Arecibo","false"
"7286","Escuela Segunda Unidad América","Departamento de Educación Región de Arecibo","false"
"7287","Escuela Segunda Unidad Josefina Linares","Departamento de Educación Región de Arecibo","false"
"7288","Escuela Ignacio Dicupe González","Departamento de Educación Región de Arecibo","false"
"7289","Escuela Virgilio Acevedo","Departamento de Educación Región de Arecibo","false"
"7343","Escuela Ezequiel Ramos Lasanta","Región Educativa de Caguas","false"
"7344","Escuela José R. González","Región Educativa de Caguas","false"
"7345","Escuela Jagüeyes Abajo","Región Educativa de Caguas","false"
"7346","Escuela Luis Santaella","Región Educativa de Caguas","false"
"7347","Escuela Ramón Luis Rivera","Región Educativa de Caguas","false"
"7348","Escuela Luis T. Baliñas","Región Educativa de Caguas","false"
"7349","Escuela Mulitas Alvelo","Región Educativa de Caguas","false"
"7350","Escuela Segunda Unidad Bayamoncito","Región Educativa de Caguas","false"
"7351","Escuela Segunda Unidad Sumidero","Región Educativa de Caguas","false"
"7352","Escuela Doctor Gustavo Muñoz Díaz","Región Educativa de Caguas","false"
"7353","Escuela Josefa Pastrana","Región Educativa de Caguas","false"
"8534","Escuela Elemental Urbana","Región Educativa de Caguas","false"
"8535","Escuela Intermedia Sabana Llana","Región Educativa de Caguas","false"
"7354","Escuela Santa Clara - Aguas Buenas","Región Educativa de Caguas","false"
"7355","Escuela Luis Muñoz Marín - Aguas Buenas","Región Educativa de Caguas","false"
"7356","Escuela Doctor Pedro Albizu Campos","Región Educativa de Caguas","false"
"7357","Escuela Segunda Unidad Pasto","Región Educativa de Caguas","false"
"7358","Escuela Rafael Pont Flores","Región Educativa de Caguas","false"
"7359","Escuela Federico Degetau I","Región Educativa de Caguas","false"
"7360","Escuela Llanos Adentro","Región Educativa de Caguas","false"
"7361","Escuela Llanos Carreteras","Región Educativa de Caguas","false"
"7362","Escuela Elemental Rabanal","Región Educativa de Caguas","false"
"7363","Escuela Segunda Unidad José C. Barbosa","Región Educativa de Caguas","false"
"7364","Escuela Segunda Unidad La Plata","Región Educativa de Caguas","false"
"7365","Escuela Sucesión Torres","Región Educativa de Caguas","false"
"7366","Escuela Doctor José N. Gándara","Región Educativa de Caguas","false"
"7367","Escuela Rosario Belber","Región Educativa de Caguas","false"
"7368","Escuela Bonifacio Sánchez Jiménez","Región Educativa de Caguas","false"
"7369","Escuela Federico Degetau II","Región Educativa de Caguas","false"
"7370","Escuela Abelardo Díaz Morales","Región Educativa de Caguas","false"
"7371","Escuela Nicolás Aguayo Aldea","Región Educativa de Caguas","false"
"7372","Escuela Amalia H. Mangual","Región Educativa de Caguas","false"
"7373","Escuela Andrés González","Región Educativa de Caguas","false"
"7374","Escuela Antonio Longo","Región Educativa de Caguas","false"
"7375","Escuela María Montañez Gómez","Región Educativa de Caguas","false"
"7376","Escuela Pedro Millan Rivera","Región Educativa de Caguas","false"
"7377","Escuela Benita González","Región Educativa de Caguas","false"
"7378","Escuela Diego Vázquez","Región Educativa de Caguas","false"
"7380","Escuela Miguel F. Chiques","Región Educativa de Caguas","false"
"7381","Escuela República de Costa Rica","Región Educativa de Caguas","false"
"7382","Escuela Francisco Valdés","Región Educativa de Caguas","false"
"7383","Escuela Manuela Toro Morice","Región Educativa de Caguas","false"
"7384","Escuela Pepita Garriga","Región Educativa de Caguas","false"
"7385","Escuela Jardines de Caguas","Región Educativa de Caguas","false"
"7386","Escuela Antonio S. Paoli","Región Educativa de Caguas","false"
"7387","Escuela Nerida Alicea Cruz","Región Educativa de Caguas","false"
"7388","Escuela Rafael Quiñones Vidal","Región Educativa de Caguas","false"
"7389","Escuela Luis Cartagena Nieves","Región Educativa de Caguas","false"
"7390","Escuela Eloisa Pascual","Región Educativa de Caguas","false"
"7391","Escuela Felipe Rivera Centeno","Región Educativa de Caguas","false"
"7392","Escuela Pepita Arenas","Región Educativa de Caguas","false"
"7393","Escuela Antonio Dominguez Nieves","Región Educativa de Caguas","false"
"7394","Escuela Cornelio Ayala","Región Educativa de Caguas","false"
"7395","Escuela Bunker","Región Educativa de Caguas","false"
"7396","Escuela José Mercado","Región Educativa de Caguas","false"
"7397","Escuela Cipriano Manrique","Región Educativa de Caguas","false"
"7398","Escuela Antonio S. Pedreira","Región Educativa de Caguas","false"
"7399","Escuela José De Diego","Región Educativa de Caguas","false"
"7400","Escuela José Gautier Benítez","Región Educativa de Caguas","false"
"7401","Escuela Doctor Juan José Osuna","Región Educativa de Caguas","false"
"7402","Escuela Juan Navarro","Región Educativa de Caguas","false"
"7403","Escuela Luis Muñoz Rivera - Caguas","Región Educativa de Caguas","false"
"7404","Escuela Luis Muñoz Grillo","Región Educativa de Caguas","false"
"7405","Escuela Luis Ramos González","Región Educativa de Caguas","false"
"7406","Escuela Paula Mojica","Región Educativa de Caguas","false"
"7407","Escuela Ramón Brugueras","Región Educativa de Caguas","false"
"7408","Escuela Rosa C. Benítez","Región Educativa de Caguas","false"
"7409","Escuela Segunda Unidad Mercedes Palma","Región Educativa de Caguas","false"
"7410","Escuela Segunda Unidad Sandalio Marcano","Región Educativa de Caguas","false"
"7411","Escuela Salvador Rodríguez","Región Educativa de Caguas","false"
"7412","Escuela John F. Kennedy","Región Educativa de Caguas","false"
"7413","Escuela Haydee Caballero","Región Educativa de Caguas","false"
"7414","Escuela Myrna M. Fuentes","Región Educativa de Caguas","false"
"7415","Escuela Concepción Méndez Cano","Región Educativa de Caguas","false"
"7416","Escuela Charles E. Miner","Región Educativa de Caguas","false"
"7417","Escuela Luis Muñoz Marín - Caguas","Región Educativa de Caguas","false"
"7418","Escuela Justina Vázquez Mendoza","Región Educativa de Caguas","false"
"7419","Escuela Gerardo Sellés Sola","Región Educativa de Caguas","false"
"7420","Centro de Servicios Educativos","Región Educativa de Caguas","false"
"7421","Escuela Inés María Mendoza - Caguas","Región Educativa de Caguas","false"
"7422","Escuela Benigno Fernández García","Región Educativa de Caguas","false"
"7423","Escuela Benigno Carrión","Región Educativa de Caguas","false"
"7424","Escuela Benjamín Harrison","Región Educativa de Caguas","false"
"7425","Escuela Félix Lucas Benet","Región Educativa de Caguas","false"
"7426","Escuela Emerita León Elemental","Región Educativa de Caguas","false"
"7427","Escuela Emerita León Intermedia","Región Educativa de Caguas","false"
"7428","Escuela Segunda Unidad Gerardo Sellés Sola","Región Educativa de Caguas","false"
"7429","Escuela Manuel Corchado","Región Educativa de Caguas","false"
"7430","Escuela Luis Muñoz Rivera - Cayey","Región Educativa de Caguas","false"
"7431","Escuela Julio Vizcarrondo","Región Educativa de Caguas","false"
"7432","Escuela José Gualberto Padilla","Región Educativa de Caguas","false"
"7433","Escuela Agustin Fernández Colón","Región Educativa de Caguas","false"
"7434","Escuela Segunda Unidad Rexford Guy Tugwell","Región Educativa de Caguas","false"
"7435","Escuela Segunda Unidad Eugenio María De Hostos","Región Educativa de Caguas","false"
"7436","Escuela Ramón Frade León","Región Educativa de Caguas","false"
"7437","Escuela Alejandro Tapia (Anexo)","Región Educativa de Caguas","false"
"7438","Escuela Consuelo López Benet","Región Educativa de Caguas","false"
"7439","Escuela Salvador Brau","Región Educativa de Caguas","false"
"7440","Escuela Miguel Meléndez Muñoz (elemental)","Región Educativa de Caguas","false"
"7441","Escuela Miguel Meléndez Muñoz (superior)","Región Educativa de Caguas","false"
"7442","Centro Adiestramiento Vocacional","Región Educativa de Caguas","false"
"7443","Escuela Doctor Ramón Emeterio Betances","Región Educativa de Caguas","false"
"7444","Escuela Virginia Vázquez Mendoza","Región Educativa de Caguas","false"
"7445","Escuela Segunda Unidad Pedro Díaz Fonseca","Región Educativa de Caguas","false"
"7446","Escuela Ceiba I","Región Educativa de Caguas","false"
"7447","Escuela Clemencia Meléndez","Región Educativa de Caguas","false"
"7448","Escuela Ciprian Castrodad","Región Educativa de Caguas","false"
"7449","Escuela Segunda Unidad Certenejas II","Región Educativa de Caguas","false"
"7450","Escuela Jesús T. Piñero - Cidra","Región Educativa de Caguas","false"
"7451","Escuela Luis Muñoz Rivera - Cidra","Región Educativa de Caguas","false"
"7452","Escuela Luis Muñoz Iglesias","Región Educativa de Caguas","false"
"7453","Escuela Montellano","Región Educativa de Caguas","false"
"7454","Escuela Santa Clara - Cidra","Región Educativa de Caguas","false"
"7455","Escuela Segunda Unidad Pedro M. Dominicci","Región Educativa de Caguas","false"
"7456","Escuela Segunda Unidad Juan Stubbe","Región Educativa de Caguas","false"
"7457","Escuela Luis Muñoz Rivera Y Anexo - Cidra","Región Educativa de Caguas","false"
"7458","Escuela Ana J. Candelas","Región Educativa de Caguas","false"
"7459","Escuela Superior Vocacional","Región Educativa de Caguas","false"
"7460","Escuela Educación Bilingüe de Cidra","Región Educativa de Caguas","false"
"7461","Escuela Juan Zamora","Región Educativa de Caguas","false"
"7462","Escuela Herminio Sierra","Región Educativa de Caguas","false"
"7463","Escuela Juana Colón","Región Educativa de Caguas","false"
"7464","Escuela Pedro Morales Báez","Región Educativa de Caguas","false"
"7465","Escuela Horace Mann Towner","Región Educativa de Caguas","false"
"7466","Escuela María C. Huertas","Región Educativa de Caguas","false"
"7467","Escuela Pablo R. Ortiz Rolón","Región Educativa de Caguas","false"
"7468","Escuela Manuel Cruz Maceira","Región Educativa de Caguas","false"
"7469","Escuela Piñas Arriba","Región Educativa de Caguas","false"
"7470","Escuela Segunda Unidad Ramón Alejandro Ayala","Región Educativa de Caguas","false"
"7471","Escuela Segunda Unidad Oscar Porrata Doria","Región Educativa de Caguas","false"
"7472","Escuela Segunda Unidad María C. Santiago","Región Educativa de Caguas","false"
"7473","Escuela Inés María Mendoza - Comerío","Región Educativa de Caguas","false"
"7474","Escuela Luis Muñoz Marín - Comerío","Región Educativa de Caguas","false"
"7475","Centro de Impedimentos Severos","Región Educativa de Caguas","false"
"7476","Escuela Vicente Palés Anes","Región Educativa de Caguas","false"
"7477","Escuela Jorge Washington II","Región Educativa de Caguas","false"
"7478","Escuela Genaro Cautiño","Región Educativa de Caguas","false"
"7479","Escuela Luis Muñoz Rivera - Guayama","Región Educativa de Caguas","false"
"7480","Escuela Luis A. Rivera","Región Educativa de Caguas","false"
"7481","Escuela Doctor Rafael López Landrón","Región Educativa de Caguas","false"
"7482","Escuela Antonio Luchetti","Región Educativa de Caguas","false"
"7483","Escuela Ramón Ávila","Región Educativa de Caguas","false"
"7484","Escuela Carlos Martínez Benítez","Región Educativa de Caguas","false"
"7485","Escuela Francisco Navarro Colón","Región Educativa de Caguas","false"
"7486","Escuela Alejandro Ortiz Resto","Región Educativa de Caguas","false"
"7487","Escuela Bartolo Caussade González","Región Educativa de Caguas","false"
"7488","Escuel Amalia Marín","Región Educativa de Caguas","false"
"7489","Escuela Anselmo Vázquez","Región Educativa de Caguas","false"
"7490","Escuela Olimpo","Región Educativa de Caguas","false"
"7491","Escuela Oscar Hernández Guevara","Región Educativa de Caguas","false"
"7492","Escuela Marcela García Cora","Región Educativa de Caguas","false"
"7493","Escuela Luis Palés Matos","Región Educativa de Caguas","false"
"7494","Escuela José Muñoz Vázquez","Región Educativa de Caguas","false"
"7495","Escuela Segunda Unidad Juan Alemañy Silva","Región Educativa de Caguas","false"
"7496","Escuela Simón Madera","Región Educativa de Caguas","false"
"7497","Escuela Adela Brenes Texidor","Región Educativa de Caguas","false"
"7498","Escuela Eleuterio Lugo","Región Educativa de Caguas","false"
"7499","Escuela Washington I","Región Educativa de Caguas","false"
"7500","Escuela Francisco García Boyrie","Región Educativa de Caguas","false"
"7501","Instituto Tecnológico de Puerto Rico, Recinto de Guayama","Región Educativa de Caguas","false"
"7502","Escuela Guillermo Godreau Manatau","Región Educativa de Caguas","false"
"7503","Escuela Las Mareas","Región Educativa de Caguas","false"
"7504","Escuela Luis Muñoz Rivera - Salinas","Región Educativa de Caguas","false"
"7505","Escuela Parcelas Coco","Región Educativa de Caguas","false"
"7506","Escuela Rafael Esparra Cartagena","Región Educativa de Caguas","false"
"7507","Escuela Las Ochentas","Región Educativa de Caguas","false"
"7508","Escuela Francisco Mariano Quiñones","Región Educativa de Caguas","false"
"7509","Escuela Playita","Región Educativa de Caguas","false"
"7510","Escuela Victoria Santiago","Región Educativa de Caguas","false"
"7511","Escuela Román Baldorioty de Castro","Región Educativa de Caguas","false"
"7512","Escuela Segunda Unidad Coquí","Región Educativa de Caguas","false"
"7513","Escuela Segunda Unidad José Padín","Región Educativa de Caguas","false"
"7514","Escuela San Felipe","Región Educativa de Caguas","false"
"7515","Escuela Santiago R. Palmer","Región Educativa de Caguas","false"
"7516","Escuela Woodrow Wilson","Región Educativa de Caguas","false"
"7517","Escuela Stella Marquez","Región Educativa de Caguas","false"
"7518","Escuela Alberge Olímpico","Región Educativa de Caguas","false"
"7519","Escuela Intermedia Urbana Salinas","Región Educativa de Caguas","false"
"8564","Esc. de la Comunidad-Superior Urbana - Salinas","Región Educativa de Caguas","false"
"8576","Escuela Barrio Llanas Nueva","Región Educativa de Caguas","false"
"8573","Escuela Ana Hernández Usera","Región Educativa de Caguas","false"
"8580","Escuela Elemental Nueva Barrio Bordones","Región Educativa de Caguas","false"
"8584","Escuela Elemental Urbana Nueva","Región Educativa de Caguas","false"
"8595","Escuela de la Comunidad Vocacional Antolín Santos de Comerío","Región Educativa de Caguas","false"
"8596","Escuela Superior Vocacional Dra. María Socorro Lacot","Región Educativa de Caguas","false"
"8585","Escuela Especializada en Bellas Artes","Región Educativa de Humacao","false"
"8578","Escuela Elemental Jorge Rosario (Barrio Espino)","Región Educativa de Humacao","false"
"8594","Escuela Antonio Rosa Guzmán","Región Educativa de Humacao","false"
"8574","Escuela andrea Lebrón Ramos","Región Educativa de Humacao","false"
"8567","Esc. de la Comunidad-Natividad Rodríguez González - Arroyo","Región Educativa de Humacao","false"
"7520","Escuela Enrique Huyke","Región Educativa de Humacao","false"
"7521","Escuela José M. Massari","Región Educativa de Humacao","false"
"7522","Escuela José De Choudens","Región Educativa de Humacao","false"
"7523","Escuela Carmen Bozello De Huyke","Región Educativa de Humacao","false"
"7524","Escuela Cayetano Sánchez","Región Educativa de Humacao","false"
"7525","Escuela Jovita Manautou","Región Educativa de Humacao","false"
"7526","Escuela Beatríz Rodríguez","Región Educativa de Humacao","false"
"7527","Escuela Segunda Unidad Edmundo Del Valle","Región Educativa de Humacao","false"
"7528","Escuela Segunda Unidad José Horacio Cora","Región Educativa de Humacao","false"
"7529","Escuela Dolores González","Región Educativa de Humacao","false"
"7530","Escuela Nueva Elemental","Región Educativa de Humacao","false"
"7531","Escuela Maximina Méndez","Región Educativa de Humacao","false"
"7532","Escuela Celada Carretera","Región Educativa de Humacao","false"
"7533","Escuela Hato Nuevo","Región Educativa de Humacao","false"
"7534","Escuela Jaguas","Región Educativa de Humacao","false"
"7535","Escuela Luis Muñoz Rivera - Gurabo","Región Educativa de Humacao","false"
"7536","Escuela Matias González García","Región Educativa de Humacao","false"
"7537","Escuela Segunda Unidad Vidal Serrano","Región Educativa de Humacao","false"
"7538","Escuela Segunda Unidad Santa Rita","Región Educativa de Humacao","false"
"7539","Escuela Margarita Rivera De Janer","Región Educativa de Humacao","false"
"7540","Escuela Villa Marina","Región Educativa de Humacao","false"
"7541","Escuela Segunda Unidad Josefina Sitiriche","Región Educativa de Humacao","false"
"7542","Escuela Doctora Conchita Cuevas","Región Educativa de Humacao","false"
"7543","Escuela Ana Roque De Duprey","Región Educativa de Humacao","false"
"7544","Escuela Antonia Sáez","Región Educativa de Humacao","false"
"7545","Escuela Asunción Vallejo López","Región Educativa de Humacao","false"
"7546","Escuela Candido Berrios","Región Educativa de Humacao","false"
"7547","Escuela Antonio A. Roig","Región Educativa de Humacao","false"
"7548","Escuela Pepita López","Región Educativa de Humacao","false"
"7549","Escuela Doctor Víctor Rincón","Región Educativa de Humacao","false"
"7550","Escuela Mambiche Blanco II","Región Educativa de Humacao","false"
"7551","Escuela Juan De Dios López","Región Educativa de Humacao","false"
"7552","Escuela Manuel Surillo","Región Educativa de Humacao","false"
"7553","Escuela Padre Rivera","Región Educativa de Humacao","false"
"7554","Escuela Anton Ruíz","Región Educativa de Humacao","false"
"7555","Escuela Carmen Pilar Santos","Región Educativa de Humacao","false"
"7556","Escuela Segunda Unidad Luciano Ríos","Región Educativa de Humacao","false"
"7557","Escuela Segunda Unidad Cruz Ortiz Stella","Región Educativa de Humacao","false"
"7558","Escuela Segunda Unidad José Toro Ríos","Región Educativa de Humacao","false"
"7559","Escuela Francisco Isern Jiménez","Región Educativa de Humacao","false"
"7560","Escuela Adrian Medina","Región Educativa de Humacao","false"
"7561","Academia de Adultos","Región Educativa de Humacao","false"
"7562","Escuela Rufino Vigo","Región Educativa de Humacao","false"
"7563","Escuela 2da Unidad Rosa María Rosario de León","Región Educativa de Humacao","false"
"7564","Escuela Carlos Rivera Ufret","Región Educativa de Humacao","false"
"7565","Escuela Juan Ponce De León","Región Educativa de Humacao","false"
"7566","Escuela Segunda Unidad Agapito López Flores","Región Educativa de Humacao","false"
"7567","Escuela Petra Mercado Bougart","Región Educativa de Humacao","false"
"7568","Escuela Luz A. Cruz De Santana","Región Educativa de Humacao","false"
"7569","Escuela Villa Humacao","Región Educativa de Humacao","false"
"7570","Escuela Superior Vocacional","Región Educativa de Humacao","false"
"7571","Escuela Libre de Música","Región Educativa de Humacao","false"
"7572","Escuela Avelino Peña Reyes","Región Educativa de Humacao","false"
"7573","Escuela Agustín Dueño","Región Educativa de Humacao","false"
"7574","Escuela Pedro Bosh","Región Educativa de Humacao","false"
"7575","Escuela Laura Navarro","Región Educativa de Humacao","false"
"7576","Escuela Fulgencio Piñero Rodríguez","Región Educativa de Humacao","false"
"7577","Escuela Angel González","Región Educativa de Humacao","false"
"7578","Escuela Juana Sánchez","Región Educativa de Humacao","false"
"7579","Escuela Segunda Unidad Clara M. Aramburu","Región Educativa de Humacao","false"
"7580","Escuela Segunda Unidad Pedro Rivera Molina","Región Educativa de Humacao","false"
"7581","Escuela Teodomiro Delfaus","Región Educativa de Humacao","false"
"7582","Escuela Carmen Arzuaga De Rivera","Región Educativa de Humacao","false"
"7583","Escuela Alfonso Díaz Lebrón","Región Educativa de Humacao","false"
"7584","Escuela Isabel Flores","Región Educativa de Humacao","false"
"7585","Escuela José A. López Castro","Región Educativa de Humacao","false"
"7586","Escuela José Collazo Colón","Región Educativa de Humacao","false"
"7587","Escuela Camilo Valles Matienzo","Región Educativa de Humacao","false"
"7588","Escuela Francisco Torres","Región Educativa de Humacao","false"
"7589","Escuela Carmen Benítez","Región Educativa de Humacao","false"
"7590","Escuela Fernando Roig Y Anexo","Región Educativa de Humacao","false"
"7591","Escuela José De Diego","Región Educativa de Humacao","false"
"7592","Escuela La Fermina","Región Educativa de Humacao","false"
"7593","Escuela Luis Muñoz Rivera - Las Piedras","Región Educativa de Humacao","false"
"7594","Escuela Matias Rivera","Región Educativa de Humacao","false"
"7595","Escuela Milagros Marcano","Región Educativa de Humacao","false"
"7596","Escuela Ramón Power Y Giralt","Región Educativa de Humacao","false"
"7597","Escuela Benito Medina","Región Educativa de Humacao","false"
"7598","Escuela Santiago Torres","Región Educativa de Humacao","false"
"7599","Escuela Leonicio Meléndez","Región Educativa de Humacao","false"
"7600","Escuela Florencia García","Región Educativa de Humacao","false"
"7601","Escuela Matuyas Bajo","Región Educativa de Humacao","false"
"7602","Escuela Segunda Unidad Higinio Figueroa Villegas","Región Educativa de Humacao","false"
"7603","Escuela Calzada","Región Educativa de Humacao","false"
"7604","Escuela Alfonso Casta Martínez (Intermedio)","Región Educativa de Humacao","false"
"7605","Escuela 2da Unidad Manuel Ortiz Suya-Maunabo","Región Educativa de Humacao","false"
"7606","Escuela Alfonso Casta Martínez (Superior)","Región Educativa de Humacao","false"
"7607","Escuela Elemental Urbana","Región Educativa de Humacao","false"
"7608","Escuela María Dávila Semidey","Región Educativa de Humacao","false"
"7609","Escuela Josefina Muñoz De Bernier","Región Educativa de Humacao","false"
"7610","Escuela Cecilio Lebrón Ramos","Región Educativa de Humacao","false"
"7611","Escuela Lamboglia","Región Educativa de Humacao","false"
"7612","Escuela Cirilo Santiago Plaud","Región Educativa de Humacao","false"
"7613","Escuela Marín Abajo","Región Educativa de Humacao","false"
"7614","Escuela Tomás Vera Ayala","Región Educativa de Humacao","false"
"7615","Escuela Guillermo Riefkhol","Región Educativa de Humacao","false"
"7616","Escuela María Milagros Ortiz García","Región Educativa de Humacao","false"
"7617","Escuela Quebrada Arriba 2","Región Educativa de Humacao","false"
"7618","Escuela Segunda Unidad Joaquín Parrilla","Región Educativa de Humacao","false"
"7619","Escuela Segunda Unidad Manuel Medina Moret","Región Educativa de Humacao","false"
"7620","Escuela Eugenio María De Hostos - San Lorenzo","Región Educativa de Humacao","false"
"7621","Escuela El Parque","Región Educativa de Humacao","false"
"7622","Escuela Luis Muñoz Rivera - San Lorenzo","Región Educativa de Humacao","false"
"7623","Escuela Espino KM 12","Región Educativa de Humacao","false"
"7624","Escuela Manuel Cruz","Región Educativa de Humacao","false"
"7625","Escuela José Rosario","Región Educativa de Humacao","false"
"7626","Escuela Gerardo Sellés Solá","Región Educativa de Humacao","false"
"7627","Escuela Segunda Unidad Jagual Adentro","Región Educativa de Humacao","false"
"7628","Escuela Jagual Km 7","Región Educativa de Humacao","false"
"7629","Escuela Josefa Domingo","Región Educativa de Humacao","false"
"7630","Escuela Carmelo Figueroa","Región Educativa de Humacao","false"
"7631","Escuela Quemados","Región Educativa de Humacao","false"
"7632","Escuela Segunda Unidad Carlos Zayas","Región Educativa de Humacao","false"
"7633","Escuela Quebrada Honda","Región Educativa de Humacao","false"
"7634","Escuela José Campeche","Región Educativa de Humacao","false"
"7635","Escuela Luis Muñoz Rivera (vieja) San Lorenzo","Región Educativa de Humacao","false"
"7636","Escuela Generoso Morales Muñoz","Región Educativa de Humacao","false"
"7637","Escuela Hato Parcelas","Región Educativa de Humacao","false"
"7638","Escuela María Cruz Buitrago","Región Educativa de Humacao","false"
"7639","Escuela Doctora María T. Delgado De Marcano","Región Educativa de Humacao","false"
"7640","Escuela Segunda Unidad Asunción Lugo","Región Educativa de Humacao","false"
"7641","Escuela Francisco Sustache","Región Educativa de Humacao","false"
"7642","Escuela Segunda Unidad Rogelio Rosado","Región Educativa de Humacao","false"
"7643","Escuela Rosa Sánchez Vargas","Región Educativa de Humacao","false"
"7644","Escuela Calabaza Arriba","Región Educativa de Humacao","false"
"7645","Escuela Marta Sánchez","Región Educativa de Humacao","false"
"7646","Escuela Rosa Costa Valdivieso","Región Educativa de Humacao","false"
"7647","Escuela Segunda Unidad Manuel Ortiz - Yabucoa","Región Educativa de Humacao","false"
"7648","Escuela José F. Cintrón Y Anexo","Región Educativa de Humacao","false"
"7649","Escuela Martorell","Región Educativa de Humacao","false"
"7650","Escuela Federico Mathew","Región Educativa de Humacao","false"
"7651","Escuela Eugenio María De Hostos - Humacao","Región Educativa de Humacao","false"
"7652","Escuela Catalina Morales","Región Educativa de Humacao","false"
"7653","Escuela Segunda Unidad Andrés Sandin","Región Educativa de Humacao","false"
"7654","Escuela Segunda Unidad Andrés Soto Quiñones","Región Educativa de Humacao","false"
"7655","Escuela Segunda Unidad Marcos Sánchez","Región Educativa de Humacao","false"
"7656","Escuela Segunda Unidad Cristobal Del Campo","Región Educativa de Humacao","false"
"7657","Escuela Segunda Unidad Jesús T Sanabria Cruz","Región Educativa de Humacao","false"
"7658","Escuela Teodoro Aguilar Mora","Región Educativa de Humacao","false"
"7659","Escuela Jaime C. Rodríguez","Región Educativa de Humacao","false"
"7660","Escuela Juan B. Huyke","Región Educativa de Humacao","false"
"7661","Escuela Luis Muñoz Marín","Región Educativa de Humacao","false"
"8541","Escuela Nueva Escuela Elemental Barrio Mariana","Región Educativa de Humacao","false"
"8542","Escuela Nueva Escuela Elemental José D. Zayas","Región Educativa de Humacao","false"
"8543","Escuela Intermedia Urbana Nueva","Región Educativa de Humacao","false"
"8544","Escuela Francisco Zenón Gely","Región Educativa de Humacao","false"
"8545","Escuela Superior Urbana","Región Educativa de Humacao","false"
"8546","Escuela Ramón Quiñones Medina (Nueva Superior)","Región Educativa de Humacao","false"
"8547","Escuela Intermedia Nueva","Región Educativa de Mayagüez","false"
"8548","Escuela Elemental Nueva","Región Educativa de Mayagüez","false"
"8549","Escuela Intermedia Urbana Nueva","Región Educativa de Mayagüez","false"
"8550","Escuela Nueva Escuela Superior","Región Educativa de Mayagüez","false"
"8551","Escuela Nueva Escuela Superior Vocacional","Región Educativa de Mayagüez","false"
"7802","Escuela Aurea Fuentes Méndez","Región Educativa de Mayagüez","false"
"7803","Escuela Francisco Lugo Rosa","Región Educativa de Mayagüez","false"
"7804","Escuela Juana B. Guzmán","Región Educativa de Mayagüez","false"
"7805","Escuela Gillermo Carde","Región Educativa de Mayagüez","false"
"7806","Escuela Joaquín Oronoz Rodón","Región Educativa de Mayagüez","false"
"7807","Escuela Minima Oronoz","Región Educativa de Mayagüez","false"
"7808","Escuela Narciso Rabell Cabrero","Región Educativa de Mayagüez","false"
"7809","Escuela Perchas Rosario","Región Educativa de Mayagüez","false"
"7810","Escuela Agustín Acevedo Hernández","Región Educativa de Mayagüez","false"
"7811","Escuela Ramón M. Torres","Región Educativa de Mayagüez","false"
"7812","Escuela María S. Del Río","Región Educativa de Mayagüez","false"
"7813","Escuela 2da Unidad Bernando Méndez Jiménez","Región Educativa de Mayagüez","false"
"7814","Escuela Juan Cardona Rodríguez","Región Educativa de Mayagüez","false"
"7815","Escuela Segunda Unidad Máximino A. Salas","Región Educativa de Mayagüez","false"
"7816","Escuela Segunda Unidad Carmelo Serrano Cubano","Región Educativa de Mayagüez","false"
"7817","Escuela Manuel Méndez Liciaga","Región Educativa de Mayagüez","false"
"7818","Escuela Julio Cancel Fagundo","Región Educativa de Mayagüez","false"
"7819","Escuela Julio Cancel (Anexo)","Región Educativa de Mayagüez","false"
"7820","Escuela Perchas Rabel I","Región Educativa de Mayagüez","false"
"7821","Escuela Emilio Scharon Rodríguez","Región Educativa de Mayagüez","false"
"7822","Escuela Ernestina Méndez","Región Educativa de Mayagüez","false"
"7823","Escuela Patria Latorre","Región Educativa de Mayagüez","false"
"7662","Escuela Arsenio Martínez","Región Educativa de Mayagüez","false"
"7663","Escuela Doctor Carlos González","Región Educativa de Mayagüez","false"
"7664","Escuela Segunda Unidad Juan B. Soto","Región Educativa de Mayagüez","false"
"7665","Escuela Gregorio Rodríguez Orama","Región Educativa de Mayagüez","false"
"7666","Escuela Manuel Morales Feliciano","Región Educativa de Mayagüez","false"
"7667","Escuela Padre Pablo Gutiérrez","Región Educativa de Mayagüez","false"
"7668","Academia Adultos Isidoro Aleres","Región Educativa de Mayagüez","false"
"7669","Escuela Eugenio González González","Región Educativa de Mayagüez","false"
"7670","Escuela Antonio Sánchez Ruíz","Región Educativa de Mayagüez","false"
"7671","Escuela José González Ruíz","Región Educativa de Mayagüez","false"
"7672","Escuela Anselmo Villarrubia","Región Educativa de Mayagüez","false"
"7673","Escuela Aquilino Cabán","Región Educativa de Mayagüez","false"
"7674","Escuela Petra Valle Villanueva","Región Educativa de Mayagüez","false"
"7675","Escuela María L. Jiménez López","Región Educativa de Mayagüez","false"
"7676","Escuela Juan Lino Santiago","Región Educativa de Mayagüez","false"
"7677","Escuela Segunda Unidad Martin Hernández","Región Educativa de Mayagüez","false"
"7678","Escuela Segunda Unidad Epifanio Estrada","Región Educativa de Mayagüez","false"
"7679","Centro Vocacional Especial","Región Educativa de Mayagüez","false"
"7680","Escuela Zoilo Cajigas Sotomayor","Región Educativa de Mayagüez","false"
"7681","Escuela Eladio Tirado López","Región Educativa de Mayagüez","false"
"7682","Escuela Lydia Meléndez","Región Educativa de Mayagüez","false"
"7683","Escuela Doctor Agustín Stahl","Región Educativa de Mayagüez","false"
"7684","Escuela Elemental Cabán","Región Educativa de Mayagüez","false"
"7685","Escuela José De Diego","Región Educativa de Mayagüez","false"
"7686","Escuela Homero Rivera Sola","Región Educativa de Mayagüez","false"
"7687","Escuela Elemental Rafael Cordero","Región Educativa de Mayagüez","false"
"7688","Escuela Carmen Gómez Tejera","Región Educativa de Mayagüez","false"
"7689","Escuela Eladio J. Vega","Región Educativa de Mayagüez","false"
"7690","Escuela Ramón Rodríguez","Región Educativa de Mayagüez","false"
"7691","Escuela Doctor Rafael Del Valle","Región Educativa de Mayagüez","false"
"7692","Escuela Intermedia José De Diego","Región Educativa de Mayagüez","false"
"7693","Escuela Lucia Cubero","Región Educativa de Mayagüez","false"
"7694","Escuela Manuel Corchado","Región Educativa de Mayagüez","false"
"7695","Escuela Rafael Fabián","Región Educativa de Mayagüez","false"
"7696","Escuela José Acevedo Alvarez","Región Educativa de Mayagüez","false"
"7697","Escuela Segunda Unidad Adams","Región Educativa de Mayagüez","false"
"7698","Escuela Luis Muñoz Rivera - Aguadilla","Región Educativa de Mayagüez","false"
"7699","Escuela Intermedia Antonio Badillo Hernández","Región Educativa de Mayagüez","false"
"7700","Escuela Ana Javariz","Región Educativa de Mayagüez","false"
"7701","Escuela Extensión Borinquen","Región Educativa de Mayagüez","false"
"7702","Escuela Salvador Fuentes","Región Educativa de Mayagüez","false"
"7703","Centro Pre-Vocacional","Región Educativa de Mayagüez","false"
"7704","Escuela Benito Cerezo Márquez","Región Educativa de Mayagüez","false"
"7705","Escuela Esther Feliciano Mendoza","Región Educativa de Mayagüez","false"
"7706","Escuela Antonio Badillo Hernández","Región Educativa de Mayagüez","false"
"7707","Escuela Juan Suárez Pelegrina","Región Educativa de Mayagüez","false"
"7708","Escuela Alcides Figueroa","Región Educativa de Mayagüez","false"
"7709","Escuela Antonio González Suárez","Región Educativa de Mayagüez","false"
"7710","Escuela Espino - Añasco","Región Educativa de Mayagüez","false"
"7711","Escuela Isabel Suárez","Región Educativa de Mayagüez","false"
"7712","Escuela Ovejas","Región Educativa de Mayagüez","false"
"7713","Escuela Parcelas María","Región Educativa de Mayagüez","false"
"7714","Escuela Mariana Bracetti","Región Educativa de Mayagüez","false"
"7715","Escuela Segunda Unidad Playa","Región Educativa de Mayagüez","false"
"7716","Escuela Quebrada Larga","Región Educativa de Mayagüez","false"
"7717","Escuela Luis Muñoz Marín","Región Educativa de Mayagüez","false"
"7718","Escuela Carmen Casasus Marti","Región Educativa de Mayagüez","false"
"7719","Escuela Girardo González","Región Educativa de Mayagüez","false"
"7720","Escuela Segundo Ruíz Belvis - Hormigueros","Región Educativa de Mayagüez","false"
"7721","Escuela Rafael Hernández","Región Educativa de Mayagüez","false"
"7722","Escuela Miguel A. Rivera","Región Educativa de Mayagüez","false"
"7723","Escuela Ana Pagán De Rodríguez","Región Educativa de Mayagüez","false"
"7724","Escuela Segunda Unidad Alfredo Dorrington","Región Educativa de Mayagüez","false"
"7725","Escuela Ramón E. Rodríguez Díaz","Región Educativa de Mayagüez","false"
"7726","Escuela Bryan","Región Educativa de Mayagüez","false"
"7727","Escuela Bucarabones","Región Educativa de Mayagüez","false"
"7728","Escuela Consumo","Región Educativa de Mayagüez","false"
"7729","Escuela Eugenio María De Hostos","Región Educativa de Mayagüez","false"
"7730","Escuela Espino - Las Marías","Región Educativa de Mayagüez","false"
"7731","Escuela Segunda Unidad Lauro González Hijo","Región Educativa de Mayagüez","false"
"7732","Escuela Fortunato Jorge Cardona","Región Educativa de Mayagüez","false"
"7733","Escuela Eva Y Patria Custodio","Región Educativa de Mayagüez","false"
"7734","Escuela Luis Santaliz Capestany","Región Educativa de Mayagüez","false"
"7735","Escuela Eugenio María De Hostos","Región Educativa de Mayagüez","false"
"7736","Escuela Federico Asenjo","Región Educativa de Mayagüez","false"
"7737","Escuela Castillo","Región Educativa de Mayagüez","false"
"8577","Centro de Adiestramiento y Bellas Artes","Región Educativa de Mayagüez","false"
"8591","escuela sergio ramírez de Arellano","Región Educativa de Mayagüez","false"
"8582","Escuela Nueva Elemental Urbana","Región Educativa de Mayagüez","false"
"7738","Escuela Charles T. Irizarry","Región Educativa de Mayagüez","false"
"7739","Escuela Cuesta De Piedras","Región Educativa de Mayagüez","false"
"7740","Escuela Doctor Pedro Perea Fajardo","Región Educativa de Mayagüez","false"
"7741","Escuela Segundo Ruíz Belvis - Mayaguez","Región Educativa de Mayagüez","false"
"7742","Escuela Ernesto Ramos Antonini","Región Educativa de Mayagüez","false"
"7743","Escuela David G. Farragut","Región Educativa de Mayagüez","false"
"7744","Escuela Francisco Baco Soria","Región Educativa de Mayagüez","false"
"7745","Escuela Francisco Vicenty","Región Educativa de Mayagüez","false"
"7746","Escuela Franklin D. Roosevelt","Región Educativa de Mayagüez","false"
"7747","Escuela Superior José De Diego","Región Educativa de Mayagüez","false"
"7748","Escuela José Gautiér Benítez","Región Educativa de Mayagüez","false"
"7749","Escuela 2da Unidad Felisa Rincón De Gauthier","Región Educativa de Mayagüez","false"
"7750","Escuela Luis Muñoz Rivera - Mayaguez","Región Educativa de Mayagüez","false"
"7751","Escuela Malezas","Región Educativa de Mayagüez","false"
"7752","Escuela Manuel A. Barreto","Región Educativa de Mayagüez","false"
"7753","Escuela Manuel Fernández Juncos","Región Educativa de Mayagüez","false"
"7754","Escuela Mariano Riera Palmer","Región Educativa de Mayagüez","false"
"7755","Escuela Miradero II","Región Educativa de Mayagüez","false"
"7756","Escuela La Soledad","Región Educativa de Mayagüez","false"
"7757","Escuela Cruces","Región Educativa de Mayagüez","false"
"7758","Escuela Rafael Martínez Nadal","Región Educativa de Mayagüez","false"
"7759","Escuela Ramón Valle Seda","Región Educativa de Mayagüez","false"
"7760","Escuela Río Cañas Arriba","Región Educativa de Mayagüez","false"
"7761","Escuela Consuelo Pérez Cintrón","Región Educativa de Mayagüez","false"
"7762","Escuela Sabanetas Mani","Región Educativa de Mayagüez","false"
"7763","Escuela Theodore Rosevelt","Región Educativa de Mayagüez","false"
"7764","Escuela María Dolores Faria","Región Educativa de Mayagüez","false"
"7765","Escuela Croem","Región Educativa de Mayagüez","false"
"7766","Escuela Mar Y Sol","Región Educativa de Mayagüez","false"
"7767","Escuela Concordia","Región Educativa de Mayagüez","false"
"7768","Escuela María Luisa Arcelay","Región Educativa de Mayagüez","false"
"7769","Centro De Servicios Educativos","Región Educativa de Mayagüez","false"
"7770","Escuela Elpidio H. Rivera","Región Educativa de Mayagüez","false"
"7771","Centro Estimulación Temprana","Región Educativa de Mayagüez","false"
"7772","Escuela Esteban Rosado Báez","Región Educativa de Mayagüez","false"
"7773","Escuela Río Cañas Abajo","Región Educativa de Mayagüez","false"
"7774","Escuela Adolfo Babilonia","Región Educativa de Mayagüez","false"
"7775","Escuela Segunda Unidad Aristides Maisonave","Región Educativa de Mayagüez","false"
"7776","Escuela Antonio S. Pedreira","Región Educativa de Mayagüez","false"
"7777","Escuela Capa Bosques","Región Educativa de Mayagüez","false"
"7778","Escuela Cerro Gordo Laos","Región Educativa de Mayagüez","false"
"7779","Escuela Cerro Gordo Medina","Región Educativa de Mayagüez","false"
"7780","Escuela George Washington","Región Educativa de Mayagüez","false"
"7781","Escuela La Loma","Región Educativa de Mayagüez","false"
"7782","Escuela Basilio Charneco","Región Educativa de Mayagüez","false"
"7783","Escuela Marías III","Región Educativa de Mayagüez","false"
"7784","Escuela Julio Babilonia","Región Educativa de Mayagüez","false"
"7785","Escuela Tomás Vera Ayala","Región Educativa de Mayagüez","false"
"7786","Escuela Juan De Dios Quiñones","Región Educativa de Mayagüez","false"
"7787","Escuela Segunda Unidad Cuchillas","Región Educativa de Mayagüez","false"
"7788","Escuela Doctor Efraín Sánchez Hidalgo","Región Educativa de Mayagüez","false"
"7789","Escuela Marcelino Rodríguez","Región Educativa de Mayagüez","false"
"7790","Escuela Jorge Seda Crespo","Región Educativa de Mayagüez","false"
"7791","Escuela Maestro Gandía","Región Educativa de Mayagüez","false"
"7792","Escuela Genoveva Pérez","Región Educativa de Mayagüez","false"
"7793","Escuela Conrado Rodríguez","Región Educativa de Mayagüez","false"
"7794","Escuela Juan Ruíz Pedroza","Región Educativa de Mayagüez","false"
"7795","Escuela Manuel González Melo","Región Educativa de Mayagüez","false"
"7796","Escuela Octavio Cumpiano","Región Educativa de Mayagüez","false"
"7797","Escuels Manuel García Pérez","Región Educativa de Mayagüez","false"
