"agency_cd","site_no","station_nm","site_tp_cd","lat_va","dec_lat_va","dec_long_va","coord_meth_cd","coord_acy_cd","coord_datum_cd","dec_coord_datum_cd","district_cd","county_cd","country_cd","land_net_ds","map_nm","map_scale_fc","alt_va","alt_meth_cd","alt_acy_va","alt_datum_cd","huc_cd","basin_cd","topo_cd","instruments_cd","construction_dt","inventory_dt","drain_area_va","contrib_drain_area_va","tz_cd","local_time_fg","reliability_cd","gw_file_cd","nat_aqfr_cd","aqfr_cd","aqfr_type_cd","well_depth_va","hole_depth_va","depth_src_cd","project_no","last_date","location"
"USGS","181023066095700","CIDRA SITE, CIDRA, PR","FA-CS","181023","18.17107","-66.16544","M","S","NAD27","NAD83","72","41","US","NA","NA","  20000",,"NA",,"NA",,"NA","NA","NNNNNNNNNNNNNNNNNNNNNNNNNNNNNN","NA","NA","NA","NA","AST","N","NA","NNNNNNNN","NA","NA","NA","NA","NA","NA","NA","1988-01-25T00:00:00.000","(18.17107, -66.16544)"
"USGS","50014800","RIO CAMUY NR BAYANEY, PR","ST","182347.2","18.39444","-66.81761","N","S","NAD27","NAD83","72","65","US","NA","CAMUY","  20000","358","M","16","NGVD29","21010002"," 2","C","NNNNYNNNNYNNNNNNNNNNNNNNNNNNNN","NA","19840523","NA","NA","AST","N","NA","NNNNNNNN","NA","NA","NA","NA","NA","NA","PR454300100","2017-02-17T00:00:00.000","(18.39444, -66.81761)"
"USGS","50015700","RIO CAMUY NR HATILLO, PR","ST","182744","18.46022","-66.83184","M","S","NAD27","NAD83","72","65","US","NA","CAMUY","  20000","13","M","2.5","NGVD29","21010002"," 2","C","NNNNNNNNNNNNNNNNNNNNNNNNNNNNNN","NA","19840619","NA","NA","AST","N","NA","NNNNNNNN","NA","NA","NA","NA","NA","NA","PR454300100","1996-09-30T00:00:00.000","(18.46022, -66.83184)"
"USGS","50016000","RIO CAMUY NR CAMUY, PR","ST","182825","18.47161","-66.83018","M","S","NAD27","NAD83","72","65","US","NA","CAMUY","  20000","49.2","M","5","NGVD29","21010002"," 2","C","NNNNNNNNNNNNNNNNNNNNNNNNNNNNNN","NA","NA","NA","NA","AST","N","NA","NNNNNNNN","NA","NA","NA","NA","NA","NA","PR454300100","1973-12-31T00:00:00.000","(18.47161, -66.83018)"
"USGS","50020500","RIO GRANDE DE ARECIBO NR ADJUNTAS, PR","ST","181054","18.17968","-66.73629","M","S","NAD27","NAD83","72","1","US","NA","ADJUNTAS","  20000","1449","M","16","NGVD29","21010002","03","C","NNNNNNNNNNNNNNNNNNNNNNNNNNNNNN","NA","19851128","12.7","NA","AST","N","NA","NNNNNNNN","NA","NA","NA","NA","NA","NA","PR454310600","2007-01-29T00:00:00.000","(18.17968, -66.73629)"
"USGS","50021000","RIO PELLEJAS AT CENTRAL PELLEJAS, PR","ST","181207","18.19996","-66.70406","M","S","NAD27","NAD83","72","1","US","NA","ADJUNTAS","  20000","1181.2","M","16","NGVD29","21010002","03","C","NNNNNNNNNNNNNNNNNNNNNNNNNNNNNN","NA","19851128","5.46","NA","AST","N","NA","NNNNNNNN","NA","NA","NA","NA","NA","NA","PR454310600","1970-09-24T00:00:00.000","(18.19996, -66.70406)"
"USGS","50021030","RIO PELLEJAS ABV CENTRAL PELLEJAS, PR","ST","181217","18.20273","-66.70323","M","S","NAD27","NAD83","72","1","US","NA","ADJUNTAS","  20000","1148","M","16","NGVD29","21010002","NA","C","NNNNNNNNNNNNNNNNNNNNNNNNNNNNNN","NA","20000101","6.87","NA","AST","N","NA","NNNNNNNN","NA","NA","NA","NA","NA","NA","PR454300100","2007-01-31T00:00:00.000","(18.20273, -66.70323)"
"USGS","50021050","RIO PELLEJAS BLW CENTRAL PELLEJAS, PR","ST","181222","18.20412","-66.70323","M","S","NAD27","NAD83","72","1","US","NA","ADJUNTAS","  20000","1154.9","M","16","NGVD29","21010002","03","C","NNNNNNNNNNNNNNNNNNNNNNNNNNNNNN","NA","19851128","7.89","NA","AST","N","NA","NNNNNNNN","NA","NA","NA","NA","NA","NA","PR454300100","1974-12-31T00:00:00.000","(18.20412, -66.70323)"
"USGS","50021500","RIO PELLEJAS NR UTUADO, PR","ST","181353","18.2294","-66.71517","M","S","NAD27","NAD83","72","141","US","NA","ADJUNTAS","  20000","885.9","M","16","NGVD29","21010002","03","C","NNNNNNNNNNNNNNNNNNNNNNNNNNNNNN","NA","19851128","9.55","NA","AST","N","NA","NNNNNNNN","NA","NA","NA","NA","NA","NA","PR454300100","1974-12-31T00:00:00.000","(18.2294, -66.71517)"
"USGS","50021700","RIO GRANDE DE ARECIBO ABV UTUADO, PR","ST","181439.1","18.24221","-66.72191","M","S","NAD27","NAD83","72","141","US","NA","ADJUNTAS","  20000","525","M","16","NGVD29","21010002","03","C","YNNNYNNNNNNNNNNNNNNNNNNNNNNNNN","NA","19890213","36","NA","AST","N","NA","NNNNNNNN","NA","NA","NA","NA","NA","NA","PR454300100","2017-02-17T00:00:00.000","(18.24221, -66.72191)"
"USGS","50022810","RIO VIVI BLW HACIENDA EL PROGRESO, PR","ST","181121","18.18718","-66.67184","M","S","NAD27","NAD83","72","141","US","NA","ADJUNTAS","  20000","1710","M","16","NGVD29","21010002","NA","C","NNNNNNNNNNNNNNNNNNNNNNNNNNNNNN","NA","20001101","2.99","NA","AST","N","NA","NNNNNNNN","NA","NA","NA","NA","NA","NA","PR454300100","2007-01-30T00:00:00.000","(18.18718, -66.67184)"
"USGS","50023000","RIO VIVI NR CENTRAL PELLEJAS, PR","ST","181252","18.21246","-66.67323","M","S","NAD27","NAD83","72","141","US","NA","ADJUNTAS","  20000","1378","M","16","NGVD29","21010002","03","C","NNNNNNNNNNNNNNNNNNNNNNNNNNNNNN","NA","19851128","5.66","NA","AST","N","NA","NNNNNNNN","NA","NA","NA","NA","NA","NA","PR454310600","1974-12-31T00:00:00.000","(18.21246, -66.67323)"
"USGS","50024400","RIO VIVI NR UTUADO, PR","ST","181520","18.25357","-66.67878","M","S","NAD27","NAD83","72","141","US","NA","UTUADO","  20000","574","M","16","NGVD29","21010002","NA","C","NNNNNNNNNNNNNNNNNNNNNNNNNNNNNN","NA","20000118","11.7","NA","AST","N","NA","NNNNNNNN","NA","NA","NA","NA","NA","NA","PR454300100","2003-03-16T00:00:00.000","(18.25357, -66.67878)"
"USGS","50024950","RIO GRANDE DE ARECIBO BLW UTUADO, PR","ST","181807.5","18.3001","-66.70372","M","S","NAD27","NAD83","72","141","US","NA","UTUADO","  20000","295.3","M","16","NGVD29","21010002","03","C","NNNNYNNNNYNNNNNNNNNNNNNNNNNNNN","NA","19960322","65.6","NA","AST","N","NA","NNNNNNNN","NA","NA","NA","NA","NA","NA","PR454300100","2017-02-17T00:00:00.000","(18.3001, -66.70372)"
"USGS","50025155","RIO SALIENTE AT COABEY NR JAYUYA, PR","ST","181246.1","18.21083","-66.5628","N","S","NAD27","NAD83","72","73","US","NA","JAYUYA","  20000","1700","M","16","NGVD29","21010002"," 3","C","NNNNYNNNNYNNNYNNNNNNNNNNNNNNNN","NA","19890707","9.25","NA","AST","N","NA","NNNNNNNN","NA","NA","NA","NA","NA","NA","PR454300100","2017-02-17T00:00:00.000","(18.21083, -66.5628)"
"USGS","50025850","RIO JAUCA AT PASO PALMA, PR","ST","181250","18.2119","-66.64517","M","S","NAD27","NAD83","72","1","US","NA","ADJUNTAS","  20000","1177","M","16","NGVD29","21010002","NA","C","NNNNNNNNNNNNNNNNNNNNNNNNNNNNNN","NA","20000612","6.89","NA","AST","N","NA","NNNNNNNN","NA","NA","NA","NA","NA","NA","PR454300100","2007-01-26T00:00:00.000","(18.2119, -66.64517)"
"USGS","50026025","RIO CAONILLAS AT PASO PALMA, PR","ST","181353.1","18.22943","-66.63671","M","S","NAD27","NAD83","72","73","US","NA","ADJUNTAS","  20000","964.61","M","16","NGVD29","21010002","04","C","NNNNYNNNNYNNNNNNNNNNNNNNNNNNNN","NA","19950913","37.98","NA","AST","N","NA","NNNNNNNN","NA","NA","NA","NA","NA","NA","PR454300100","2017-02-17T00:00:00.000","(18.22943, -66.63671)"
"USGS","50026100","RIO CAONILLAS NR UTUADO, PR","ST","181522","18.25412","-66.65434","M","S","NAD27","NAD83","72","141","US","NA","ADJUNTAS","  20000","0","M","1","NGVD29","21010002"," 3","C","NNNNNNNNNNNNNNNNNNNNNNNNNNNNNN","NA","19851128","43.9","NA","AST","N","NA","NNNNNNNN","NA","NA","NA","NA","NA","NA","PR454300100","1948-12-31T00:00:00.000","(18.25412, -66.65434)"
"USGS","50026200","RIO CAONILLAS BLW LAGO CAONILLAS TUNNEL, PR","ST","181757","18.29717","-66.64295","M","S","NAD27","NAD83","72","141","US","NA","UTUADO","  20000","295","M","16","NGVD29","21010002","NA","C","NNNNNNNNNNNNNNNNNNNNNNNNNNNNNN","NA","20000118","50.8","NA","AST","N","NA","NNNNNNNN","NA","NA","NA","NA","NA","NA","PR454300100","2006-09-30T00:00:00.000","(18.29717, -66.64295)"
"USGS","50026400","RIO YUNES AT HWY 140 NR FLORIDA, PR","ST","181927","18.32217","-66.58656","M","S","NAD27","NAD83","72","54","US","NA","FLORIDA","  20000","492.2","M","16","NGVD29","21010002","NA","C","NNNNNNNNNNNNNNNNNNNNNNNNNNNNNN","NA","20000217","13.99","NA","AST","N","NA","NNNNNNNN","NA","NA","NA","NA","NA","NA","PR4543001","2007-01-25T00:00:00.000","(18.32217, -66.58656)"
"USGS","50027000","RIO LIMON ABV LAGO DOS BOCAS, PR","ST","181933.9","18.3241","-66.62065","M","S","NAD27","NAD83","72","141","US","NA","UTUADO","  20000","328.1","M","16","NGVD29","21010002"," 3","C","NNNNYNNNNYNNNNNNNNNNNNNNNNNNNN","NA","19851128","33.2","NA","AST","N","NA","NNNNNNNN","NA","NA","NA","NA","NA","NA","PR454300100","2017-02-17T00:00:00.000","(18.3241, -66.62065)"
"USGS","50027200","RIO GRANDE DE ARECIBO BLW LAGO DOS BOCAS DAM, PR","ST","182017","18.33606","-66.6674","M","S","NAD27","NAD83","72","13","US","NA","UTUADO","  20000","164.1","M","16","NGVD29","21010002"," 3","C","NNNNNNNNNNNNNNNNNNNNNNNNNNNNNN","NA","19851128","169","NA","AST","N","NA","NNNNNNNN","NA","NA","NA","NA","NA","NA","PR454300100","1971-05-24T00:00:00.000","(18.33606, -66.6674)"
"USGS","50027250","RIO GDE. DE ARECIBO BLW LAGO DOS BOCAS NR FLORIDA","ST","182050","18.34523","-66.66684","M","S","NAD27","NAD83","72","13","US","NA","UTUADO","  20000","131.23","M","16","NGVD29","21010002"," 3","C","NNNNNNNNNNNNNNNNNNNNNNNNNNNNNN","NA","19851128","169","162.9","AST","N","NA","NNNNNNNN","NA","NA","NA","NA","NA","NA","PR454300100","2002-09-30T00:00:00.000","(18.34523, -66.66684)"
"USGS","50027600","RIO GRANDE DE ARECIBO NR SAN PEDRO, PR","ST","182355.8","18.39682","-66.69118","M","S","NAD27","NAD83","72","13","US","NA","ARECIBO","  20000","49.2","M","16","NGVD29","21010002"," 3","C","NNNNYNNNNYNNNNNNNNNNNNNNNNNNNN","NA","20010516","173.7","NA","AST","N","NA","NNNNNNNN","NA","NA","NA","NA","NA","NA","PR454300100","2017-02-17T00:00:00.000","(18.39682, -66.69118)"
"USGS","50027750","RIO GRANDE DE ARECIBO ABV ARECIBO, PR","ST","182522","18.42078","-66.69906","M","S","NAD27","NAD83","72","13","US","NA","ARECIBO","  20000","30","M","16","NGVD29","21010002"," 3","C","NNNNNNNNNNNNNNNNNNNNNNNNNNNNNN","NA","19820607","175","NA","AST","N","NA","NNNNNNNN","NA","NA","NA","NA","NA","NA","PR454300100","2002-09-30T00:00:00.000","(18.42078, -66.69906)"
"USGS","50027850","RIO TANAMA NR TANAMA, UTUADO, PR","ST","181334.8","18.22435","-66.77945","G","5","NAD27","NAD83","72","141","US","NA","MONTE GUILARTE","  20000","1877.25","N","10","NGVD29","21010002","03","W","NNNNNNNNNNNNNNNNNNNNNNNNNNNNNN","NA","20090224","3.78","3.78","AST","N","C"," Y","NA","NA","NA","NA","NA","NA","PR251600100","2011-09-30T00:00:00.000","(18.22435, -66.77945)"
"USGS","50027880","RIO GUAONICA NEAR UTUADO, UTUADO, PR","ST","181440.8","18.24267","-66.7421","G","1","NAD27","NAD83","72","141","US","NA","ADJUNTAS","  20000","900","M","5","NGVD29","21010002","NA","C","NNNNNNNNNNNNNNNNNNNNNNNNNNNNNN","NA","20081212","2.52","2.52","AST","N","C","NA","NA","NA","NA","NA","NA","NA","PR2516DKQ","2011-09-30T00:00:00.000","(18.24267, -66.7421)"
"USGS","50028000","RIO TANAMA NR UTUADO, PR","ST","181802.6","18.29873","-66.78263","M","S","NAD27","NAD83","72","141","US","NA","UTUADO","  20000","948","M","16","NGVD29","21010002"," 3","C","NNNNYNNNNYNNNYNNNNNNNNNNNNNNNN","NA","19591201","18.4","NA","AST","N","NA","NNNNNNNN","NA","NA","NA","NA","NA","NA","PR454300100","2017-02-17T00:00:00.000","(18.29873, -66.78263)"
"USGS","50028400","RIO TANAMA AT CHARCO HONDO, PR","ST","182450.8","18.4121","-66.71433","N","5","NAD27","NAD83","72","13","US","NA","ARECIBO","  20000","47.57","M","1.6","NGVD29","21010002"," 3","C","NNNNYNNNNYNNNNNNNNNNNNNNNNNNNN","NA","19690228","22.2","NA","AST","N","NA","NNNNNNNN","NA","NA","NA","NA","NA","NA","PR454300100","2017-02-17T00:00:00.000","(18.4121, -66.71433)"
"USGS","50029000","RIO GRANDE DE ARECIBO AT CENTRAL CAMBALACHE, PR","ST","182719.9","18.45353","-66.70207","M","S","NAD27","NAD83","72","13","US","NA","ARECIBO","  20000","9.84","M","16","NGVD29","21010002","03","C","NNNNYNNNNYNNNYNNNNNNNNNNNNNNNN","NA","19630106","200","NA","AST","N","NA","NNNNNNNN","NA","NA","NA","NA","NA","NA","PR454300100","2017-02-17T00:00:00.000","(18.45353, -66.70207)"
"USGS","50030460","RIO OROCOVIS AT OROCOVIS, PR","ST","181325","18.22162","-66.39239","M","S","NAD27","NAD83","72","107","US","NA","OROCOVIS","  20000","1673.3","M","16","NGVD29","21010002"," 4","C","NNNNNNNNNNNNNNNNNNNNNNNNNNNNNN","NA","19880927","5.03","NA","AST","N","NA","NNNNNNNN","NA","NA","NA","NA","NA","NA","PR454300100","2006-03-07T00:00:00.000","(18.22162, -66.39239)"
"USGS","50031200","RIO GRANDE DE MANATI NR MOROVIS, PR","ST","181744.6","18.29372","-66.41335","M","S","NAD27","NAD83","72","107","US","NA","CIALES","  20000","460","M","16","NGVD29","21010002","04","C","NNNNYNNNNYNNNNNNNNNNNNNNNNNNNN","NA","19650101","55.2","NA","AST","N","NA","NNNNNNNN","NA","NA","NA","NA","NA","NA","PR454300100","2017-02-17T00:00:00.000","(18.29372, -66.41335)"
"USGS","50031500","RIO SANA MUERTO NR OROCOVIS, PR","ST","181614","18.26857","-66.41267","M","S","NAD27","NAD83","72","101","US","NA","CIALES","  20000","1706","M","16","NGVD29","21010002","04","C","NNNNNNNNNNNNNNNNNNNNNNNNNNNNNN","NA","19940310","3.68","NA","AST","N","NA","NNNNNNNN","NA","NA","NA","NA","NA","NA","PR454310600","1970-10-08T00:00:00.000","(18.26857, -66.41267)"
"USGS","50033500","RIO BAUTA NR DIVISORIA, PR","ST","181145","18.19385","-66.44128","M","S","NAD27","NAD83","72","107","US","NA","OROCOVIS","  20000","1706.1","M","16","NGVD29","21010002","04","C","NNNNNNNNNNNNNNNNNNNNNNNNNNNNNN","NA","19851128","8.6","NA","AST","N","NA","NNNNNNNN","NA","NA","NA","NA","NA","NA","PR454310600","1954-09-30T00:00:00.000","(18.19385, -66.44128)"
"USGS","50034000","RIO BAUTA NR OROCOVIS, PR","ST","181409.4","18.23397","-66.45444","N","S","NAD27","NAD83","72","107","US","NA","OROCOVIS","  20000","820.3","M","16","NGVD29","21010002"," 4","C","NNNNYNNNNYNNNNNNNNNNNNNNNNNNNN","NA","19880927","16.7","NA","AST","N","NA","NNNNNNNN","NA","NA","NA","NA","NA","NA","PR454300100","2017-02-17T00:00:00.000","(18.23397, -66.45444)"
"USGS","50035000","RIO GRANDE DE MANATI AT CIALES, PR","ST","181928","18.32244","-66.45957","M","S","NAD27","NAD83","72","39","US","NA","CIALES","  20000","140","M","16","NGVD29","21010002","04","C","NNNNYNNNNYNNNNNNNNNNNNNNNNNNNN","NA","19601001","128","NA","AST","N","NA","NNNNNNNN","NA","NA","NA","NA","NA","NA","PR454300100","2017-02-17T00:00:00.000","(18.32244, -66.45957)"
"USGS","50035200","RIO GRANDE DE MANATI AT HWY 145 AT CIALES, PR","ST","182015","18.33551","-66.46323","M","S","NAD27","NAD83","72","101","US","NA","CIALES","  20000","1870.2","M","16","NGVD29","21010002","04","C","NNNNNNNNNNNNNNNNNNNNNNNNNNNNNN","NA","NA","132","NA","AST","N","NA","NNNNNNNN","NA","NA","NA","NA","NA","NA","PR454300100","1973-06-11T00:00:00.000","(18.33551, -66.46323)"
"USGS","50035950","RIO CIALITOS AT HWY 649 AT CIALES, PR","ST","182018","18.33634","-66.47406","M","S","NAD27","NAD83","72","39","US","NA","CIALES","  20000","131.2","M","16","NGVD29","21010002","04","C","NNNNNNNNNNNNNNNNNNNNNNNNNNNNNN","NA","1969","17","NA","AST","N","NA","NNNNNNNN","NA","NA","NA","NA","NA","NA","PR454310600","1971-04-15T00:00:00.000","(18.33634, -66.47406)"
"USGS","50038100","RIO GRANDE DE MANATI AT HWY 2 NR MANATI, PR","ST","182551.5","18.42897","-66.52647","M","S","NAD27","NAD83","72","91","US","NA","BARCELONETA","  20000","14","M","3","NGVD29","21010002"," 4","C","NNNNYNNNNYNNNYNNNNNNNNNNNNNNNN","NA","19700101","197","NA","AST","N","NA","NNNNNNNN","NA","NA","NA","NA","NA","NA","PR454300100","2017-02-17T00:00:00.000","(18.42897, -66.52647)"
"USGS","50038320","RIO CIBUCO BLW COROZAL, PR","ST","182113","18.35162","-66.33489","M","S","NAD27","NAD83","72","47","US","NA","COROZAL","  20000","195","M","16","NGVD29","21010002"," 6","C","YNNNYNNNNYNNNNNNNNNNNNNNNNNNNN","NA","19690501","15.1","NA","AST","N","NA","NNNNNNNN","NA","NA","NA","NA","NA","NA","PR454300100","2017-02-17T00:00:00.000","(18.35162, -66.33489)"
"USGS","50038360","RIO MAVILLA NR COROZAL, PR","LK","182114","18.3519","-66.29711","M","S","NAD27","NAD83","72","105","US","NA","COROZAL","  20000","229.7","M","16","NGVD29","21010002"," 6","C","NNNNNNNNNNNNNNNNNNNNNNNNNNNNNN","NA","19851128","9.51","NA","AST","N","NA","NNNNNNNN","NA","NA","NA","NA","NA","NA","PR454300100","1970-12-31T00:00:00.000","(18.3519, -66.29711)"
"USGS","50038600","RIO UNIBON NR MOROVIS, PR","ST","182028","18.33912","-66.376","M","S","NAD27","NAD83","72","143","US","NA","VEGA ALTA","  20000","492.1","M","16","NGVD29","21010002","06","C","NNNNNNNNNNNNNNNNNNNNNNNNNNNNNN","NA","NA","5.29","NA","AST","N","NA","NNNNNNNN","NA","NA","NA","NA","NA","NA","PR454300100","1970-11-09T00:00:00.000","(18.33912, -66.376)"
"USGS","50039500","RIO CIBUCO AT VEGA BAJA, PR","ST","182650.4","18.44533","-66.37399","M","S","NAD27","NAD83","72","145","US","NA","MANATI","  20000","32.8","M","1","NGVD29","21010002"," 6","C","NNNNYNNNNYNNNNNNNNNNNNNNNNNNNN","NA","19730112","99.1","NA","AST","N","NA","NNNNNNNN","NA","NA","NA","NA","NA","NA","PR454300100","2017-02-17T00:00:00.000","(18.44533, -66.37399)"
"USGS","50039600","RIO CIBUCO AT CENTRAL SAN VICENTE, PR","ST","182742","18.45967","-66.36517","M","S","NAD27","NAD83","72","145","US","NA","VEGA ALTA","  20000","16.4","M","3","NGVD29","21010002"," 6","C","NNNNNNNNNNNNNNNNNNNNNNNNNNNNNN","NA","19851128","NA","NA","AST","N","NA","NNNNNNNN","NA","NA","NA","NA","NA","NA","PR454300100","1972-06-04T00:00:00.000","(18.45967, -66.36517)"
"USGS","50039995","LAGO CARITE AT SPILLWAY, PR","LK","180438","18.07524","-66.10683","G","S","NAD27","NAD83","72","57","US","NA","PATILLAS","  20000","1782","G","16","NGVD29","21010005","NA","L","NNNNYNNNNYNNNYNNNNNNNNNNNNNNNN","NA","20050517","8.2","NA","AST","N","NA","NA","NA","NA","NA","NA","NA","NA","PR251600100","2017-02-17T00:00:00.000","(18.07524, -66.10683)"
"USGS","50040000","RIO DE LA PLATA AT LAGO CARITE, PR","ST","180442","18.07635","-66.106","M","S","NAD27","NAD83","72","57","US","NA","PATILLAS","  20000","1903","M","16","NGVD29","21010004"," 7","C","NNNNNNNNNNNNNNNNNNNNNNNNNNNNNN","NA","19851128","8.2","NA","AST","N","NA","NNNNNNNN","NA","NA","NA","NA","NA","NA","PR454300100","1967-12-31T00:00:00.000","(18.07635, -66.106)"
"USGS","50043000","RIO DE LA PLATA AT PROYECTO LA PLATA, PR","ST","180936","18.15801","-66.2285","M","S","NAD27","NAD83","72","9","US","NA","COMERIO","  20000","850","M","16","NGVD29","21010005","07","C","NNNNYNNNNYNNNYNNNNNNNNNNNNNNNN","NA","19600401","54.8","NA","AST","N","NA","NNNNNNNN","NA","NA","NA","NA","NA","NA","PR454300100","2013-09-30T00:00:00.000","(18.15801, -66.2285)"
"USGS","50043197","RIO USABON AT HWY 162 NR BARRANQUITAS, PR","ST","180941.5","18.15955","-66.30904","N","5","NAD27","NAD83","72","9","US","NA","BARRANQUITAS","  20000","1850","M","16","NGVD29","21010005","07","C","NNNNYNNNNYNNNYNNNNNNNNNNNNNNNN","NA","19940323","8.56","NA","AST","N","C","NNNNNNNN","NA","NA","NA","NA","NA","NA","PR454310600","2017-02-17T00:00:00.000","(18.15955, -66.30904)"
"USGS","50043800","RIO DE LA PLATA AT COMERIO, PR","ST","181319.8","18.22017","-66.22423","M","S","NAD27","NAD83","72","45","US","NA","COMERIO","  20000","620","M","16","NGVD29","21010005","07","C","NNNNYNNNNYNNNNNNNNNNNNNNNNNNNN","NA","19881213","108.5","NA","AST","N","NA","NNNNNNNN","NA","NA","NA","NA","NA","NA","PR454300100","2017-02-17T00:00:00.000","(18.22017, -66.22423)"
"USGS","50044810","RIO GUADIANA NR GUADIANA, NARANJITO PR","ST","181805","18.29941","-66.22819","M","S","NAD27","NAD83","72","105","US","NA","NARANJITO","  20000","229","G","16","NGVD29","21010005","07","C","NNNNYNNNNYNNNNNNNNNNNNNNNNNNNN","NA","20010312","8.06","NA","AST","N","NA","NNNNNNNN","NA","NA","NA","NA","NA","NA","PR454300400","2017-02-17T00:00:00.000","(18.29941, -66.22819)"
"USGS","50044830","RIO GUADIANA AT GUADIANA, PR","ST","181808","18.30023","-66.22433","M","S","NAD27","NAD83","72","105","US","NA","NARANJITO","  20000","229.67","M","16","NGVD29","21010005","07","C","NNNNNNNNNNNNNNNNNNNNNNNNNNNNNN","NA","19900801","9.19","NA","AST","N","NA","NNNNNNNN","NA","NA","NA","NA","NA","NA","PR454300400","1996-09-30T00:00:00.000","(18.30023, -66.22433)"
"USGS","50045010","RIO DE LA PLATA BLW LA PLATA DAMSITE, PR","ST","182045.6","18.34401","-66.23843","G","5","NAD27","NAD83","72","135","US","NA","NARANJITO","  20000","80","M","5","NGVD29","21010005"," 7","C","NNNNYNNNNYNNNNNNNNNNNNNNNNNNNN","NA","19890707","173","172.8","AST","N","C","NNNNNNNN","NA","NA","NA","NA","NA","NA","PR454300100","2017-02-17T00:00:00.000","(18.34401, -66.23843)"
"USGS","50045700","RIO LAJAS AT TOA ALTA, PR","ST","182328","18.38912","-66.25739","M","S","NAD27","NAD83","72","51","US","NA","VEGA ALTA","  20000","65.6","M","3","NGVD29","21010002"," 7","C","NNNNNNNNNNNNNNNNNNNNNNNNNNNNNN","NA","19851128","8.65","NA","AST","N","NA","NNNNNNNN","NA","NA","NA","NA","NA","NA","PR454300100","1974-12-31T00:00:00.000","(18.38912, -66.25739)"
"USGS","50046000","RIO DE LA PLATA AT HWY 2 NR TOA ALTA, PR","ST","182441.7","18.40959","-66.26057","M","S","NAD27","NAD83","72","51","US","NA","VEGA ALTA","  20000","9.15","M","1","NGVD29","21010005"," 7","C","NNNNYNNNNYNNNNNNNNNNNNNNNNNNNN","NA","19600101","208","NA","AST","N","NA","NNNNNNNN","NA","NA","NA","NA","NA","NA","PR454300100","2017-02-17T00:00:00.000","(18.40959, -66.26057)"
"USGS","50047535","RIO DE BAYAMON AT ARENAS, PR","ST","181009","18.16718","-66.12156","M","S","NAD27","NAD83","72","41","US","NA","CAGUAS","  20000","1378","M","16","NGVD29","21010005","NA","C","NNNNYNNNNYNNNNNNNNNNNNNNNNNNNN","NA","19920818","0.45","0.45","AST","N","NA","NNNNNNNN","NA","NA","NA","NA","NA","NA","PR454312200","2017-02-17T00:00:00.000","(18.16718, -66.12156)"
"USGS","50047540","RIO SABANA AT VISTA MONTE, PR","ST","181028","18.17246","-66.1435","M","S","NAD27","NAD83","72","41","US","NA","COMERIO","  20000","1345","M","16","NGVD29","21010006","NA","C","NNNNNNNNNNNNNNNNNNNNNNNNNNNNNN","NA","19920818","0.8","NA","AST","N","NA","NNNNNNNN","NA","NA","NA","NA","NA","NA","PR454312200","2002-09-30T00:00:00.000","(18.17246, -66.1435)"
"USGS","50047545","QUEBRADA PRIETA NR CIDRA, PR","ST","181214","18.2019","-66.11906","M","S","NAD27","NAD83","72","41","US","NA","CAGUAS","  20000","410","M","16","NGVD29","NA","NA","NA","NNNNNNNNNNNNNNNNNNNNNNNNNNNNNN","NA","19920818","0.45","0.45","AST","N","NA","NNNNNNNN","NA","NA","NA","NA","NA","NA","PR454312200","1993-09-29T00:00:00.000","(18.2019, -66.11906)"
"USGS","50047560","RIO DE BAYAMON BLW LAGO DE CIDRA DAM, PR","ST","181210","18.20079","-66.13878","M","S","NAD27","NAD83","72","41","US","NA","COMERIO","  20000","1279.5","M","16","NGVD29","21010005","09","C","NNNNYNNNNYNNNNNNNNNNNNNNNNNNNN","NA","19900829","8.32","NA","AST","N","NA","NNNNNNNN","NA","NA","NA","NA","NA","NA","PR454300400","2017-02-17T00:00:00.000","(18.20079, -66.13878)"
"USGS","50047820","RIO DE BAYAMON AT HWY 174 NR BAYAMON, PR","ST","181810","18.30079","-66.14044","M","S","NAD27","NAD83","72","21","US","NA","NARANJITO","  20000","492.2","M","3","NGVD29","21010005","NA","C","NNNNNNNNNNNNNNNNNNNNNNNNNNNNNN","NA","NA","31.9","NA","AST","N","NA","NNNNNNNN","NA","NA","NA","NA","NA","NA","PR454300100","1969-11-23T00:00:00.000","(18.30079, -66.14044)"
"USGS","50047850","RIO DE BAYAMON NR BAYAMON, PR","ST","182003.4","18.33228","-66.13909","M","S","NAD27","NAD83","72","21","US","NA","NARANJITO","  20000","98","N","3","NGVD29","21010005","NA","C","NNNNYNNNNYNNNNNNNNNNNNNNNNNNNN","NA","19870401","41.8","NA","AST","N","NA","NNNNNNNN","NA","NA","NA","NA","NA","NA","PR454300100","2017-02-17T00:00:00.000","(18.33228, -66.13909)"
"USGS","50048000","RIO DE BAYAMON AT BAYAMON, PR","ST","182353","18.39606","-66.13989","M","S","NAD27","NAD83","72","21","US","NA","BAYAMON","  20000","16.4","M","3","NGVD29","21010005","NA","C","NNNNNNNNNNNNNNNNNNNNNNNNNNNNNN","NA","NA","71.9","NA","AST","N","NA","NNNNNNNN","NA","NA","NA","NA","NA","NA","PR454300100","1974-12-30T00:00:00.000","(18.39606, -66.13989)"
"USGS","50048690","QUEBRADA LAS CURIAS BLW LAS CURIAS OUTFLOW, PR","ST","182042","18.34301","-66.05183","M","S","NAD27","NAD83","72","127","US","NA","AGUAS BUENAS","  20000","260","M","16","NGVD29","21010005","NA","C","NNNNNNNNNNNNNNNNNNNNNNNNNNNNNN","NA","19970613","1.08","NA","AST","N","NA","NNNNNNNN","NA","NA","NA","NA","NA","NA","W2016012443","2015-09-30T00:00:00.000","(18.34301, -66.05183)"
"USGS","50048700","QUEBRADA LAS CURIAS NR RIO PIEDRAS, PR","ST","182044","18.34356","-66.05683","M","S","NAD27","NAD83","72","127","US","NA","AGUAS BUENAS","  20000","196.9","M","16","NGVD29","21010005","12","C","NNNNNNNNNNNNNNNNNNNNNNNNNNNNNN","NA","19851128","1.65","NA","AST","N","NA","NNNNNNNN","NA","NA","NA","NA","NA","NA","PR454300100","1972-12-11T00:00:00.000","(18.34356, -66.05683)"
"USGS","50048750","QUEBRADA LAS CURIAS TRIBUTARY NR CAIMITO, PR","ST","182019","18.33662","-66.05878","M","S","NAD27","NAD83","72","127","US","NA","AGUAS BUENAS","  20000","230","M","16","NGVD29","21010005","10","C","NNNNNNNNNNNNNNNNNNNNNNNNNNNNNN","NA","19851128","1.73","NA","AST","N","NA","NNNNNNNN","NA","NA","NA","NA","NA","NA","PR454310600","1973-02-11T00:00:00.000","(18.33662, -66.05878)"
"USGS","50048770","RIO PIEDRAS AT EL SENORIAL, PR","ST","182147.8","18.36127","-66.06541","M","S","NAD27","NAD83","72","127","US","NA","AGUAS BUENAS","  20000","196.9","M","3","NGVD29","21010005","NA","C","NNNNNNNNNNNNNNNNNNNNNNNNNNNNNN","NA","19880325","7.49","NA","AST","N","NA","NNNNNNNN","NA","NA","NA","NA","NA","NA","W2016012444","2015-09-30T00:00:00.000","(18.36127, -66.06541)"
"USGS","50048800","RIO PIEDRAS NR RIO PIEDRAS, PR","ST","182215","18.36884","-66.06072","M","S","NAD27","NAD83","72","127","US","NA","AGUAS BUENAS","  20000","98.4","M","3.3","NGVD29","21010005","10","C","NNNNNNNNNNNNNNNNNNNNNNNNNNNNNN","NA","1972","8.17","NA","AST","N","NA","NNNNNNNN","NA","NA","NA","NA","NA","NA","PR454300100","1973-02-15T00:00:00.000","(18.36884, -66.06072)"
"USGS","50049000","RIO PIEDRAS AT RIO PIEDRAS, PR","ST","182348","18.39467","-66.05628","M","S","NAD27","NAD83","72","127","US","NA","SAN JUAN","  20000","164.1","M","1","NGVD29","21010005","10","C","NNNNNNNNNNNNNNNNNNNNNNNNNNNNNN","NA","19871113","12.5","NA","AST","N","NA","NNNNNNNN","NA","NA","NA","NA","NA","NA","PR454300100","1993-11-01T00:00:00.000","(18.39467, -66.05628)"
"USGS","50049100","RIO PIEDRAS AT HATO REY, PR","ST","182434.4","18.40755","-66.06894","M","S","NAD27","NAD83","72","127","US","NA","SAN JUAN","  20000","16.4","M","3","NGVD29","21010005","10","C","NNNNYNNNNYNNNNNNNNNNNNNNNNNNNN","NA","19851128","15.2","NA","AST","N","NA","NNNNNNNN","NA","NA","NA","NA","NA","NA","PR454300100","2017-02-17T00:00:00.000","(18.40755, -66.06894)"
"USGS","50049300","QUEBRADA JOSEFINA AT PUERTO NUEVO, PR","ST","182425","18.40495","-66.07517","M","S","NAD27","NAD83","72","127","US","NA","SAN JUAN","  20000","16.4","M","3","NGVD29","21010005","10","C","NNNNNNNNNNNNNNNNNNNNNNNNNNNNNN","NA","19851128","3.66","NA","AST","N","NA","NNNNNNNN","NA","NA","NA","NA","NA","NA","PR454300100","1971-10-31T00:00:00.000","(18.40495, -66.07517)"
"USGS","50049310","QUEBRADA JOSEFINA AT PINERO AVENUE, PR","ST","182433","18.40717","-66.07517","M","S","NAD27","NAD83","72","127","US","NA","SAN JUAN","  20000","22.9","M","3","NGVD29","21010005","10","C","NNNNNNNNNNNNNNNNNNNNNNNNNNNNNN","NA","19860326","19","NA","AST","N","NA","NNNNNNNN","NA","NA","NA","NA","NA","NA","PR454300100","1990-11-26T00:00:00.000","(18.40717, -66.07517)"
"USGS","50049600","QUEBRADA MARGARITA AT QUEBRADA HEIGHTS, PR","ST","182433","18.40717","-66.10461","M","S","NAD27","NAD83","72","61","US","NA","SAN JUAN","  20000","32.8","M","2.5","NGVD29","21010005","12","C","NNNNNNNNNNNNNNNNNNNNNNNNNNNNNN","NA","19851128","1.77","NA","AST","N","NA","NNNNNNNN","NA","NA","NA","NA","NA","NA","PR454300100","1973-02-01T00:00:00.000","(18.40717, -66.10461)"
"USGS","50049620","QDA. MARGARITA AT CAPARRA INTER. NR GUAYNABO, PR","ST","182455.9","18.41353","-66.10297","N","5","NAD27","NAD83","72","61","US","NA","SAN JUAN","  20000","6.56","M","2.5","PRVD02","21010005","19","C","NNNNYNYNNYNNNYNNNNNNNNNNNNNNNN","NA","19851128","2.39","NA","AST","N","C","NYNNNNNN","NA","NA","NA","NA","NA","NA","PR454300100","2017-02-17T00:00:00.000","(18.41353, -66.10297)"
"USGS","50050900","RIO GRANDE DE LOIZA AT QUEBRADA ARENAS, PR","ST","180712","18.11802","-65.98822","M","S","NAD27","NAD83","72","129","US","NA","JUNCOS","  20000","640","M","16","NGVD29","21010005","12","C","YNNNYNNNNNNNNNNNNNNNNNNNNNNNNN","NA","19971001","6","NA","AST","N","NA","NNNNNNNN","NA","NA","NA","NA","NA","NA","PR454300100","2017-02-17T00:00:00.000","(18.11802, -65.98822)"
"USGS","50051150","QUEBRADA BLANCA AT EL JAGUAL, PR","ST","180940","18.15913","-65.98239","M","S","NAD27","NAD83","72","129","US","NA","JUNCOS","  20000","426.5","M","16","NGVD29","21010005","12","C","NNNNNNNNNNNNNNNNNNNNNNNNNNNNNN","NA","19840911","3.25","NA","AST","N","NA","NNNNNNNN","NA","NA","NA","NA","NA","NA","PR454300100","2002-10-28T00:00:00.000","(18.15913, -65.98239)"
"USGS","50051180","QUEBRADA SALVATIERRA NR SAN LORENZO, PR","ST","181024","18.17135","-65.97683","M","S","NAD27","NAD83","72","129","US","NA","JUNCOS","  20000","330","M","16","NGVD29","21010005","12","C","NNNNNNNNNNNNNNNNNNNNNNNNNNNNNN","NA","19840501","3.74","NA","AST","N","NA","NNNNNNNN","NA","NA","NA","NA","NA","NA","PR454300100","2006-03-28T00:00:00.000","(18.17135, -65.97683)"
"USGS","50051310","RIO CAYAGUAS AT CERRO GORDO, PR","ST","180913.9","18.15188","-65.95631","N","5","NAD27","NAD83","72","129","US","NA","JUNCOS","  20000","524.92","N","32","NGVD29","21010005","12","C","NNNNYNNNNYNNNYNNNNNNNNNNNNNNNN","NA","19770915","10.1","NA","AST","N","NA","NNNNNNNN","NA","NA","NA","NA","NA","NA","PR454300100","2017-02-17T00:00:00.000","(18.15188, -65.95631)"
"USGS","50051800","RIO GRANDE DE LOIZA AT HWY 183 SAN LORENZO, PR","ST","181108.5","18.18372","-65.96106","N","5","NAD27","NAD83","72","129","US","NA","JUNCOS","  20000","263.16","M","16","NGVD29","21010005","12","C","NNNNYNNNNYNNNNNNNNNNNNNNNNNNNN","NA","19891204","41.09","NA","AST","N","NA","NNNNNNNN","NA","NA","NA","NA","NA","NA","PR454310400","2017-02-17T00:00:00.000","(18.18372, -65.96106)"
"USGS","50053025","RIO TURABO ABV BORINQUEN, PR","ST","180944","18.16024","-66.03961","M","S","NAD27","NAD83","72","25","US","NA","CAGUAS","  20000","492.13","M","16","NGVD29","21010005","12","C","NNNNYNNNNYNNNNNNNNNNNNNNNNNNNN","NA","19891204","7.16","NA","AST","N","NA","NNNNNNNN","NA","NA","NA","NA","NA","NA","PR454310400","2017-02-17T00:00:00.000","(18.16024, -66.03961)"
"USGS","50053050","RIO TURABO AT BORINQUEN, PR","ST","181010","18.16746","-66.04322","M","S","NAD27","NAD83","72","25","US","NA","CAGUAS","  20000","430","M","16","NGVD29","21010005","12","C","NNNNNNNNNNNNNNNNNNNNNNNNNNNNNN","NA","19831221","7.89","NA","AST","N","NA","NNNNNNNN","NA","NA","NA","NA","NA","NA","PR454300100","1990-04-16T00:00:00.000","(18.16746, -66.04322)"
"USGS","50055000","RIO GRANDE DE LOIZA AT CAGUAS, PR","ST","181433.7","18.2407","-66.0092","M","S","NAD27","NAD83","72","25","US","NA","CAGUAS","  20000","164.04","M","16","NGVD29","21010005","12","C","NNNNYNNNNYNNNNNNNNNNNNNNNNNNNN","NA","19591117","89.8","NA","AST","N","NA","NNNNNNNN","NA","NA","NA","NA","NA","NA","PR454300100","2017-02-17T00:00:00.000","(18.2407, -66.0092)"
"USGS","50055100","RIO CAGUITAS NR AGUAS BUENAS, PR","ST","181448","18.24468","-66.09322","M","S","NAD27","NAD83","72","7","US","NA","CAGUAS","  20000","410.1","M","16","NGVD29","21010005","12","C","NNNNNNNNNNNNNNNNNNNNNNNNNNNNNN","NA","19891204","5.3","NA","AST","N","NA","NNNNNNNN","NA","NA","NA","NA","NA","NA","PR454310400","2003-09-30T00:00:00.000","(18.24468, -66.09322)"
"USGS","50055170","RIO CAGUITAS NR CAGUAS, PR","ST","181359","18.23107","-66.04767","M","S","NAD27","NAD83","72","25","US","NA","CAGUAS","  20000","216.5","M","16","NGVD29","21010005","12","C","NNNNNNNNNNNNNNNNNNNNNNNNNNNNNN","NA","19920527","8.27","NA","AST","N","NA","NNNNNNNN","NA","NA","NA","NA","NA","NA","PR4543001001","1997-09-30T00:00:00.000","(18.23107, -66.04767)"
"USGS","50055225","RIO CAGUITAS AT VILLA BLANCA AT CAGUAS, PR","ST","181455.3","18.24671","-66.02724","G","5","NAD27","NAD83","72","25","US","NA","CAGUAS","  20000","164.04","M","16","NGVD29","21010005","12","C","NNNNYNNNNYNNNYNNNNNNNNNNNNNNNN","NA","19901215","16.6","NA","AST","N","C","NYNNNNNN","NA","NA","NA","NA","NA","NA","PR454300100","2017-02-17T00:00:00.000","(18.24671, -66.02724)"
"USGS","50055380","RIO BAIROA ABV BAIROA, CAGUAS, PR","ST","181529.8","18.2563","-66.0439","N","5","NAD27","NAD83","72","25","US","NA","AGUAS BUENAS","  20000","213","M","5","NGVD29","21010005","NA","C","NNNNYNNNNYNNNNNNNNNNNNNNNNNNNN","NA","20020117","4.73","NA","AST","N","NA","NA","NA","NA","NA","NA","NA","NA","PR454300100","2017-02-14T00:00:00.000","(18.2563, -66.0439)"
"USGS","50055390","RIO BAIROA AT BAIROA, PR","ST","181532","18.2569","-66.03961","M","S","NAD27","NAD83","72","25","US","NA","AGUAS BUENAS","  20000","180","M","16","NGVD29","21010005","12","C","NNNNNNNNNNNNNNNNNNNNNNNNNNNNNN","NA","19900901","5.08","NA","AST","N","NA","NNNNNNNN","NA","NA","NA","NA","NA","NA","PR454300100","2001-09-30T00:00:00.000","(18.2569, -66.03961)"
"USGS","50055650","QUEBRADA CAIMITO NR JUNCOS, PR","ST","181408","18.23357","-65.86961","M","S","NAD27","NAD83","72","77","US","NA","HUMACAO","  20000","310","M","5","NGVD29","21010005","12","C","YNNNNNNNNNNNNNNNNNNNNNNNNNNNNN","NA","19851128","0.82","NA","AST","N","NA","NNNNNNNN","NA","NA","NA","NA","NA","NA","PR454300100","1987-12-07T00:00:00.000","(18.23357, -65.86961)"
"USGS","50055750","RIO GURABO BLW EL MANGO, PR","ST","181403","18.23216","-65.88494","M","S","NAD27","NAD83","72","77","US","NA","JUNCOS","  20000","230","M","5","NGVD29","21010005","12","C","NNNNYNNNNYNNNNNNNNNNNNNNNNNNNN","NA","19891204","22.3","NA","AST","N","NA","NNNNNNNN","NA","NA","NA","NA","NA","NA","PR454310400","2017-02-17T00:00:00.000","(18.23216, -65.88494)"
"USGS","50056400","RIO VALENCIANO NR JUNCOS, PR","ST","181257.9","18.21408","-65.92578","M","S","NAD27","NAD83","72","77","US","NA","JUNCOS","  20000","320","M","5","NGVD29","21010005","12","C","NNNNYNNNNYNNNYNNNNNNNNNNNNNNNN","NA","19851128","16.4","NA","AST","N","NA","NNNNNNNN","NA","NA","NA","NA","NA","NA","PR454300100","2017-02-17T00:00:00.000","(18.21408, -65.92578)"
"USGS","50056900","QUEBRADA MAMEY NR GURABO, PR","ST","181452","18.24579","-65.94544","M","S","NAD27","NAD83","72","129","US","NA","JUNCOS","  20000","180","M","16","NGVD29","21010005","12","C","NNNNNNNNNNNNNNNNNNNNNNNNNNNNNN","NA","19851128","2.3","NA","AST","N","NA","NNNNNNNN","NA","NA","NA","NA","NA","NA","PR454300100","1992-09-30T00:00:00.000","(18.24579, -65.94544)"
"USGS","50057000","RIO GURABO AT GURABO, PR","ST","181530.6","18.2565","-65.96768","M","S","NAD27","NAD83","72","63","US","NA","GURABO","  20000","150","M","6","NGVD29","21010005","12","C","NNNNYNNNNYNNNYNNNNNNNNNNNNNNNN","NA","19591001","60.2","NA","AST","N","NA","NNNNNNNN","NA","NA","NA","NA","NA","NA","PR454300100","2017-02-17T00:00:00.000","(18.2565, -65.96768)"
"USGS","50058350","RIO CANAS AT RIO CANAS, PR","ST","181740.2","18.29251","-66.0447","M","S","NAD27","NAD83","72","25","US","NA","AGUAS BUENAS","  20000","150","M","16","NGVD29","21010005","NA","C","NNNNYNNNNYNNNNNNNNNNNNNNNNNNNN","NA","19900514","7.53","NA","AST","N","NA","NNNNNNNN","NA","NA","NA","NA","NA","NA","PR454300100","2017-02-17T00:00:00.000","(18.29251, -66.0447)"
"USGS","50059050","RIO GRANDE DE LOIZA BLW LOIZA DAMSITE, PR","ST","182032.2","18.34028","-66.00558","N","5","NAD27","NAD83","72","139","US","NA","AGUAS BUENAS","  20000","49.2","M","5","NGVD29","21010005","12","C","NNNNYNNNNYNNNNNNNNNNNNNNNNNNNN","NA","19861225","209","NA","AST","N","NA","NNNNNNNN","NA","NA","NA","NA","NA","NA","PR454300100","2017-02-17T00:00:00.000","(18.34028, -66.00558)"
"USGS","50059210","QUEBRADA GRANDE AT BO. DOS BOCAS, PR","ST","182101.6","18.34845","-65.99007","N","5","NAD27","NAD83","72","139","US","NA","GURABO","  20000","66","M","5","NGVD29","21010005","12","C","NNNNYNNNNYNNNNNNNNNNNNNNNNNNNN","NA","19980226","12.9","NA","AST","N","NA","NNNNNNNN","NA","NA","NA","NA","NA","NA","PR454314800","2017-02-17T00:00:00.000","(18.34845, -65.99007)"
"USGS","50061300","RIO CANOVANILLAS NR LOIZA, PR","ST","182113","18.35162","-65.91628","M","S","NAD27","NAD83","72","31","US","NA","GURABO","  20000","262.5","M","1","NGVD29","21010005","12","C","NNNNNNNNNNNNNNNNNNNNNNNNNNNNNN","NA","19851128","14.4","NA","AST","N","NA","NNNNNNNN","NA","NA","NA","NA","NA","NA","PR454300100","1973-12-31T00:00:00.000","(18.35162, -65.91628)"
"USGS","50061800","RIO CANOVANAS NR CAMPO RICO, PR","ST","181906.5","18.31649","-65.88852","M","S","NAD27","NAD83","72","87","US","NA","GURABO","  20000","225","M","16","NGVD29","21010005","12","C","NNNNYNNNNYNNNYNNNNNNNNNNNNNNNN","NA","19670328","9.84","NA","AST","N","NA","NNNNNNNN","NA","NA","NA","NA","NA","NA","PR454300100","2017-02-17T00:00:00.000","(18.31649, -65.88852)"
"USGS","50062500","RIO HERRERA NR COLONIA DOLORES, PR","ST","182102","18.34856","-65.86628","M","S","NAD27","NAD83","72","87","US","NA","GURABO","  20000","229.7","M","16","NGVD29","21010005","12","C","NNNNNNNNNNNNNNNNNNNNNNNNNNNNNN","NA","19851128","2.75","NA","AST","N","NA","NNNNNNNN","NA","NA","NA","NA","NA","NA","]R454300100","1973-12-31T00:00:00.000","(18.34856, -65.86628)"
"USGS","50063250","RIO ESPIRITU SANTO ABV EL VERDE, PR","ST","181840","18.30912","-65.82155","M","S","NAD27","NAD83","72","119","US","NA","EL YUNQUE","  20000","1771.7","M","16","NGVD29","21010005","13","C","NNNNNNNNNNNNNNNNNNNNNNNNNNNNNN","NA","19851128","2.13","NA","AST","N","NA","NNNNNNNN","NA","NA","NA","NA","NA","NA","PR454300100","1952-12-31T00:00:00.000","(18.30912, -65.82155)"
"USGS","50063300","RIO ESPIRITU SANTO NR EL VERDE, PR","ST","181851","18.31217","-65.82239","M","S","NAD27","NAD83","72","119","US","NA","EL YUNQUE","  20000","1706.1","M","16","NGVD29","21010005","13","C","NNNNNNNNNNNNNNNNNNNNNNNNNNNNNN","NA","19851128","2.23","NA","AST","N","NA","NNNNNNNN","NA","NA","NA","NA","NA","NA","PR454300100","1973-12-31T00:00:00.000","(18.31217, -65.82239)"
"USGS","50063500","QUEBRADA TORONJA AT EL VERDE, PR","ST","181943","18.32662","-65.82016","M","S","NAD27","NAD83","72","119","US","NA","EL YUNQUE","  20000","876","M","16","NGVD29","21010005","13","C","NNNNNNNNNNNNNNNNNNNNNNNNNNNNNN","NA","19851128","0.06","NA","AST","N","NA","NNNNNNNN","NA","NA","NA","NA","NA","NA","PR454300100","1996-09-30T00:00:00.000","(18.32662, -65.82016)"
"USGS","50063800","RIO ESPIRITU SANTO NR RIO GRANDE, PR","ST","182135.7","18.35791","-65.81361","M","S","NAD27","NAD83","72","119","US","NA","EL YUNQUE","  20000","40","M","3","NGVD29","21010005","13","C","NNNNYNNNNYNNNNNNNNNNNNNNNNNNNN","NA","19660801","8.62","NA","AST","N","NA","NNNNNNNN","NA","NA","NA","NA","NA","NA","PR454300100","2017-02-17T00:00:00.000","(18.35791, -65.81361)"
"USGS","50064200","RIO GRANDE NR EL VERDE, PR","ST","182043.5","18.34341","-65.84159","M","S","NAD27","NAD83","72","119","US","NA","EL YUNQUE","  20000","131","M","5","NGVD29","21010005","13","C","NNNNYNNNNYNNNNNNNNNNNNNNNNNNNN","NA","19670509","7.31","NA","AST","N","NA","NNNNNNNN","NA","NA","NA","NA","NA","NA","PR454300100","2017-02-17T00:00:00.000","(18.34341, -65.84159)"
"USGS","50065500","RIO MAMEYES NR SABANA, PR","ST","181943.7","18.32682","-65.75042","M","S","NAD27","NAD83","72","119","US","NA","EL YUNQUE","  20000","275","M","16","NGVD29","21010005","14","C","NNNNYNNNNYNNNNNNNNNNNNNNNNNNNN","NA","19670801","6.88","NA","AST","N","NA","NNNNNNNN","NA","NA","NA","NA","NA","NA","PR454300100","2017-02-17T00:00:00.000","(18.32682, -65.75042)"
"USGS","50065700","RIO MAMEYES AT HWY 191 AT MAMEYES, PR","ST","182203","18.36551","-65.77016","M","S","NAD27","NAD83","72","119","US","NA","EL YUNQUE","  20000","32.8","M","3","NGVD29","21010005","14","C","NNNNNNNNNNNNNNNNNNNNNNNNNNNNNN","NA","19851128","11.8","NA","AST","N","NA","NNNNNNNN","NA","NA","NA","NA","NA","NA","PR454300100","1985-01-24T00:00:00.000","(18.36551, -65.77016)"
"USGS","50066000","RIO MAMEYES AT MAMEYES, PR","ST","182227","18.37217","-65.7635","M","S","NAD27","NAD83","72","89","US","NA","EL YUNQUE","  20000","16.4","M","0.5","NGVD29","21010005","14","C","NNNNNNNNNNNNNNNNNNNNNNNNNNNNNN","NA","19851128","13.41","NA","AST","N","NA","NNNNNNNN","NA","NA","NA","NA","NA","NA","PR454300100","2009-03-17T00:00:00.000","(18.37217, -65.7635)"
"USGS","50067000","RIO SABANA AT SABANA, PR","ST","181951.5","18.32897","-65.73062","M","S","NAD27","NAD83","72","89","US","NA","FAJARDO","  20000","295","M","16","NGVD29","21010005","15","C","NNNNYNNNNYNNNNNNNNNNNNNNNNNNNN","NA","19790101","3.96","NA","AST","N","NA","NNNNNNNN","NA","NA","NA","NA","NA","NA","PR454300100","2017-02-17T00:00:00.000","(18.32897, -65.73062)"
"USGS","50070500","RIO FAJARDO ABV FAJARDO, PR","ST","181621","18.27051","-65.72127","M","S","NAD27","NAD83","72","53","US","NA","NAGUABO","  20000","328","M","16","NGVD29","21010005","16","C","NNNNNNNNNNNNNNNNNNNNNNNNNNNNNN","NA","19951018","3.69","NA","AST","N","NA","NNNNNNNN","NA","NA","NA","NA","NA","NA","PR454300100","2002-07-21T00:00:00.000","(18.27051, -65.72127)"
"USGS","50070900","RIO FAJARDO AT PARAISO NR FAJARDO, PR","ST","181658.1","18.28082","-65.70067","N","5","NAD27","NAD83","72","53","US","NA","FAJARDO","  20000","213","M","5","NGVD29","21010005","NA","C","NNNNYNNNNYNNNNNNNNNNNNNNNNNNNN","NA","19940324","9.47","NA","AST","N","NA","NNNNNNNN","NA","NA","NA","NA","NA","NA","PR251600100","2017-02-17T00:00:00.000","(18.28082, -65.70067)"
"USGS","50071000","RIO FAJARDO NR FAJARDO, PR","ST","181756.2","18.29696","-65.69343","M","S","NAD27","NAD83","72","53","US","NA","FAJARDO","  20000","136","M","16","NGVD29","21010005","16","C","NNNNYNNNNYNNNNNNNNNNNNNNNNNNNN","NA","19610401","14.9","NA","AST","N","NA","NNNNNNNN","NA","NA","NA","NA","NA","NA","PR454300100","2017-02-17T00:00:00.000","(18.29696, -65.69343)"
"USGS","50072000","RIO FAJARDO AT FAJARDO, PR","LK","181911","18.31773","-65.65155","M","S","NAD27","NAD83","72","53","US","NA","FAJARDO","  20000","42.7","M","5","NGVD29","21010005","16","C","NNNNNNNNNNNNNNNNNNNNNNNNNNNNNN","NA","19851128","21.6","NA","AST","N","NA","NNNNNNNN","NA","NA","NA","NA","NA","NA","PR454300100","1966-09-30T00:00:00.000","(18.31773, -65.65155)"
"USGS","50073400","QUEBRADA PALMA AT DAGUAO, PR","ST","181316","18.21912","-65.69127","M","S","NAD27","NAD83","72","103","US","NA","NAGUABO","  20000","16.4","M","3","NGVD29","21010005","17","C","NNNNNNNNNNNNNNNNNNNNNNNNNNNNNN","NA","19851128","4.84","NA","AST","N","NA","NNNNNNNN","NA","NA","NA","NA","NA","NA","PR454300100","1977-09-30T00:00:00.000","(18.21912, -65.69127)"
"USGS","50074950","QUEBRADA GUABA NR NAGUABO, PR","ST","181702","18.2819","-65.7885","M","S","NAD27","NAD83","72","103","US","NA","EL YUNQUE","  20000","2100","M","16","NGVD29","21010005","13","W","NNNNNNNNNNNNNNNNNNNNNNNNNNNNNN","NA","19920623","0.05","NA","AST","N","NA","NNNNNNNN","NA","NA","NA","NA","NA","NA","PR454311800","2012-05-08T00:00:00.000","(18.2819, -65.7885)"
"USGS","50075000","RIO ICACOS NR NAGUABO, PR","ST","181638","18.27523","-65.78544","M","S","NAD27","NAD83","72","103","US","NA","EL YUNQUE","  20000","2020","M","16","NGVD29","21010005","17","C","NNNNYNNNNYNNNYNNNNNNNNNNNNNNNN","NA","19450701","1.26","NA","AST","N","NA","NNNNNNNN","NA","NA","NA","NA","NA","NA","PR454300100","2017-02-17T00:00:00.000","(18.27523, -65.78544)"
"USGS","50076000","RIO BLANCO NR FLORIDA, PR","ST","181345","18.22718","-65.78461","M","S","NAD27","NAD83","72","103","US","NA","HUMACAO","  20000","49.2","M","5","NGVD29","21010005","17","C","NNNNYNNNNYNNNNNNNNNNNNNNNNNNNN","NA","19821001","12.3","NA","AST","N","NA","NNNNNNNN","NA","NA","NA","NA","NA","NA","PR454300100","2017-02-17T00:00:00.000","(18.22718, -65.78461)"
"USGS","50077000","RIO BLANCO AT RIO BLANCO, PR","ST","181309","18.21718","-65.78211","M","S","NAD27","NAD83","72","103","US","NA","HUMACAO","  20000","32.8","M","3","NGVD29","21010005","17","C","NNNNNNNNNNNNNNNNNNNNNNNNNNNNNN","NA","19851128","17.6","NA","AST","N","NA","NNNNNNNN","NA","NA","NA","NA","NA","NA","PR454300100","1977-09-30T00:00:00.000","(18.21718, -65.78211)"
"USGS","50077500","RIO BLANCO BLW LA FE, PR","ST","181216","18.20246","-65.75822","M","S","NAD27","NAD83","72","103","US","NA","HUMACAO","  20000","0","M","1","NGVD29","21010005","17","C","NNNNNNNNNNNNNNNNNNNNNNNNNNNNNN","NA","19851128","21","NA","AST","N","NA","NNNNNNNN","NA","NA","NA","NA","NA","NA","PR454300100","1984-11-02T00:00:00.000","(18.20246, -65.75822)"
"USGS","50081000","RIO HUMACAO AT LAS PIEDRAS, PR","ST","181026.6","18.17207","-65.86905","N","5","NAD27","NAD83","72","85","US","NA","HUMACAO","  20000","262.57","N","16","NGVD29","21010005","18","C","NNNNYNNNNYNNNYNNNNNNNNNNNNNNNN","NA","19871229","6.65","NA","AST","N","NA","NNNNNNNN","NA","NA","NA","NA","NA","NA","PR454300100","2017-02-17T00:00:00.000","(18.17207, -65.86905)"
"USGS","50081500","RIO HUMACAO NR HUMACAO, PR","ST","180937","18.15829","-65.84433","M","S","NAD27","NAD83","72","69","US","NA","HUMACAO","  20000","196.9","M","16","NGVD29","21010005","18","C","NNNNNNNNNNNNNNNNNNNNNNNNNNNNNN","NA","19851128","6.6","NA","AST","N","NA","NNNNNNNN","NA","NA","NA","NA","NA","NA","PR454300100","1973-07-14T00:00:00.000","(18.15829, -65.84433)"
"USGS","50082000","RIO HUMACAO AT HWY 3 AT HUMACAO, PR","ST","180849","18.14496","-65.82655","M","S","NAD27","NAD83","72","69","US","NA","HUMACAO","  20000","49.2","M","5","NGVD29","21010005","18","C","NNNNNNNNNNNNNNNNNNNNNNNNNNNNNN","NA","19851128","17.3","NA","AST","N","NA","NNNNNNNN","NA","NA","NA","NA","NA","NA","PR454300100","1985-03-31T00:00:00.000","(18.14496, -65.82655)"
"USGS","50082800","RIO GUAYANES NR COLONIA LAURA, PR","ST","180453","18.07941","-65.95877","M","S","NAD27","NAD83","72","151","US","NA","YABUCOA","  20000","853.1","M","16","NGVD29","21010005","19","C","NNNNNNNNNNNNNNNNNNNNNNNNNNNNNN","NA","19851128","4.69","NA","AST","N","NA","NNNNNNNN","NA","NA","NA","NA","NA","NA","PR454300100","1982-10-12T00:00:00.000","(18.07941, -65.95877)"
"USGS","50083500","RIO GUAYANES NR YABUCOA, PR","ST","180332","18.05691","-65.90072","M","S","NAD27","NAD83","72","151","US","NA","YABUCOA","  20000","50","M","8.2","NGVD29","21010005","19","C","NNNNYNNNNYNNNNNNNNNNNNNNNNNNNN","NA","19851128","17.2","NA","AST","N","NA","NNNNNNNN","NA","NA","NA","NA","NA","NA","PR454300100","2017-02-17T00:00:00.000","(18.05691, -65.90072)"
"USGS","50084000","RIO LIMONES NR YABUCOA, PR","ST","180435","18.07441","-65.89461","M","S","NAD27","NAD83","72","151","US","NA","YABUCOA","  20000","68.9","M","5","NGVD29","21010005","19","C","NNNNNNNNNNNNNNNNNNNNNNNNNNNNNN","NA","19851128","7.89","NA","AST","N","NA","NNNNNNNN","NA","NA","NA","NA","NA","NA","PR454300100","1971-12-31T00:00:00.000","(18.07441, -65.89461)"
"USGS","50085100","RIO GUAYANES AT CENTRAL ROIG, PR","ST","180359","18.06441","-65.87377","M","S","NAD27","NAD83","72","151","US","NA","YABUCOA","  20000","32.8","M","3","NGVD29","21010005","19","C","NNNNYNNNNYNNNNNNNNNNNNNNNNNNNN","NA","19851128","26.6","26.6","AST","N","NA","NNNNNNNN","NA","NA","NA","NA","NA","NA","PR251600100","2017-02-17T00:00:00.000","(18.06441, -65.87377)"
"USGS","50090500","RIO MAUNABO AT LIZAS, PR","ST","180138","18.02524","-65.93961","M","S","NAD27","NAD83","72","95","US","NA","YABUCOA","  20000","230","M","16","NGVD29","21010005","20","C","NNNNYNNNNYNNNNNNNNNNNNNNNNNNNN","NA","19851128","5.38","NA","AST","N","NA","NNNNNNNN","NA","NA","NA","NA","NA","NA","PR454300100","2017-02-17T00:00:00.000","(18.02524, -65.93961)"
"USGS","50091200","RIO MAUNABO NR MAUNABO, PR","ST","175956","17.99691","-65.90211","M","S","NAD27","NAD83","72","95","US","NA","PUNTA TUNA","  20000","13.1","M","3","NGVD29","21010004","20","C","NNNNNNNNNNNNNNNNNNNNNNNNNNNNNN","NA","19851128","12.7","NA","AST","N","NA","NNNNNNNN","NA","NA","NA","NA","NA","NA","PR454300100","1973-07-17T00:00:00.000","(17.99691, -65.90211)"
"USGS","50092000","RIO GRANDE DE PATILLAS NR PATILLAS, PR","ST","180203","18.03219","-66.03211","M","S","NAD27","NAD83","72","109","US","NA","PATILLAS","  20000","235","M","10","NGVD29","21010004","22","C","NNNNYNNNNYNNNNNNNNNNNNNNNNNNNN","NA","19660101","18.3","NA","AST","N","NA","NNNNNNNN","NA","NA","NA","NA","NA","NA","PR454300100","2017-02-17T00:00:00.000","(18.03219, -66.03211)"
"USGS","50093000","RIO MARIN NR PATILLAS, PR","ST","180216","18.0358","-66.00933","M","S","NAD27","NAD83","72","109","US","NA","PATILLAS","  20000","295.3","M","10","NGVD29","21010004","22","C","NNNNYNNNNYNNNNNNNNNNNNNNNNNNNN","NA","19851128","4.45","NA","AST","N","NA","NNNNNNNN","NA","NA","NA","NA","NA","NA","PR454300100","2017-02-17T00:00:00.000","(18.0358, -66.00933)"
"USGS","50093050","RIO GRANDE DE PATILLAS AT LAGO PATILLAS, PR","ST","180115","18.01885","-66.02155","M","S","NAD27","NAD83","72","109","US","NA","PATILLAS","  20000","164.1","M","10","NGVD29","21010004","22","C","NNNNNNNNNNNNNNNNNNNNNNNNNNNNNN","NA","19851128","25.6","NA","AST","N","NA","NNNNNNNN","NA","NA","NA","NA","NA","NA","PR454300100","1958-12-31T00:00:00.000","(18.01885, -66.02155)"
"USGS","50093120","RIO GRANDE DE PATILLAS BLW LAGO PATILLAS, PR","ST-CA","180059","18.01441","-66.02322","G","S","NAD27","NAD83","72","109","US","NA","PATILLAS","  20000","137.79","M","10","NGVD29","21010004","NA","C","NNNNYNNNNYNNNNNNNNNNNNNNNNNNNN","NA","20050920","25.67","25.6","AST","N","NA","NA","NA","NA","NA","NA","NA","NA","PR251600100","2017-02-17T00:00:00.000","(18.01441, -66.02322)"
"USGS","50095200","RIO GUAMANI AT GUAYAMA, PR","ST","180006","17.99969","-66.11294","M","S","NAD27","NAD83","72","57","US","NA","PATILLAS","  20000","262.5","M","16","NGVD29","21010004","22","C","NNNNNNNNNNNNNNNNNNNNNNNNNNNNNN","NA","19851128","8.22","NA","AST","N","NA","NNNNNNNN","NA","NA","NA","NA","NA","NA","PR454300100","1970-12-31T00:00:00.000","(17.99969, -66.11294)"
"USGS","50095500","RIO GUAMANI NR GUAYAMA, PR","ST","175730","17.95636","-66.1385","M","S","NAD27","NAD83","72","57","US","NA","CENTRAL AGUIRRE","  20000","49.2","M","16","NGVD29","21010004","22","C","NNNNNNNNNNNNNNNNNNNNNNNNNNNNNN","NA","NA","12.3","NA","AST","N","NA","NNNNNNNN","NA","NA","NA","NA","NA","NA","PR454300100","1970-12-31T00:00:00.000","(17.95636, -66.1385)"
"USGS","50098500","QUEBRADA SECA NR GUAYAMA, PR","ST","175947","17.99441","-66.20544","M","S","NAD27","NAD83","72","123","US","NA","CENTRAL AGUIRRE","  20000","180","M","10","NGVD29","21010004","22","C","YYNNNNNNNYNNNNNNNNNNNNNNNNNNNN","NA","19880719","0.92","NA","AST","N","NA","NNNNNNNN","NA","NA","NA","NA","NA","NA","PR454309600","1989-01-02T00:00:00.000","(17.99441, -66.20544)"
"USGS","50099000","QUEBRADA AGUAS VERDES NR SALINAS, PR","ST","175943","17.9933","-66.21683","M","S","NAD27","NAD83","72","123","US","NA","CENTRAL AGUIRRE","  20000","120","M","10","NGVD29","21010004","22","C","YNNNNNNNNNNNNNNNNNNNNNNNNNNNNN","NA","19880719","0.39","NA","AST","N","NA","NYNNNNNN","NA","NA","NA","NA","NA","NA","PR454309600","1989-04-10T00:00:00.000","(17.9933, -66.21683)"
"USGS","50100200","RIO LAPA NR RABO DEL BUEY, PR","ST","180335","18.05774","-66.24072","M","S","NAD27","NAD83","72","123","US","NA","CAYEY","  20000","393.7","M","1","NGVD29","21010004","23","C","NNNNYNNNNYNNNNNNNNNNNNNNNNNNNN","NA","NA","9.92","NA","AST","N","NA","NNNNNNNN","NA","NA","NA","NA","NA","NA","PR454300100","2017-02-17T00:00:00.000","(18.05774, -66.24072)"
"USGS","50100450","RIO MAJADA AT LA PLENA, PR","ST","180241","18.04274","-66.20711","M","S","NAD27","NAD83","72","123","US","NA","CAYEY","  20000","425","M","16","NGVD29","21010004","23","C","NNNNYNNNNYNNNNNNNNNNNNNNNNNNNN","NA","19730109","16.7","NA","AST","N","NA","NNNNNNNN","NA","NA","NA","NA","NA","NA","PR454300100","2017-02-17T00:00:00.000","(18.04274, -66.20711)"
"USGS","50106100","RIO COAMO AT HWY 14 AT COAMO, PR","ST","180500.6","18.08152","-66.35443","N","S","NAD27","NAD83","72","43","US","NA","COAMO","  20000","328.08","M","16","NGVD29","21010004","24","C","NNNNYNNNNYNNNYNNNNNNNNNNNNNNNN","NA","19870121","43.5","NA","AST","N","NA","NNNNNNNN","NA","NA","NA","NA","NA","NA","PR454300100","2017-02-17T00:00:00.000","(18.08152, -66.35443)"
"USGS","50106500","RIO COAMO NR COAMO, PR","ST","180352","18.06246","-66.36906","M","S","NAD27","NAD83","72","43","US","NA","RIO DESCALABRADO","  20000","341.2","M","16","NGVD29","21010004","23","C","NNNNNNNNNNNNNNNNNNNNNNNNNNNNNN","NA","19840224","46","NA","AST","N","NA","NNNNNNNN","NA","NA","NA","NA","NA","NA","PR454300100","1985-09-30T00:00:00.000","(18.06246, -66.36906)"
"USGS","50108000","RIO DESCALABRADO NR LOS LLANOS, PR","ST","180308","18.05024","-66.42573","M","S","NAD27","NAD83","72","43","US","NA","RIO DESCALABRADO","  20000","220","M","16","NGVD29","21010004","24","C","NNNNNNNNNNNNNNNNNNNNNNNNNNNNNN","NA","19660101","12.9","NA","AST","N","NA","NNNNNNNN","NA","NA","NA","NA","NA","NA","W2016012453","2010-09-30T00:00:00.000","(18.05024, -66.42573)"
"USGS","50108500","RIO DESCALABRADO NR SANTA ISABEL, PR","ST","175901.3","17.98172","-66.45182","M","S","NAD27","NAD83","72","133","US","NA","SANTA ISABEL","  20000","26.25","M","1","NGVD29","21010004","25","C","NNNNNNNNNNNNNNNNNNNNNNNNNNNNNN","NA","19851128","18.1","NA","AST","N","NA","NNNNNNNN","NA","NA","NA","NA","NA","NA","PR454300100","1966-12-31T00:00:00.000","(17.98172, -66.45182)"
"USGS","50109400","RIO CANAS NR PASTILLO, PR","ST","180024","18.00469","-66.46989","M","S","NAD27","NAD83","72","75","US","NA","RIO DESCALABRADO","  20000","26.2","M","5","NGVD29","21010004","24","C","NNNNNNNNNNNNNNNNNNNNNNNNNNNNNN","NA","19851128","6.5","NA","AST","N","NA","NNNNNNNN","NA","NA","NA","NA","NA","NA","PR454300100","1966-12-31T00:00:00.000","(18.00469, -66.46989)"
"USGS","50110200","CANAL DE ACEITUNA AT VILLALBA, PR","ST","180948","18.16135","-66.50434","M","S","NAD27","NAD83","72","107","US","NA","JAYUYA","  20000","2191.7","M","16","NGVD29","21010002","25","C","NNNNNNNNNNNNNNNNNNNNNNNNNNNNNN","NA","19851128","NA","NA","AST","N","NA","NNNNNNNN","NA","NA","NA","NA","NA","NA","PR454300100","1973-12-31T00:00:00.000","(18.16135, -66.50434)"
"USGS","50110650","RIO JACAGUAS ABV LAGO GUAYABAL","ST","180659.7","18.11461","-66.50427","N","5","NAD27","NAD83","72","149","US","NA","PONCE","  20000","375.19","N","32","NGVD29","21010004","NA","C","NNNNYNNNNYNNNNNNNNNNNNNNNNNNNN","201002","20100218","13.75","NA","AST","N","C","NA","NA","NA","NA","NA","NA","NA","251600100","2017-02-17T00:00:00.000","(18.11461, -66.50427)"
"USGS","50110900","RIO TOA VACA ABV LAGO TOA VACA, PR","ST","180735.4","18.12452","-66.4574","N","S","NAD27","NAD83","72","149","US","NA","OROCOVIS","  20000","557.74","M","16","NGVD29","21010004","26","C","NNNNYNNNNYNNNNNNNNNNNNNNNNNNNN","NA","19890405","14.2","NA","AST","N","NA","NNNNNNNN","NA","NA","NA","NA","NA","NA","PR454300100","2017-02-17T00:00:00.000","(18.12452, -66.4574)"
"USGS","50111000","RIO TOA VACA AT HWY 150 NR VILLALBA, PR","ST","180609","18.10052","-66.46156","M","S","NAD27","NAD83","72","149","US","NA","RIO DESCALABRADO","  20000","590.6","M","16","NGVD29","21010004","25","C","NNNNNNNNNNNNNNNNNNNNNNNNNNNNNN","NA","19851128","19.3","NA","AST","N","NA","NNNNNNNN","NA","NA","NA","NA","NA","NA","PR454300100","1969-11-10T00:00:00.000","(18.10052, -66.46156)"
"USGS","50111200","RIO TOA VACA NR VILLALBA, PR","ST","180617","18.10274","-66.48073","M","S","NAD27","NAD83","72","149","US","NA","RIO DESCALABRADO","  20000","393.7","M","16","NGVD29","21010004","25","C","NNNNNNNNNNNNNNNNNNNNNNNNNNNNNN","NA","19851128","21.4","NA","AST","N","NA","NNNNNNNN","NA","NA","NA","NA","NA","NA","PR454300100","1970-09-09T00:00:00.000","(18.10274, -66.48073)"
"USGS","50111500","RIO JACAGUAS AT JUANA DIAZ, PR","ST","180315.5","18.05232","-66.51064","N","S","NAD27","NAD83","72","75","US","NA","PONCE","  20000","131","M","16","NGVD29","21010004","25","C","NNNNYNNNNYNNNNNNNNNNNNNNNNNNNN","NA","19840414","49.8","NA","AST","N","NA","NNNNNNNN","NA","NA","NA","NA","NA","NA","PR454300100","2017-02-17T00:00:00.000","(18.05232, -66.51064)"
"USGS","50111700","RIO JACAGUAS NR JUANA DIAZ, PR","ST","180203","18.03219","-66.50823","M","S","NAD27","NAD83","72","75","US","NA","PONCE","  20000","82","M","5","NGVD29","21010004","25","C","NNNNNNNNNNNNNNNNNNNNNNNNNNNNNN","NA","19851128","53.2","NA","AST","N","NA","NNNNNNNN","NA","NA","NA","NA","NA","NA","PR454300100","1969-11-11T00:00:00.000","(18.03219, -66.50823)"
"USGS","50111750","RIO JACAGUAS BLW QUEBRADA GUANABANA, PR","ST","180153","18.02941","-66.50739","M","S","NAD27","NAD83","72","75","US","NA","PONCE","  20000","72.18","M","5","NGVD29","21010004","25","C","YYNNNNNNNYNNNNNNNNNNNNNNNNNNNN","NA","19890127","56.32","NA","AST","N","NA","NNNNNNNN","NA","NA","NA","NA","NA","NA","PR454300100","1989-09-30T00:00:00.000","(18.02941, -66.50739)"
"USGS","50112100","RIO JACAGUAS AT MANZANILLO, PR","ST","175905","17.98274","-66.53906","M","S","NAD27","NAD83","72","75","US","NA","PLAYA DE PONCE","  20000","9.84","M","1","NGVD29","21010004","25","C","NNNNNNNNNNNNNNNNNNNNNNNNNNNNNN","NA","19851128","72.8","NA","AST","N","NA","NNNNNNNN","NA","NA","NA","NA","NA","NA","PR454300100","1966-12-31T00:00:00.000","(17.98274, -66.53906)"
"USGS","50112500","RIO INABON AT REAL ABAJO, PR","ST","180511.3","18.0845","-66.56269","N","S","NAD27","NAD83","72","113","US","NA","PENUELAS","  20000","423","M","16","NGVD29","21010004","26","C","NNNNYNNNNYNNNNNNNNNNNNNNNNNNNN","NA","19640701","9.7","NA","AST","N","NA","NNNNNNNN","NA","NA","NA","NA","NA","NA","PR454300100","2017-02-17T00:00:00.000","(18.0845, -66.56269)"
"USGS","50113800","RIO CERRILLOS ABV LAGO CERRILLOS NR PONCE, PR","ST","180700.4","18.1148","-66.60451","N","F","NAD27","NAD83","72","113","US","NA","PONCE","  20000","720","M","16","NGVD29","21010004","28","C","NNNNYNNNNYNNNYNNNNNNNNNNNNNNNN","NA","198901","11.9","NA","AST","N","NA","NNNNNNNN","NA","NA","NA","NA","NA","NA","PR454300100","2017-02-17T00:00:00.000","(18.1148, -66.60451)"
"USGS","50114000","RIO CERRILLOS BLW LAGO CERRILLOS NR PONCE, PR","ST","180422.3","18.07087","-66.58101","N","S","NAD27","NAD83","72","113","US","NA","PONCE","  20000","360.9","M","16","NGVD29","21010004","27","C","YNNNYNNNNNNNNNNNNNNNNNNNNNNNNN","NA","19640501","17.8","NA","AST","N","NA","NNNNNNNN","NA","NA","NA","NA","NA","NA","PR454300100","2017-02-17T00:00:00.000","(18.07087, -66.58101)"
"USGS","50114390","RIO BUCANA AT HWY 14 BRIDGE NR PONCE, PR","ST","180229","18.03941","-66.58239","M","S","NAD27","NAD83","72","113","US","NA","PONCE","  20000","131.2","M","16","NGVD29","21010004","27","C","NNNNNNNNNNNNNNNNNNNNNNNNNNNNNN","NA","19870812","24.9","NA","AST","N","NA","NNNNNNNN","NA","NA","NA","NA","NA","NA","PR454300100","2002-10-28T00:00:00.000","(18.03941, -66.58239)"
"USGS","50114700","RIO BUCANA AT PLAYA DE PONCE, PR","ST","175910","17.98413","-66.59739","M","S","NAD27","NAD83","72","113","US","NA","PONCE","  20000","13.1","M","3","NGVD29","21010004","27","C","NNNNNNNNNNNNNNNNNNNNNNNNNNNNNN","NA","19851128","28.4","NA","AST","N","NA","NNNNNNNN","NA","NA","NA","NA","NA","NA","PR454300100","1967-12-31T00:00:00.000","(17.98413, -66.59739)"
"USGS","50114900","RIO PORTUGUES NR TIBES, PR","ST","180559.6","18.09789","-66.64249","N","S","NAD27","NAD83","72","113","US","NA","PENUELAS","  20000","820","M","16","NGVD29","21010004","29","C","NNNNYNNNNYNNNYNNNNNNNNNNNNNNNN","NA","19971001","7.27","NA","AST","N","NA","NNNNNNNN","NA","NA","NA","NA","NA","NA","PR4543106000","2017-02-17T00:00:00.000","(18.09789, -66.64249)"
"USGS","50115000","RIO PORTUGUES NR PONCE, PR","ST","180445","18.07718","-66.63323","M","S","NAD27","NAD83","72","113","US","NA","PENUELAS","  20000","470","M","16","NGVD29","21010004","28","C","NNNNNNNNNNNNNNNNNNNNNNNNNNNNNN","NA","19640701","8.82","NA","AST","N","NA","NNNNNNNN","NA","NA","NA","NA","NA","NA","PR454300100","1999-01-19T00:00:00.000","(18.07718, -66.63323)"
"USGS","50115230","RIO PORTUGUES BLW PORTUGUES DAMSITE, PR","ST","180307","18.04996","-66.62767","G","S","NAD27","NAD83","72","113","US","NA","PENUELAS","  20000","246","G","16","NGVD29","21010004","NA","C","NNNNNNNNNNNNNNNNNNNNNNNNNNNNNN","NA","20020109","11.24","NA","AST","N","NA","NA","NA","NA","NA","NA","NA","NA","W2016012458","2012-09-30T00:00:00.000","(18.04996, -66.62767)"
"USGS","50115240","RIO PORTUGUES AT PARQUE CEREMONIAL TIBES NR PONCE","ST","180236.9","18.04159","-66.62113","N","5","NAD27","NAD83","72","113","US","NA","PONCE","  20000","183","M","32","NGVD29","21010004","NA","W","YNNNYNYNNNNNNYNNNNNNNNNNNNNNNN","NA","20130410","11.7","NA","AST","N","C"," Y","NA","NA","NA","NA","NA","NA","MJ001000","2017-02-17T00:00:00.000","(18.04159, -66.62113)"
"USGS","50115900","RIO PORTUGUES AT HWY 14 AT PONCE, PR","ST","180109","18.01719","-66.60684","M","S","NAD27","NAD83","72","113","US","NA","PONCE","  20000","49.2","M","1","NGVD29","21010004","28","C","NNNNNNNNNNNNNNNNNNNNNNNNNNNNNN","NA","19970618","18.6","NA","AST","N","NA","NNNNNNNN","NA","NA","NA","NA","NA","NA","W2016012459","2012-09-30T00:00:00.000","(18.01719, -66.60684)"
"USGS","50121000","RIO TALLABOA AT PENUELAS, PR","ST","180302","18.04857","-66.72156","M","S","NAD27","NAD83","72","111","US","NA","PENUELAS","  20000","98.43","M","16","NGVD29","21010004","29","C","NNNNNNNNNNNNNNNNNNNNNNNNNNNNNN","NA","19851128","24.2","NA","AST","N","NA","NNNNNNNN","NA","NA","NA","NA","NA","NA","PR454300100","1971-04-13T00:00:00.000","(18.04857, -66.72156)"
"USGS","50122000","RIO TALLABOA AT HWY 127, PR","ST","180031","18.00663","-66.7299","M","S","NAD27","NAD83","72","111","US","NA","PENUELAS","  20000","22.97","M","16","NGVD29","21010004","29","C","NNNNNNNNNNNNNNNNNNNNNNNNNNNNNN","NA","19851128","31.6","NA","AST","N","NA","NNNNNNNN","NA","NA","NA","NA","NA","NA","PR454300100","1962-12-31T00:00:00.000","(18.00663, -66.7299)"
"USGS","50124000","RIO GUAYANILLA NR GUAYANILLA, PR","ST","180252","18.0458","-66.80156","M","S","NAD27","NAD83","72","59","US","NA","YAUCO","  20000","229.7","M","16","NGVD29","21010004","29","C","NNNNNNNNNNNNNNNNNNNNNNNNNNNNNN","NA","NA","18.5","NA","AST","N","NA","NNNNNNNN","NA","NA","NA","NA","NA","NA","PR454300100","1969-12-31T00:00:00.000","(18.0458, -66.80156)"
"USGS","50124200","RIO GUAYANILLA NEAR GUAYANILLA, PR","ST","180239.3","18.04226","-66.79778","N","S","NAD27","NAD83","72","111","US","NA","YAUCO","  20000","80","M","16","NGVD29","21010004","29","C","NNNNYNNNNYNNNNNNNNNNNNNNNNNNNN","NA","19810301","18.9","NA","AST","N","NA","NNNNNNNN","NA","NA","NA","NA","NA","NA","PR454300100","2017-02-17T00:00:00.000","(18.04226, -66.79778)"
"USGS","50124500","RIO GUAYANILLA AT GUAYANILLA, PR","ST","180201","18.03163","-66.79879","M","S","NAD27","NAD83","72","59","US","NA","YAUCO","  20000","131.2","M","16","NGVD29","21010004","29","C","NNNNNNNNNNNNNNNNNNNNNNNNNNNNNN","NA","19851128","20.8","NA","AST","N","NA","NNNNNNNN","NA","NA","NA","NA","NA","NA","PR454300100","1974-12-31T00:00:00.000","(18.03163, -66.79879)"
"USGS","50125790","RIO YAUCO AT LUCCHETTI DAMSITE, PR","ST","180537","18.09163","-66.86462","M","S","NAD27","NAD83","72","153","US","NA","YAUCO","  20000","492.2","M","16","NGVD29","21010004","30","C","YNNNNNNNNNNNNNNNNNNNNNNNNNNNNN","NA","19851128","17.4","NA","AST","N","NA","NNNNNNNN","NA","NA","NA","NA","NA","NA","PR454300100","1952-02-29T00:00:00.000","(18.09163, -66.86462)"
"USGS","50125900","RIO DUEY ABV DIVERSION NR YAUCO, PR","ST","180411","18.06774","-66.84601","M","S","NAD27","NAD83","72","153","US","NA","YAUCO","  20000","360.9","M","16","NGVD29","21010004","30","C","NNNNNNNNNNNNNNNNNNNNNNNNNNNNNN","NA","19851128","8.93","NA","AST","N","NA","NNNNNNNN","NA","NA","NA","NA","NA","NA","PR454300100","1980-10-08T00:00:00.000","(18.06774, -66.84601)"
"USGS","50126150","RIO YAUCO ABV DIVERSION MONSERRATE NR YAUCO, PR","ST","180257.1","18.04721","-66.84148","N","S","NAD27","NAD83","72","153","US","NA","YAUCO","  20000","115","M","8.2","NGVD29","21010004","30","C","NNNNYNNNNYNNNYNNNNNNNNNNNNNNNN","NA","19761105","27.2","NA","AST","N","NA","NNNNNNNN","NA","NA","NA","NA","NA","NA","PR454300100","2017-02-17T00:00:00.000","(18.04721, -66.84148)"
"USGS","50127000","RIO YAUCO AT YAUCO, PR","ST","180126","18.02191","-66.84073","M","S","NAD27","NAD83","72","153","US","NA","YAUCO","  20000","65.6","M","5","NGVD29","21010004","30","C","NNNNNNNNNNNNNNNNNNNNNNNNNNNNNN","NA","19851128","36.4","NA","AST","N","NA","NNNNNNNN","NA","NA","NA","NA","NA","NA","PR454300100","1961-12-31T00:00:00.000","(18.02191, -66.84073)"
"USGS","50128000","RIO YAUCO NR YAUCO, PR","ST","175919","17.98663","-66.83156","M","S","NAD27","NAD83","72","59","US","NA","PUNTA VERRACO","  20000","29.5","M","5","NGVD29","21010004","30","C","NNNNNNNNNNNNNNNNNNNNNNNNNNNNNN","NA","19851128","45.5","NA","AST","N","NA","NNNNNNNN","NA","NA","NA","NA","NA","NA","PR454300100","1985-01-22T00:00:00.000","(17.98663, -66.83156)"
"USGS","50128950","CANAL DE RIEGO DE LAJAS NR BOQUERON, PR","ST","180214","18.03524","-67.13907","M","S","NAD27","NAD83","72","23","US","NA","PUERTO REAL","  20000","65.6","M","5","NGVD29","21010003","30","C","NNNNNNNNNNNNNNNNNNNNNNNNNNNNNN","NA","19851128","NA","NA","AST","N","NA","NNNNNNNN","NA","NA","NA","NA","NA","NA","PR454300100","1984-09-30T00:00:00.000","(18.03524, -67.13907)"
"USGS","50129000","RIO LOCO NR YAUCO, PR","ST","180231","18.03996","-66.88795","M","S","NAD27","NAD83","72","121","US","NA","SABANA GRANDE","  20000","196.9","M","16","NGVD29","21010003","30","C","NNNNNNNNNNNNNNNNNNNNNNNNNNNNNN","NA","19851128","8.5","NA","AST","N","NA","NNNNNNNN","NA","NA","NA","NA","NA","NA","PR454300100","1967-06-30T00:00:00.000","(18.03996, -66.88795)"
"USGS","50129254","RIO LOCO AT LAS LATAS NR LA JOYA NR GUANICA, PR","ST","180033","18.00718","-66.87632","N","S","NAD27","NAD83","72","55","US","NA","SABANA GRANDE","  20000","95","M","0.5","NGVD29","21010004","NA","C","NNNNYNNNNYNNNNNNNNNNNNNNNNNNNN","NA","20061107","NA","NA","AST","N","NA","NA","NA","NA","NA","NA","NA","NA","251600100","2017-02-17T00:00:00.000","(18.00718, -66.87632)"
"USGS","50129300","LAJAS EAST DRAINAGE CANAL NR ENSENADA, PR","ST","180040","18.00913","-66.97295","M","S","NAD27","NAD83","72","79","US","NA","SABANA GRANDE","  20000","15.4","M","3","NGVD29","21010003","30","C","NNNNNNNNNNNNNNNNNNNNNNNNNNNNNN","NA","19851128","NA","NA","AST","N","NA","NNNNNNNN","NA","NA","NA","NA","NA","NA","PR454300100","1983-07-11T00:00:00.000","(18.00913, -66.97295)"
"USGS","50129500","RIO LOCO NR GUANICA, PR","ST","175938","17.99191","-66.91601","M","S","NAD27","NAD83","72","55","US","NA","GUANICA","  20000","16.4","M","5","NGVD29","21010004","30","C","NNNNNNNNNNNNNNNNNNNNNNNNNNNNNN","NA","19851128","21","NA","AST","N","NA","NNNNNNNN","NA","NA","NA","NA","NA","NA","PR454300100","1968-12-31T00:00:00.000","(17.99191, -66.91601)"
"USGS","50129900","LAGUNA CARTAGENA OUTFLOW NR BOQUERON, PR","ST","180052","18.01246","-67.10907","M","S","NAD27","NAD83","72","23","US","NA","SAN GERMAN","  20000","36","M","1","NGVD29","21010004","31","C","YYNNNNNNNNNNNNNNNNNNNNNNNNNNNN","NA","19851128","NA","NA","AST","N","NA","NNNNNNNN","NA","NA","NA","NA","NA","NA","PR454300100","1985-11-12T00:00:00.000","(18.01246, -67.10907)"
"USGS","50130320","QUEBRADA MAMEY AT JOYUDA, PR","ST","180751","18.12885","-67.16879","M","S","NAD27","NAD83","72","23","US","NA","MAYAGUEZ","  20000","5.77","M","1","NGVD29","21010003","32","C","YNNNNNNNNNNNNNNNNNNNNNNNNNNNNN","NA","19870812","0.38","NA","AST","N","NA","NNNNNNNN","NA","NA","NA","NA","NA","NA","PR454300100","1988-09-30T00:00:00.000","(18.12885, -67.16879)"
"USGS","50133800","RIO DUEY NR ROSARIO, PR","ST","180857","18.14718","-67.05379","M","S","NAD27","NAD83","72","125","US","NA","ROSARIO","  20000","229.66","M","16","NGVD29","21010003","33","C","NNNNNNNNNNNNNNNNNNNNNNNNNNNNNN","NA","19851128","4.17","NA","AST","N","NA","NNNNNNNN","NA","NA","NA","NA","NA","NA","PR454300100","1965-01-31T00:00:00.000","(18.14718, -67.05379)"
"USGS","50136000","RIO ROSARIO AT ROSARIO, PR","ST","181022","18.17079","-67.0749","M","S","NAD27","NAD83","72","125","US","NA","ROSARIO","  20000","230","M","16","NGVD29","21010003","33","C","NNNNNNNNNNNNNNNNNNNNNNNNNNNNNN","NA","19851128","16.4","NA","AST","N","NA","NNNNNNNN","NA","NA","NA","NA","NA","NA","PR454300100","1986-09-30T00:00:00.000","(18.17079, -67.0749)"
"USGS","50136400","RIO ROSARIO NR HORMIGUEROS, PR","ST","180936.3","18.1581","-67.08539","N","S","NAD27","NAD83","72","67","US","NA","ROSARIO","  20000","164.04","M","16","NGVD29","21010003","33","C","NNNNYNNNNYNNNNNNNNNNNNNNNNNNNN","NA","19750514","18.3","NA","AST","N","NA","NNNNNNNN","NA","NA","NA","NA","NA","NA","PR454300100","2017-02-17T00:00:00.000","(18.1581, -67.08539)"
"USGS","50138000","RIO GUANAJIBO NR HORMIGUEROS, PR","ST","180833.6","18.14069","-67.14837","N","S","NAD27","NAD83","72","67","US","NA","MAYAGUEZ","  20000","13.1","M","5","NGVD29","21010003","33","C","NNNNYNNNNYNNNNNNNNNNNNNNNNNNNN","NA","1958","120","NA","AST","N","NA","NNNNNNNN","NA","NA","NA","NA","NA","NA","PR454300100","2017-02-17T00:00:00.000","(18.14069, -67.14837)"
"USGS","50141000","RIO BLANCO NR ADJUNTAS, PR","ST","181219","18.20329","-66.7999","M","S","NAD27","NAD83","72","1","US","NA","MONTE GUILARTE","  20000","1568.3","M","16","NGVD29","21010003","35","C","NNNNNNNNNNNNNNNNNNNNNNNNNNNNNN","NA","19851128","15.4","NA","AST","N","NA","NNNNNNNN","NA","NA","NA","NA","NA","NA","PR454300100","1985-01-31T00:00:00.000","(18.20329, -66.7999)"
"USGS","50141600","RIO GUAYO AT MOUTH NR LARES, PR","ST","181323","18.22107","-66.83184","M","S","NAD27","NAD83","72","1","US","NA","MONTE GUILARTE","  20000","1148.4","M","16","NGVD29","21010003","35","C","NNNNNNNNNNNNNNNNNNNNNNNNNNNNNN","NA","19851128","10.1","NA","AST","N","NA","NNNNNNNN","NA","NA","NA","NA","NA","NA","PR454300100","1954-01-31T00:00:00.000","(18.22107, -66.83184)"
"USGS","50142700","RIO PRIETO NR LARES, PR","ST","181150","18.19523","-66.88157","M","S","NAD27","NAD83","72","81","US","NA","MARICAO","  20000","1148.4","M","16","NGVD29","21010003","35","C","NNNNNNNNNNNNNNNNNNNNNNNNNNNNNN","NA","19851128","14.2","NA","AST","N","NA","NNNNNNNN","NA","NA","NA","NA","NA","NA","PR454300100","1957-09-30T00:00:00.000","(18.19523, -66.88157)"
"USGS","50143930","RIO GRANDE DE ANASCO AT BO. GUACIO, PR","ST","181648","18.27801","-67.01462","M","5","NAD27","NAD83","72","131","US","NA","CENTRAL LA PLATA","  20000","213","M","16","NGVD29","21010003","35","C","NNNNNNNNNNNNNNNNNNNNNNNNNNNNNN","NA","20030723","94.54","NA","AST","N","NA","NA","NA","NA","NA","NA","NA","NA","W2016012421","2013-09-30T00:00:00.000","(18.27801, -67.01462)"
"USGS","50144000","RIO GRANDE DE ANASCO NR SAN SEBASTIAN, PR","ST","181703","18.28217","-67.05058","N","S","NAD27","NAD83","72","11","US","NA","CENTRAL LA PLATA","  20000","164","M","15","NGVD29","21010003","35","C","NNNNYNNNNYNNNNNNNNNNNNNNNNNNNN","NA","19630401","94.3","NA","AST","N","NA","NNNNNNNN","NA","NA","NA","NA","NA","NA","PR454300100","2017-02-17T00:00:00.000","(18.28217, -67.05058)"
"USGS","50145000","RIO GRANDE DE ANASCO AT EL ESPINO, PR","ST","181650","18.27856","-67.1124","M","S","NAD27","NAD83","72","11","US","NA","CENTRAL LA PLATA","  20000","98.4","M","15","NGVD29","21010003","35","C","NNNNNNNNNNNNNNNNNNNNNNNNNNNNNN","NA","NA","108","NA","AST","N","NA","NNNNNNNN","NA","NA","NA","NA","NA","NA","PR4543106000","1966-12-31T00:00:00.000","(18.27856, -67.1124)"
"USGS","50145395","RIO CASEI ABV HACIENDA CASEI, PR","ST","181501.7","18.24848","-67.07538","N","5","NAD27","NAD83","72","83","US","NA","CENTRAL LA PLATA","  20000","263","M","16","NGVD29","21010003","NA","NA","NNNNNNNNNNNNNNNNNNNNNNNNNNNNNN","NA","20030415","7.41","NA","AST","N","NA","NA","NA","NA","NA","NA","NA","NA","W2016012420","2013-09-30T00:00:00.000","(18.24848, -67.07538)"
"USGS","50147800","RIO CULEBRINAS AT HWY 404 NR MOCA, PR","ST","182142.3","18.35974","-67.09217","N","S","NAD27","NAD83","72","99","US","NA","CENTRAL LA PLATA","  20000","45","M","8.2","NGVD29","21010003","36","C","NNNNYNNNNYNNNNNNNNNNNNNNNNNNNN","NA","19670712","71.2","NA","AST","N","NA","NNNNNNNN","NA","NA","NA","NA","NA","NA","PR454300100","2017-02-17T00:00:00.000","(18.35974, -67.09217)"
"USGS","50148890","RIO CULEBRINAS AT MARGARITA DAMSITE NR AGUADA, PR","ST","182340.2","18.39251","-67.15083","N","S","NAD27","NAD83","72","3","US","NA","AGUADILLA","  20000","14.8","M","1","NGVD29","21010003","37","NA","NNNNYNNNNYNNNNNNNNNNNNNNNNNNNN","NA","19980420","94.6","NA","AST","N","NA","NNNNNNNN","NA","NA","NA","NA","NA","NA","PR454300100","2017-02-17T00:00:00.000","(18.39251, -67.15083)"
"USGS","50215000","DRAINGAGE CANAL AT CULEBRA AIRPORT, CULEBRA PR","ST","181906","18.31634","-65.30849","M","S","NAD27","NAD83","72","49","US","NA","CULEBRA","  30000","72","M","5","NGVD29","21010006","NA","C","NNNNNNNNNNNNNNNNNNNNNNNNNNNNNN","NA","19910916","0.1","NA","AST","N","NA","NNNNNNNN","NA","NA","NA","NA","NA","NA","PR454300111","1994-04-13T00:00:00.000","(18.31634, -65.30849)"
"USGS","50231000","QDA COFRESI TRIBUTARY NR ISABEL SEGUNDA VIEQUES PR","ST","180821","18.13719","-65.4346","M","S","NAD27","NAD83","72","147","US","NA","VIEQUES","  30000","180","M","16","NGVD29","21010006","NA","S","NNNNNNNNNNNNNNNNNNNNNNNNNNNNNN","NA","19910610","0.28","NA","AST","N","NA","NNNNNNNN","NA","NA","NA","NA","NA","NA","PR454300111","1993-09-30T00:00:00.000","(18.13719, -65.4346)"
"USGS","50232000","QUEBRADA LA MINA NR LA ESPERANZA, VIEQUES, PR","ST","180654","18.11302","-65.47044","M","M","NAD27","NAD83","72","147","US","NA","VIEQUES","  30000","82","M","5","NGVD29","21010006","NA","S","NNNNNNNNNNNNNNNNNNNNNNNNNNNNNN","NA","19910610","0.68","NA","AST","N","NA","NNNNNNNN","NA","NA","NA","NA","NA","NA","PR454300111","1995-06-04T00:00:00.000","(18.11302, -65.47044)"
"USGS","50233000","QUEBRADA PILON AT COLONIA PUERTO REAL, VIEQUES PR","ST","180637","18.1083","-65.48044","M","M","NAD27","NAD83","72","147","US","NA","VIEQUES","  30000","114.8","M","8.2","NGVD29","21010006","NA","S","NNNNNNNNNNNNNNNNNNNNNNNNNNNNNN","NA","19910610","0.67","NA","AST","N","NA","NNNNNNNN","NA","NA","NA","NA","NA","NA","PR454300111","1995-08-13T00:00:00.000","(18.1083, -65.48044)"
"USGS","50010500","RIO GUAJATACA AT LARES, PR","ST","181757.1","18.29721","-66.87348","N","5","NAD27","NAD83","72","81","US","NA","BAYANEY","  20000","942.95","M","16","NGVD29","21010002"," 1","C","NNNNYNNNNYNNNYNNNNNNNNNNNNNNNN","NA","1958","3.16","NA","AST","N","NA","NYNNNNNN","NA","NA","NA","NA","NA","NA","PR454300100","2002-09-30T00:00:00.000","(18.29721, -66.87348)"
"USGS","182541066313500","OJO DE GUILLO SPRING, MANATI, PR","SP","182541","18.42606","-66.52601","M","S","NAD27","NAD83","72","91","US","NA","BARCELONETA","  20000","32.81","M","5","NGVD29","21010002","NA","NA","NNNNNNNNNNNNNNNNNNNNNNNNNNNNNN","NA","19590318","NA","NA","AST","N","U","YYYNNNNN","NA","NA","NA","NA","NA","NA","PR454300200","1996-02-05T00:00:00.000","(18.42606, -66.52601)"
"USGS","182657066250600","OJO DE AGUA SPRING, VEGA BAJA, PR","SP","182706","18.44967","-66.39986","M","S","NAD27","NAD83","72","145","US","NA","MANATI","  20000",,"NA",,"NA","21010002","NA","NA","NNNNNNNNNNNNNNNNNNNNNNNNNNNNNN","NA","NA","NA","NA","AST","N","U","NNYNNNNN","NA","NA","NA","NA","NA","NA","PR454300200","1996-02-01T00:00:00.000","(18.44967, -66.39986)"
"USGS","50010600","RIO GUAJATACA ABV LAGO DE GUAJATACA, PR","ST","181957","18.33051","-66.91601","M","S","NAD27","NAD83","72","131","US","NA","SAN SEBASTIAN","  20000","565","M","16","NGVD29","21010003"," 1","NA","NNNNNNNNNNNNNNNNNNNNNNNNNNNNNN","NA","19840711","NA","NA","AST","N","NA","NNNNNNNN","NA","NA","NA","NA","NA","NA","PR454300100","1989-09-30T00:00:00.000","(18.33051, -66.91601)"
"USGS","50011200","RIO GUAJATACA BLW LAGO GUAJATACA, PR","ST","182401","18.39828","-66.9274","N","S","NAD27","NAD83","72","115","US","NA","QUEBRADILLAS","  20000","535","M","16","NGVD29","21010002"," 1","C","NNNNYNNNNYNNNNNNNNNNNNNNNNNNNN","NA","19851128","NA","NA","AST","N","NA","NNNNNNNN","NA","NA","NA","NA","NA","NA","PR454300100","2017-02-17T00:00:00.000","(18.39828, -66.9274)"
"USGS","50011400","RIO GUAJATACA ABV MOUTH NR QUEBRADILLAS, PR","ST","182831","18.47328","-66.9624","M","S","NAD27","NAD83","72","115","US","NA","QUEBRADILLAS","  20000",,"NA",,"NA","21010002"," 1","C","NNNNNNNNNNNNNNNNNNNNNNNNNNNNNN","NA","19851128","NA","NA","AST","N","NA","NNNNNNNN","NA","NA","NA","NA","NA","NA","PR454300100","1989-09-30T00:00:00.000","(18.47328, -66.9624)"
"USGS","50013000","RIO CAMUY NR LARES, PR","ST","181749","18.29495","-66.8249","M","S","NAD27","NAD83","72","81","US","NA","BAYANEY","  20000","984.3","M","16","NGVD29","21010002","02","C","NNNNNNNNNNNNNNNNNNNNNNNNNNNNNN","NA","19940223","7.62","NA","AST","N","NA","NNNNNNNN","NA","NA","NA","NA","NA","NA","PR454310600","1971-06-30T00:00:00.000","(18.29495, -66.8249)"
"USGS","50014000","RIO CRIMINALES NR LARES, PR","ST","181757","18.29717","-66.8224","M","S","NAD27","NAD83","72","141","US","NA","BAYANEY","  20000","984.3","M","16","NGVD29","21010002","02","C","NNNNNNNNNNNNNNNNNNNNNNNNNNNNNN","NA","19940223","4.68","NA","AST","N","NA","NNNNNNNN","NA","NA","NA","NA","NA","NA","PR454310600","1971-07-08T00:00:00.000","(18.29717, -66.8224)"
"USGS","50014600","RIO CAMUY AT TRES PUEBLOS SINKHOLE, LARES PR","ST","182042","18.34301","-66.82434","M","S","NAD27","NAD83","72","65","US","NA","BAYANEY","  20000","722","M","16","NGVD29","21010002","NA","C","NNNNNNNNNNNNNNNNNNNNNNNNNNNNNN","NA","19900419","NA","NA","AST","N","NA","NNNNNNNN","NA","NA","NA","NA","NA","NA","PR454300100","1996-09-30T00:00:00.000","(18.34301, -66.82434)"
