"corporacion_publica","informe","ultimo_ano_auditado","publicacion_de_informe","area_estudiada_con_deficiencias","abuso","fraude","gastos_innecesarios","incumplimiento","opinion_de_contralor_sobre_la_auditoria"
"AAA","CP-00-11","1995-05-26T00:00:00.000","2000-03-27T00:00:00.000","Servicios profesionales","0","0","0","2","Adversa"
"AAA","CP-00-17","1995-05-26T00:00:00.000","2000-05-31T00:00:00.000","ConstrucciÑn de obras y mejoras permanentes","0","0","0","5","Adversa"
"AAA","CP-01-02","1995-05-26T00:00:00.000","2000-08-16T00:00:00.000","PlanificaciÑn - Controles administrativos","0","0","0","2","Adversa"
"AAA","CP-01-09","1995-05-26T00:00:00.000","2000-12-06T00:00:00.000","Servicios profesionales","0","0","0","4","Adversa"
"AAA","CP-01-18","1995-05-26T00:00:00.000","2001-04-19T00:00:00.000","Servicios profesionales","0","0","0","5","Adversa"
"AAA","CP-02-03","1995-05-26T00:00:00.000","2001-10-23T00:00:00.000","Privatizaciones","0","0","0","1","Adversa"
"AAA","CP-02-20","1995-05-26T00:00:00.000","2002-04-05T00:00:00.000","Privatizaciones","0","0","0","3","Adversa"
"AAA","CP-03-02","1995-05-26T00:00:00.000","2002-07-22T00:00:00.000","Privatizaciones","0","0","1","4","Adversa"
"AAA","CP-03-19","1995-05-26T00:00:00.000","2003-02-27T00:00:00.000","Privatizaciones","0","0","3","4","Adversa"
"AAA","CP-04-01","1995-05-26T00:00:00.000","2003-07-17T00:00:00.000","Privatizaciones","0","0","0","1","Adversa"
"AAA","CP-04-04","1995-05-26T00:00:00.000","2003-09-23T00:00:00.000","Otro","0","0","0","4","Adversa"
"AAA","CP-04-11","1995-05-26T00:00:00.000","2003-12-08T00:00:00.000","PlanificaciÑn - Controles administrativos","0","0","0","2","Adversa"
"AAA","CP-04-25","2002-07-01T00:00:00.000","2004-05-10T00:00:00.000","Privatizaciones","0","0","0","4","Adversa"
"AAA","CP-05-07","2003-01-01T00:00:00.000","2004-09-03T00:00:00.000","Otro","0","0","0","1","Adversa"
"AAA","CP-05-10","2003-01-01T00:00:00.000","2004-09-13T00:00:00.000","Otro","0","0","0","1","Adversa"
"AAA","CP-05-11","2001-01-01T00:00:00.000","2004-09-20T00:00:00.000","Privatizaciones","0","0","0","9","Adversa"
"AAA","CP-05-13","2003-01-01T00:00:00.000","2004-12-02T00:00:00.000","Otro","0","0","0","3","Adversa"
"AAA","CP-05-24","2002-07-01T00:00:00.000","2005-06-08T00:00:00.000","Compras, cuentas por pagar y desembolsos","0","0","0","7","Adversa"
"AAA","CP-05-27","1995-05-26T00:00:00.000","2005-06-15T00:00:00.000","Privatizaciones","0","0","0","8","Adversa"
"AAA","CP-06-01","2003-07-01T00:00:00.000","2005-08-03T00:00:00.000","Otro","0","0","0","4","Adversa"
"AAA","CP-06-03","2003-07-01T00:00:00.000","2005-08-29T00:00:00.000","Otro","0","0","0","2","Adversa"
"AAA","CP-06-06","2003-07-01T00:00:00.000","2005-10-17T00:00:00.000","Otro","0","0","0","1","Adversa"
"AAA","CP-07-06","2002-07-01T00:00:00.000","2007-01-23T00:00:00.000","Compras, cuentas por pagar y desembolsos","0","0","0","4","Adversa"
"AAA","CP-07-11","2002-07-01T00:00:00.000","2007-02-13T00:00:00.000","Ingresos y cuentas por cobrar","0","0","0","4","Adversa"
"AAA","CP-07-16","2002-07-01T00:00:00.000","2007-03-13T00:00:00.000","Privatizaciones","0","0","2","2","Adversa"
"AAA","CP-07-22","1994-01-01T00:00:00.000","2007-05-01T00:00:00.000","ConstrucciÑn de obras y mejoras permanentes","0","0","2","4","Adversa"
"AAA","CP-07-26","2003-07-01T00:00:00.000","2007-06-19T00:00:00.000","Personal","0","0","0","6","Adversa"
"AAA","CP-08-29","2004-04-01T00:00:00.000","2008-06-18T00:00:00.000","Ingresos y cuentas por cobrar","0","0","0","5","Adversa"
"AAA","CP-99-21","1990-07-01T00:00:00.000","1999-06-24T00:00:00.000","Servicios profesionales","0","0","0","9","Adversa"
"ACAA","CP-01-27","1994-01-01T00:00:00.000","2001-06-27T00:00:00.000",,,,,,"Favorable con hallazgos secundarios"
"ACAA","CP-07-03","2000-07-01T00:00:00.000","2006-10-23T00:00:00.000","PlanificaciÑn - Controles administrativos","0","0","0","2","Favorable con hallazgos principales y secundarios"
"ACAA","CP-08-03","2000-07-01T00:00:00.000","2007-09-05T00:00:00.000","Donativos","0","0","0","2","Adversa"
"ACAA","CP-08-17","2000-07-01T00:00:00.000","2008-03-03T00:00:00.000","Compras, cuentas por pagar y desembolsos","0","0","0","2","Adversa"
"AEE","CP-01-23","1994-01-01T00:00:00.000","2001-05-18T00:00:00.000",,,,,,"Favorable con hallazgos secundarios"
"AEE","CP-01-26","1998-01-01T00:00:00.000","2001-06-22T00:00:00.000","Compras, cuentas por pagar y desembolsos","0","0","0","1","Favorable con hallazgos principales y secundarios"
"AEE","CP-02-06","1998-01-01T00:00:00.000","2001-11-09T00:00:00.000","Compras, cuentas por pagar y desembolsos","0","0","0","1","Favorable con hallazgos principales y secundarios"
"AEE","CP-02-21","1994-01-01T00:00:00.000","2002-04-08T00:00:00.000",,,,,,"Favorable con hallazgos secundarios"
"AEE","CP-02-26","1998-01-01T00:00:00.000","2002-05-13T00:00:00.000","Compras, cuentas por pagar y desembolsos","0","0","0","4","Adversa"
"AEE","CP-03-11","1998-01-01T00:00:00.000","2002-12-17T00:00:00.000","Compras, cuentas por pagar y desembolsos","0","0","0","1","Adversa"
"AEE","CP-03-22","1998-01-01T00:00:00.000","2003-04-25T00:00:00.000","Compras, cuentas por pagar y desembolsos","0","0","0","1","Adversa"
"AEE","CP-04-09","1998-01-01T00:00:00.000","2003-11-03T00:00:00.000","Propiedad","0","0","1","3","Adversa"
"AEE","CP-04-27","1998-01-01T00:00:00.000","2004-05-31T00:00:00.000","Ingresos y cuentas por cobrar","0","0","0","1","Adversa"
"AEE","CP-05-14","1994-01-01T00:00:00.000","2004-12-16T00:00:00.000","Compras, cuentas por pagar y desembolsos","0","0","0","6","Adversa"
"AEE","CP-05-25","1994-01-01T00:00:00.000","2005-06-09T00:00:00.000",,,,,,"Favorable con hallazgos secundarios"
"AEE","CP-05-31","1998-01-01T00:00:00.000","2005-06-23T00:00:00.000","Donativos","0","0","0","9","Adversa"
"AEE","CP-06-02","2004-09-15T00:00:00.000","2005-08-11T00:00:00.000","Otro","0","0","0","3","Adversa"
"AEE","CP-06-31","1998-01-01T00:00:00.000","2006-06-05T00:00:00.000","Otro","1","0","0","4","Adversa"
"AEE","CP-06-32","1998-01-01T00:00:00.000","2006-06-21T00:00:00.000","Otro","0","0","0","2","Adversa"
"AEE","CP-08-02","1994-01-01T00:00:00.000","2007-08-30T00:00:00.000",,,,,,"Favorable con hallazgos secundarios"
"AEE","CP-08-06","1998-01-01T00:00:00.000","2007-11-08T00:00:00.000","PlanificaciÑn - Controles administrativos","0","0","0","2","Adversa"
"AEE","CP-08-18","1998-01-01T00:00:00.000","2008-04-08T00:00:00.000","Servicios profesionales","0","0","0","3","Adversa"
"AEE","CP-08-26","2005-01-01T00:00:00.000","2008-05-08T00:00:00.000","Compras, cuentas por pagar y desembolsos","0","0","1","0","Adversa"
"AEE","CP-98-12","1993-07-01T00:00:00.000","1998-05-21T00:00:00.000","PlanificaciÑn - Controles administrativos","0","0","1","2","Adversa"
"AEE","CP-99-06","1994-01-01T00:00:00.000","1999-02-17T00:00:00.000","Compras, cuentas por pagar y desembolsos","0","0","0","4","Adversa"
"AEELA","CP-06-11","1996-07-01T00:00:00.000","2005-12-02T00:00:00.000","PlanificaciÑn - Controles administrativos","0","0","0","5","Favorable con hallazgos principales y secundarios"
"AEELA","CP-06-19","1996-07-01T00:00:00.000","2006-04-26T00:00:00.000","Otro","0","0","0","5","Adversa"
"AEELA","CP-06-26","1996-07-01T00:00:00.000","2006-05-15T00:00:00.000","Otro","0","0","0","7","Adversa"
"AMA","CP-03-18","1997-01-01T00:00:00.000","2003-02-26T00:00:00.000","PlanificaciÑn - Controles administrativos","0","0","0","3","Parcialmente adversa"
"AMA","CP-03-26","1997-01-01T00:00:00.000","2003-05-16T00:00:00.000","Efectivo","0","0","0","2","Parcialmente adversa"
"AMA","CP-04-22","1997-01-01T00:00:00.000","2004-04-20T00:00:00.000","PlanificaciÑn - Controles administrativos","0","0","0","4","Parcialmente adversa"
"AMA","CP-06-09","1997-01-01T00:00:00.000","2005-11-22T00:00:00.000","Compras, cuentas por pagar y desembolsos","0","1","0","4","Parcialmente adversa"
"Autoridad de Desperdicios Solidos","CP-02-14","1995-02-01T00:00:00.000","2002-03-04T00:00:00.000","Compras, cuentas por pagar y desembolsos","0","0","0","4","Parcialmente adversa"
"Autoridad de Desperdicios Solidos","CP-03-28","1995-02-01T00:00:00.000","2003-06-04T00:00:00.000","ConstrucciÑn de obras y mejoras permanentes","0","0","0","5","Adversa"
"Autoridad de Desperdicios Solidos","CP-03-29","1995-02-01T00:00:00.000","2003-06-27T00:00:00.000","ConstrucciÑn de obras y mejoras permanentes","0","0","0","4","Adversa"
"Autoridad de Desperdicios Solidos","CP-06-08","1995-02-01T00:00:00.000","2005-11-21T00:00:00.000","Otro","0","0","0","9","Adversa"
"Autoridad de Desperdicios Solidos","CP-06-25","1995-02-01T00:00:00.000","2006-05-11T00:00:00.000","Servicios profesionales","0","1","0","4","Adversa"
"Autoridad de Desperdicios Solidos","CP-06-27","1995-02-01T00:00:00.000","2006-05-16T00:00:00.000","Otro","0","0","0","2","Adversa"
"Autoridad de Desperdicios Solidos","CP-07-18","1995-02-01T00:00:00.000","2007-04-02T00:00:00.000","Inversiones","0","0","0","2","Adversa"
"Autoridad de Edificios Publicos","CP-02-12","1997-01-01T00:00:00.000","2002-02-19T00:00:00.000","Compras, cuentas por pagar y desembolsos","0","0","0","3","Parcialmente adversa"
"Autoridad de Edificios Publicos","CP-03-13","1997-01-01T00:00:00.000","2002-12-26T00:00:00.000","Compras, cuentas por pagar y desembolsos","0","0","0","4","Favorable con hallazgos principales y secundarios"
"Autoridad de Edificios Publicos","CP-04-15","1997-01-01T00:00:00.000","2004-02-18T00:00:00.000","Servicios profesionales","0","0","0","5","Favorable con hallazgos principales y secundarios"
"Autoridad de Edificios Publicos","CP-05-23","1997-01-01T00:00:00.000","2005-06-02T00:00:00.000","Privatizaciones","0","0","0","1","Favorable con hallazgos principales y secundarios"
"Autoridad de Edificios Publicos","CP-08-20","1996-07-01T00:00:00.000","2008-04-11T00:00:00.000","PlanificaciÑn - Controles administrativos","0","0","0","4","Adversa"
"Autoridad de Edificios Publicos","CP-98-15","1990-01-01T00:00:00.000","1998-06-12T00:00:00.000","ConstrucciÑn de obras y mejoras permanentes","0","0","2","2","Adversa"
"Autoridad de Telefonos de Puerto Rico","CP-00-01","1997-04-01T00:00:00.000","1999-11-09T00:00:00.000",,,,,,"Favorable con hallazgos secundarios"
"Autoridad de Telefonos de Puerto Rico","CP-00-12","1999-01-01T00:00:00.000","2000-04-19T00:00:00.000","Compras, cuentas por pagar y desembolsos","0","0","0","5","Adversa"
"Autoridad de Telefonos de Puerto Rico","CP-99-07","1994-01-01T00:00:00.000","1999-02-26T00:00:00.000","Compras, cuentas por pagar y desembolsos","0","0","0","4","Adversa"
"Autoridad para el Financiamiento de la Infraestructura","CP-03-03","1988-06-21T00:00:00.000","2002-08-20T00:00:00.000","PlanificaciÑn - Controles administrativos","0","0","0","2","Favorable con hallazgos principales y secundarios"
"Autoridad para el Financiamiento de la Infraestructura","CP-03-24","1988-06-21T00:00:00.000","2003-04-30T00:00:00.000","Personal","0","0","0","3","Adversa"
"Autoridad para el Financiamiento de la Infraestructura","CP-04-12","1988-06-21T00:00:00.000","2003-12-17T00:00:00.000","PlanificaciÑn - Controles administrativos","0","0","1","2","Favorable con hallazgos principales y secundarios"
"Autoridad para el Financiamiento de la Infraestructura","CP-04-24","1988-06-21T00:00:00.000","2004-04-30T00:00:00.000","ConstrucciÑn de obras y mejoras permanentes","0","0","2","0","Favorable con hallazgos principales y secundarios"
"Autoridad para el Financiamiento de la Infraestructura","CP-06-07","1988-06-21T00:00:00.000","2005-10-21T00:00:00.000","ConstrucciÑn de obras y mejoras permanentes","0","0","1","7","Adversa"
"Autoridad para el Financiamiento de la Infraestructura","CP-06-16","1998-01-01T00:00:00.000","2006-03-27T00:00:00.000","ConstrucciÑn de obras y mejoras permanentes","0","0","0","5","Adversa"
"Autoridad para el Financiamiento de la Infraestructura","CP-07-13","2001-02-01T00:00:00.000","2007-02-26T00:00:00.000","PlanificaciÑn - Controles administrativos","0","0","0","3","Adversa"
"Autoridad para el Financiamiento de la Infraestructura","CP-08-27","1998-01-01T00:00:00.000","2008-05-12T00:00:00.000","ConstrucciÑn de obras y mejoras permanentes","0","0","0","4","Adversa"
"Banco de Desarrollo Economico","CP-00-03","1989-09-01T00:00:00.000","1999-11-30T00:00:00.000","Servicios profesionales","0","0","0","3","Favorable con hallazgos principales y secundarios"
"Banco de Desarrollo Economico","CP-02-01","1998-01-01T00:00:00.000","2001-09-26T00:00:00.000","Inversiones","0","0","0","1","Favorable con hallazgos principales y secundarios"
"Banco de Desarrollo Economico","CP-02-28","1998-01-01T00:00:00.000","2002-05-21T00:00:00.000","Inversiones","0","0","0","3","Favorable con hallazgos principales y secundarios"
"Banco de Desarrollo Economico","CP-08-01","2001-07-01T00:00:00.000","2007-08-23T00:00:00.000","PlanificaciÑn - Controles administrativos","0","0","0","2","Favorable con hallazgos principales y secundarios"
"Banco de Desarrollo Economico","CP-98-10","1989-09-01T00:00:00.000","1998-05-08T00:00:00.000","Ingresos y cuentas por cobrar","0","0","0","3","Parcialmente adversa"
"Banco de Desarrollo Economico","CP-99-01","1989-09-01T00:00:00.000","1998-11-30T00:00:00.000","Servicios profesionales","0","0","0","2","Parcialmente adversa"
"Banco de Desarrollo Economico","CP-99-02","1994-11-01T00:00:00.000","1998-12-07T00:00:00.000","PlanificaciÑn - Controles administrativos","0","0","0","2","Parcialmente adversa"
"Banco Gubernamental de Fomento","CP-02-04","1992-07-01T00:00:00.000","2001-10-24T00:00:00.000","PlanificaciÑn - Controles administrativos","0","0","1","1","Adversa"
"Banco Gubernamental de Fomento","CP-04-26","1997-10-01T00:00:00.000","2004-05-17T00:00:00.000","Servicios profesionales","0","0","0","2","Parcialmente adversa"
"Banco Gubernamental de Fomento","CP-04-28","1997-10-01T00:00:00.000","2004-06-08T00:00:00.000","Propiedad","0","0","0","3","Adversa"
"Banco Gubernamental de Fomento","CP-04-31","1984-12-12T00:00:00.000","2004-06-22T00:00:00.000","PlanificaciÑn - Controles administrativos","0","0","0","1","Favorable con hallazgos principales y secundarios"
"Banco Gubernamental de Fomento","CP-05-18","1999-08-01T00:00:00.000","2005-04-08T00:00:00.000","PlanificaciÑn - Controles administrativos","0","0","0","5","Adversa"
"Banco Gubernamental de Fomento","CP-05-26","1984-12-12T00:00:00.000","2005-06-13T00:00:00.000","Inversiones","0","0","2","2","Adversa"
"Banco Gubernamental de Fomento","CP-06-05","1989-06-01T00:00:00.000","2005-09-16T00:00:00.000","PlanificaciÑn - Controles administrativos","0","0","0","2","Favorable con hallazgos principales y secundarios"
"Banco Gubernamental de Fomento","CP-06-21","1989-06-01T00:00:00.000","2006-05-02T00:00:00.000","PlanificaciÑn - Controles administrativos","0","0","0","1","Favorable con hallazgos principales y secundarios"
"Banco Gubernamental de Fomento","CP-07-12","1989-07-01T00:00:00.000","2007-02-22T00:00:00.000","PlanificaciÑn - Controles administrativos","0","0","0","4","Adversa"
"Banco Gubernamental de Fomento","CP-99-13","1995-01-01T00:00:00.000","1999-05-27T00:00:00.000",,,,,,"Favorable con hallazgos secundarios"
"Comision Especial","CP-05-03","1999-03-10T00:00:00.000","2004-08-13T00:00:00.000","Compras, cuentas por pagar y desembolsos","0","0","0","2","Adversa"
"Comision Especial","CP-05-17","1999-03-10T00:00:00.000","2005-03-16T00:00:00.000","PlanificaciÑn - Controles administrativos","0","0","1","4","Adversa"
"Compania de Parques Nacionales","CP-02-17","1998-07-01T00:00:00.000","2002-03-18T00:00:00.000","PlanificaciÑn - Controles administrativos","0","0","0","1","Favorable con hallazgos principales y secundarios"
"Compania de Parques Nacionales","CP-03-21","1998-01-01T00:00:00.000","2003-03-24T00:00:00.000","PlanificaciÑn - Controles administrativos","0","0","0","3","Favorable con hallazgos principales y secundarios"
"Compania de Parques Nacionales","CP-04-16","1998-01-01T00:00:00.000","2004-03-05T00:00:00.000","Servicios profesionales","0","0","0","4","Adversa"
"Compania de Parques Nacionales","CP-05-20","1998-01-01T00:00:00.000","2005-04-30T00:00:00.000","ConstrucciÑn de obras y mejoras permanentes","0","0","0","3","Adversa"
"Compania de Parques Nacionales","CP-06-20","2001-04-08T00:00:00.000","2006-05-01T00:00:00.000","PlanificaciÑn - Controles administrativos","0","0","0","1","Favorable con hallazgos principales y secundarios"
"Compania de Parques Nacionales","CP-06-24","2001-04-08T00:00:00.000","2006-05-10T00:00:00.000","ConstrucciÑn de obras y mejoras permanentes","0","0","0","5","Adversa"
"Compania de Parques Nacionales","CP-08-04","2001-04-08T00:00:00.000","2007-09-06T00:00:00.000","ConstrucciÑn de obras y mejoras permanentes","0","0","0","3","Adversa"
"Compania de Parques Nacionales","CP-99-08","1988-12-23T00:00:00.000","1999-03-19T00:00:00.000","Ingresos y cuentas por cobrar","0","0","0","3","Parcialmente adversa"
"Compania de Parques Nacionales","CP-99-11","1989-07-01T00:00:00.000","1999-05-14T00:00:00.000",,,,,,"Favorable con hallazgos secundarios"
"Consejo de EducaciÑn Superior","CP-99-12","1993-07-01T00:00:00.000","1999-05-17T00:00:00.000",,,,,,"Favorable con hallazgos secundarios"
"Corporacion Azucarera","CP-01-05","1994-01-01T00:00:00.000","2000-08-29T00:00:00.000","Privatizaciones","0","0","0","3","Adversa"
"Corporacion Azucarera","CP-01-06","1985-10-01T00:00:00.000","2000-08-30T00:00:00.000","PlanificaciÑn - Controles administrativos","0","0","0","7","Adversa"
"Corporacion Azucarera","CP-01-16","1998-07-01T00:00:00.000","2001-03-15T00:00:00.000","Privatizaciones","0","0","0","3","Adversa"
"Corporacion Azucarera","CP-01-19","1995-12-01T00:00:00.000","2001-04-26T00:00:00.000","Compras, cuentas por pagar y desembolsos","0","0","2","1","Adversa"
"Corporacion Azucarera","CP-03-05","1998-07-01T00:00:00.000","2002-09-04T00:00:00.000","Compras, cuentas por pagar y desembolsos","0","0","1","2","Adversa"
"Corporacion Azucarera","CP-98-17","1985-05-01T00:00:00.000","1998-06-23T00:00:00.000","PlanificaciÑn - Controles administrativos","0","0","0","5","Adversa"
"Corporacion Azucarera","CP-98-19","1986-07-01T00:00:00.000","1998-06-29T00:00:00.000","PlanificaciÑn - Controles administrativos","1","1","0","2","Adversa"
"Corporacion de las Artes","CP-06-14","1986-05-01T00:00:00.000","2006-03-16T00:00:00.000","PlanificaciÑn - Controles administrativos","0","0","0","6","Favorable con hallazgos principales y secundarios"
"Corporacion de las Artes","CP-08-16","1996-07-01T00:00:00.000","2008-02-25T00:00:00.000","PlanificaciÑn - Controles administrativos","0","0","0","5","Adversa"
"Corporacion de las Artes","CP-99-03","1986-07-01T00:00:00.000","1998-12-21T00:00:00.000","PlanificaciÑn - Controles administrativos","0","0","0","3","Parcialmente adversa"
"Corporacion de las Artes","CP-99-14","1986-07-01T00:00:00.000","1999-05-28T00:00:00.000","Personal","0","0","0","3","Adversa"
"Corporacion de Puerto Rico para la Difucion Publica","CP-03-01","1995-07-01T00:00:00.000","2002-07-08T00:00:00.000","PlanificaciÑn - Controles administrativos","0","0","0","2","Favorable con hallazgos principales y secundarios"
"Corporacion de Puerto Rico para la Difucion Publica","CP-03-07","1995-07-01T00:00:00.000","2002-10-09T00:00:00.000","PlanificaciÑn - Controles administrativos","0","0","0","4","Adversa"
"Corporacion de Puerto Rico para la Difucion Publica","CP-04-18","1995-07-01T00:00:00.000","2004-03-25T00:00:00.000","PlanificaciÑn - Controles administrativos","0","0","1","2","Parcialmente adversa"
"Corporacion de Puerto Rico para la Difucion Publica","CP-06-17","1995-07-01T00:00:00.000","2006-04-03T00:00:00.000","Otro","0","0","1","2","Adversa"
"Corporacion del Conservatorio de Musica de Puerto Rico","CP-04-21","1998-01-01T00:00:00.000","2004-04-19T00:00:00.000","Servicios profesionales","0","0","0","6","Favorable con hallazgos principales y secundarios"
"Corporacion del Conservatorio de Musica de Puerto Rico","CP-06-28","1998-01-01T00:00:00.000","2006-05-22T00:00:00.000","ConstrucciÑn de obras y mejoras permanentes","0","0","0","5","Adversa"
"Corporacion del Conservatorio de Musica de Puerto Rico","CP-98-06","1986-07-01T00:00:00.000","1998-03-27T00:00:00.000","Personal","0","0","1","3","Parcialmente adversa"
"Corporacion del Conservatorio de Musica de Puerto Rico","CP-99-15","1986-07-01T00:00:00.000","1999-06-07T00:00:00.000","Personal","0","0","1","3","Adversa"
"Corporacion del Fondo del Seguro del Estado","CP-04-07","1998-01-01T00:00:00.000","2003-10-07T00:00:00.000","PlanificaciÑn - Controles administrativos","0","0","0","8","Adversa"
"Corporacion del Fondo del Seguro del Estado","CP-04-13","1998-01-01T00:00:00.000","2004-02-02T00:00:00.000","Servicios profesionales","0","0","0","3","Adversa"
"Corporacion del Fondo del Seguro del Estado","CP-05-12","1998-01-01T00:00:00.000","2004-12-01T00:00:00.000","Privatizaciones","0","0","0","5","Adversa"
"Corporacion del Fondo del Seguro del Estado","CP-05-22","1998-01-01T00:00:00.000","2005-05-27T00:00:00.000","Compras, cuentas por pagar y desembolsos","0","0","2","1","Adversa"
"Corporacion del Fondo del Seguro del Estado","CP-06-12","1998-01-01T00:00:00.000","2005-12-07T00:00:00.000","Otro","0","0","0","1","Adversa"
"Corporacion del Fondo del Seguro del Estado","CP-06-15","1998-01-01T00:00:00.000","2006-03-23T00:00:00.000","Servicios profesionales","0","0","0","3","Adversa"
"Corporacion del Fondo del Seguro del Estado","CP-07-08","1998-01-01T00:00:00.000","2007-02-05T00:00:00.000","Compras, cuentas por pagar y desembolsos","0","0","0","2","Adversa"
"Corporacion del Fondo del Seguro del Estado","CP-07-10","1999-07-01T00:00:00.000","2007-02-08T00:00:00.000","PlanificaciÑn - Controles administrativos","0","0","0","3","Adversa"
"Corporacion del Fondo del Seguro del Estado","CP-07-25","1998-01-01T00:00:00.000","2007-06-13T00:00:00.000","Privatizaciones","0","0","0","7","Adversa"
"Corporacion del Fondo del Seguro del Estado","CP-98-05","1985-07-01T00:00:00.000","1998-03-04T00:00:00.000","Compras, cuentas por pagar y desembolsos","0","1","3","0","Adversa"
"Corporacion del Fondo del Seguro del Estado","CP-98-09","1985-07-01T00:00:00.000","1998-05-05T00:00:00.000","Servicios profesionales","0","0","0","5","Adversa"
"Corporacion del Fondo del Seguro del Estado","CP-98-11","1985-07-01T00:00:00.000","1998-05-15T00:00:00.000","Compras, cuentas por pagar y desembolsos","0","0","1","3","Adversa"
"COSSEC","CP-08-13","2001-08-17T00:00:00.000","2008-02-08T00:00:00.000","PlanificaciÑn - Controles administrativos","0","0","0","4","Favorable con hallazgos principales y secundarios"
"COSSEC","CP-08-22","2001-08-17T00:00:00.000","2008-04-17T00:00:00.000","Servicios profesionales","0","0","0","4","Favorable con hallazgos principales y secundarios"
"Departamento de Agricultura","CP-00-07","1993-01-01T00:00:00.000","1999-12-30T00:00:00.000","Privatizaciones","1","0","0","5","Adversa"
"Departamento de Agricultura","CP-00-18","1992-07-01T00:00:00.000","2000-06-05T00:00:00.000","PlanificaciÑn - Controles administrativos","0","0","0","8","Adversa"
"Departamento de Agricultura","CP-01-08","1996-07-01T00:00:00.000","2000-11-30T00:00:00.000","PlanificaciÑn - Controles administrativos","1","0","0","1","Adversa"
"Departamento de Agricultura","CP-01-17","1993-01-01T00:00:00.000","2001-03-31T00:00:00.000","PlanificaciÑn - Controles administrativos","0","0","0","4","Favorable con hallazgos principales y secundarios"
"Departamento de Agricultura","CP-01-20","1995-07-01T00:00:00.000","2001-04-30T00:00:00.000","PlanificaciÑn - Controles administrativos","0","0","0","1","Favorable con hallazgos principales y secundarios"
"Departamento de Agricultura","CP-01-21","1993-07-01T00:00:00.000","2001-05-02T00:00:00.000","Servicios profesionales","0","0","3","3","Adversa"
"Departamento de Agricultura","CP-01-22","1998-07-01T00:00:00.000","2001-05-08T00:00:00.000","Personal","0","0","0","2","Adversa"
"Departamento de Agricultura","CP-02-13","1994-07-01T00:00:00.000","2002-02-28T00:00:00.000","Compras, cuentas por pagar y desembolsos","0","0","0","3","Parcialmente adversa"
"Departamento de Agricultura","CP-03-14","1994-07-01T00:00:00.000","2003-01-28T00:00:00.000","Privatizaciones","0","0","0","5","Parcialmente adversa"
"Departamento de Agricultura","CP-04-06","1994-07-01T00:00:00.000","2003-10-01T00:00:00.000","Compras, cuentas por pagar y desembolsos","0","0","0","5","Parcialmente adversa"
"Departamento de Agricultura","CP-04-17","1994-07-01T00:00:00.000","2004-03-10T00:00:00.000","Propiedad","0","0","0","3","Parcialmente adversa"
"Departamento de Agricultura","CP-04-30","1994-07-01T00:00:00.000","2004-06-14T00:00:00.000","Compras, cuentas por pagar y desembolsos","0","0","1","0","Adversa"
"Departamento de Agricultura","CP-05-04","1994-07-01T00:00:00.000","2004-08-19T00:00:00.000","PlanificaciÑn - Controles administrativos","0","0","0","2","Adversa"
"Departamento de Agricultura","CP-05-21","2002-07-01T00:00:00.000","2005-05-26T00:00:00.000","Otro","0","0","1","3","Adversa"
"Departamento de Agricultura","CP-98-01","1990-10-01T00:00:00.000","1997-10-29T00:00:00.000","Compras, cuentas por pagar y desembolsos","0","0","0","4","Adversa"
"Departamento de Agricultura","CP-98-18","1989-10-01T00:00:00.000","1998-06-25T00:00:00.000","ConstrucciÑn de obras y mejoras permanentes","0","0","2","1","Adversa"
"Departamento de Agricultura","CP-98-21","1989-10-01T00:00:00.000","1998-06-30T00:00:00.000","ConstrucciÑn de obras y mejoras permanentes","0","0","0","3","Adversa"
"Departamento de Agricultura","CP-99-04","1989-10-01T00:00:00.000","1998-12-23T00:00:00.000","PlanificaciÑn - Controles administrativos","0","0","1","3","Adversa"
"Departamento de Agricultura","CP-99-10","1991-07-01T00:00:00.000","1999-04-09T00:00:00.000","PlanificaciÑn - Controles administrativos","0","0","0","7","Adversa"
"Departamento de Agricultura","CP-99-19","1990-10-01T00:00:00.000","1999-06-21T00:00:00.000","Compras, cuentas por pagar y desembolsos","0","1","0","2","Adversa"
"Departamento de Desarrollo Economico y Comercio","CP-00-05","1996-07-01T00:00:00.000","1999-12-17T00:00:00.000",,,,,,"Favorable con hallazgos secundarios"
"Departamento de Desarrollo Economico y Comercio","CP-00-14","1993-07-01T00:00:00.000","2000-05-10T00:00:00.000","PlanificaciÑn - Controles administrativos","0","0","0","1","Favorable con hallazgos principales y secundarios"
"Departamento de Desarrollo Economico y Comercio","CP-00-23","1997-01-01T00:00:00.000","2000-06-20T00:00:00.000","Servicios profesionales","0","0","0","4","Adversa"
"Departamento de Desarrollo Economico y Comercio","CP-01-07","1996-07-01T00:00:00.000","2000-09-08T00:00:00.000",,,,,,"Favorable"
"Departamento de Desarrollo Economico y Comercio","CP-01-11","1996-07-01T00:00:00.000","2000-12-21T00:00:00.000","Servicios profesionales","0","0","0","4","Adversa"
"Departamento de Desarrollo Economico y Comercio","CP-02-02","1997-01-01T00:00:00.000","2001-10-05T00:00:00.000","Servicios profesionales","0","0","1","1","Adversa"
"Departamento de Desarrollo Economico y Comercio","CP-02-05","1997-01-01T00:00:00.000","2001-10-31T00:00:00.000","Inversiones","0","0","0","1","Favorable con hallazgos principales y secundarios"
"Departamento de Desarrollo Economico y Comercio","CP-02-16","1999-07-01T00:00:00.000","2002-03-13T00:00:00.000","PlanificaciÑn - Controles administrativos","0","0","0","2","Favorable con hallazgos principales y secundarios"
"Departamento de Desarrollo Economico y Comercio","CP-02-22","1999-07-01T00:00:00.000","2002-04-19T00:00:00.000",,,,,,"Favorable con hallazgos secundarios"
"Departamento de Desarrollo Economico y Comercio","CP-02-27","1997-01-01T00:00:00.000","2002-05-15T00:00:00.000","Inversiones","0","0","0","1","Favorable con hallazgos principales y secundarios"
"Departamento de Desarrollo Economico y Comercio","CP-03-04","2000-01-01T00:00:00.000","2002-08-26T00:00:00.000","Servicios profesionales","0","0","0","11","Adversa"
"Departamento de Desarrollo Economico y Comercio","CP-04-08","2000-01-01T00:00:00.000","2003-10-20T00:00:00.000","Servicios profesionales","0","0","0","7","Adversa"
"Departamento de Desarrollo Economico y Comercio","CP-04-29","2000-07-01T00:00:00.000","2004-06-14T00:00:00.000","PlanificaciÑn - Controles administrativos","0","0","0","2","Favorable con hallazgos principales y secundarios"
"Departamento de Desarrollo Economico y Comercio","CP-05-02","2002-01-01T00:00:00.000","2004-07-29T00:00:00.000",,,,,,"Favorable con hallazgos secundarios"
"Departamento de Desarrollo Economico y Comercio","CP-05-16","2002-01-01T00:00:00.000","2005-03-08T00:00:00.000","Ingresos y cuentas por cobrar","0","0","0","1","Favorable con hallazgos principales y secundarios"
"Departamento de Desarrollo Economico y Comercio","CP-05-28","2000-07-01T00:00:00.000","2005-06-17T00:00:00.000","PlanificaciÑn - Controles administrativos","0","0","0","5","Favorable con hallazgos principales y secundarios"
"Departamento de Desarrollo Economico y Comercio","CP-05-30","1997-12-31T00:00:00.000","2005-06-20T00:00:00.000","Otro","0","0","0","4","Adversa"
"Departamento de Desarrollo Economico y Comercio","CP-06-23","2000-01-01T00:00:00.000","2006-05-09T00:00:00.000","Otro","0","0","0","6","Adversa"
"Departamento de Desarrollo Economico y Comercio","CP-07-02","1997-02-01T00:00:00.000","2006-10-17T00:00:00.000","PlanificaciÑn - Controles administrativos","0","0","0","2","Adversa"
"Departamento de Desarrollo Economico y Comercio","CP-07-09","2000-01-01T00:00:00.000","2007-02-06T00:00:00.000","ConstrucciÑn de obras y mejoras permanentes","0","0","0","6","Adversa"
"Departamento de Desarrollo Economico y Comercio","CP-07-15","2001-07-01T00:00:00.000","2007-03-07T00:00:00.000","PlanificaciÑn - Controles administrativos","0","0","0","5","Adversa"
"Departamento de Desarrollo Economico y Comercio","CP-07-19","2001-07-01T00:00:00.000","2007-04-10T00:00:00.000","PlanificaciÑn - Controles administrativos","0","0","0","5","Adversa"
"Departamento de Desarrollo Economico y Comercio","CP-07-21","2001-08-17T00:00:00.000","2007-04-27T00:00:00.000","PlanificaciÑn - Controles administrativos","0","0","0","10","Adversa"
"Departamento de Desarrollo Economico y Comercio","CP-08-11","2001-07-01T00:00:00.000","2008-01-28T00:00:00.000","PlanificaciÑn - Controles administrativos","0","0","0","3","Adversa"
"Departamento de Desarrollo Economico y Comercio","CP-08-12","2004-07-01T00:00:00.000","2008-02-04T00:00:00.000","PlanificaciÑn - Controles administrativos","0","0","0","3","Adversa"
"Departamento de Desarrollo Economico y Comercio","CP-08-23","2001-07-01T00:00:00.000","2008-04-22T00:00:00.000","Servicios profesionales","0","0","0","5","Adversa"
"Departamento de Desarrollo Economico y Comercio","CP-98-04","1993-01-01T00:00:00.000","1998-02-09T00:00:00.000","Servicios profesionales","0","0","0","1","Adversa"
"Departamento de Desarrollo Economico y Comercio","CP-98-07","1987-07-01T00:00:00.000","1998-04-15T00:00:00.000","Propiedad","0","0","0","2","Adversa"
"Departamento de la Vivienda","CP-00-15","1993-04-01T00:00:00.000","2000-05-16T00:00:00.000","Propiedad","0","0","0","3","Adversa"
"Departamento de la Vivienda","CP-02-19","1999-07-01T00:00:00.000","2002-03-30T00:00:00.000","Propiedad","0","0","0","2","Parcialmente adversa"
"Departamento de la Vivienda","CP-03-10","1999-07-01T00:00:00.000","2002-11-14T00:00:00.000","Propiedad","0","0","0","4","Adversa"
"Departamento de Transportacion y Obras Publicas","CP-00-06","1992-01-01T00:00:00.000","1999-12-22T00:00:00.000","Propiedad","0","0","0","2","Favorable con hallazgos principales y secundarios"
"Departamento de Transportacion y Obras Publicas","CP-00-09","1996-07-01T00:00:00.000","2000-02-07T00:00:00.000","Servicios profesionales","0","0","1","6","Adversa"
"Departamento de Transportacion y Obras Publicas","CP-00-10","1996-07-01T00:00:00.000","2000-02-22T00:00:00.000","ConstrucciÑn de obras y mejoras permanentes","0","1","0","1","Adversa"
"Departamento de Transportacion y Obras Publicas","CP-00-22","1992-01-01T00:00:00.000","2000-06-16T00:00:00.000","Compras, cuentas por pagar y desembolsos","0","0","0","2","Favorable con hallazgos principales y secundarios"
"Departamento de Transportacion y Obras Publicas","CP-01-03","1996-07-01T00:00:00.000","2000-08-25T00:00:00.000","Propiedad","0","0","0","5","Adversa"
"Departamento de Transportacion y Obras Publicas","CP-01-12","1996-07-01T00:00:00.000","2001-01-09T00:00:00.000","Ingresos y cuentas por cobrar","0","0","0","5","Adversa"
"Departamento de Transportacion y Obras Publicas","CP-01-25","1989-01-01T00:00:00.000","2001-06-18T00:00:00.000","ConstrucciÑn de obras y mejoras permanentes","0","0","0","1","Favorable con hallazgos principales y secundarios"
"Departamento de Transportacion y Obras Publicas","CP-02-09","1996-07-01T00:00:00.000","2001-11-30T00:00:00.000","Ingresos y cuentas por cobrar","0","0","0","2","Adversa"
"Departamento de Transportacion y Obras Publicas","CP-02-10","1992-01-01T00:00:00.000","2001-12-12T00:00:00.000","ConstrucciÑn de obras y mejoras permanentes","0","0","1","5","Adversa"
"Departamento de Transportacion y Obras Publicas","CP-02-25","1992-01-01T00:00:00.000","2002-05-10T00:00:00.000","ConstrucciÑn de obras y mejoras permanentes","0","0","0","2","Parcialmente adversa"
"Departamento de Transportacion y Obras Publicas","CP-03-06","1992-01-01T00:00:00.000","2002-09-30T00:00:00.000","ConstrucciÑn de obras y mejoras permanentes","0","0","1","3","Adversa"
"Departamento de Transportacion y Obras Publicas","CP-03-09","1992-01-01T00:00:00.000","2002-10-24T00:00:00.000","ConstrucciÑn de obras y mejoras permanentes","0","0","1","4","Adversa"
"Departamento de Transportacion y Obras Publicas","CP-03-12","1996-07-01T00:00:00.000","2002-12-23T00:00:00.000","Otro","0","0","0","4","Adversa"
"Departamento de Transportacion y Obras Publicas","CP-03-20","1996-07-01T00:00:00.000","2003-03-06T00:00:00.000","Servicios profesionales","0","0","0","4","Adversa"
"Departamento de Transportacion y Obras Publicas","CP-03-23","1996-07-01T00:00:00.000","2003-04-28T00:00:00.000","ConstrucciÑn de obras y mejoras permanentes","0","0","1","5","Adversa"
"Departamento de Transportacion y Obras Publicas","CP-04-02","1992-01-01T00:00:00.000","2003-08-19T00:00:00.000","ConstrucciÑn de obras y mejoras permanentes","0","0","0","3","Adversa"
"Departamento de Transportacion y Obras Publicas","CP-04-20","1996-07-01T00:00:00.000","2004-03-31T00:00:00.000","Servicios profesionales","0","0","0","5","Adversa"
"Departamento de Transportacion y Obras Publicas","CP-05-19","1996-07-01T00:00:00.000","2005-04-29T00:00:00.000","Ingresos y cuentas por cobrar","0","0","0","7","Adversa"
"Departamento de Transportacion y Obras Publicas","CP-05-32","1996-07-01T00:00:00.000","2005-06-23T00:00:00.000","ConstrucciÑn de obras y mejoras permanentes","0","0","0","1","Adversa"
"Departamento de Transportacion y Obras Publicas","CP-06-22","2001-01-01T00:00:00.000","2006-05-05T00:00:00.000","PlanificaciÑn - Controles administrativos","0","0","0","5","Adversa"
"Departamento de Transportacion y Obras Publicas","CP-06-30","2001-01-01T00:00:00.000","2006-05-30T00:00:00.000","PlanificaciÑn - Controles administrativos","0","0","0","6","Parcialmente adversa"
"Departamento de Transportacion y Obras Publicas","CP-07-14","2001-01-01T00:00:00.000","2007-03-05T00:00:00.000",,,,,,"Favorable con hallazgos secundarios"
"Departamento de Transportacion y Obras Publicas","CP-07-24","1996-07-01T00:00:00.000","2007-05-22T00:00:00.000","ConstrucciÑn de obras y mejoras permanentes","0","0","0","6","Adversa"
"Departamento de Transportacion y Obras Publicas","CP-08-05","1996-07-01T00:00:00.000","2007-10-31T00:00:00.000","ConstrucciÑn de obras y mejoras permanentes","0","0","0","4","Adversa"
"Departamento de Transportacion y Obras Publicas","CP-08-07","2001-01-01T00:00:00.000","2007-11-13T00:00:00.000","PlanificaciÑn - Controles administrativos","0","0","0","7","Adversa"
"Departamento de Transportacion y Obras Publicas","CP-08-09","2004-01-01T00:00:00.000","2008-01-11T00:00:00.000","Servicios profesionales","0","0","0","1","Adversa"
"Departamento de Transportacion y Obras Publicas","CP-08-14","2001-01-01T00:00:00.000","2008-02-14T00:00:00.000","PlanificaciÑn - Controles administrativos","0","0","0","3","Adversa"
"Departamento de Transportacion y Obras Publicas","CP-08-15","1996-07-01T00:00:00.000","2008-02-21T00:00:00.000","PlanificaciÑn - Controles administrativos","0","0","1","5","Adversa"
"Departamento de Transportacion y Obras Publicas","CP-08-19","1998-01-01T00:00:00.000","2008-04-10T00:00:00.000","PlanificaciÑn - Controles administrativos","0","0","0","6","Adversa"
"Departamento de Transportacion y Obras Publicas","CP-08-21","1995-01-01T00:00:00.000","2008-04-16T00:00:00.000","PlanificaciÑn - Controles administrativos","0","0","0","3","Adversa"
"Departamento de Transportacion y Obras Publicas","CP-98-03","1990-01-01T00:00:00.000","1997-11-20T00:00:00.000","Servicios profesionales","0","0","0","5","Adversa"
"Departamento de Transportacion y Obras Publicas","CP-99-20","1996-07-01T00:00:00.000","1999-06-23T00:00:00.000","Compras, cuentas por pagar y desembolsos","1","0","1","5","Adversa"
"DTRH","CP-01-15","1993-02-01T00:00:00.000","2001-02-27T00:00:00.000","Servicios profesionales","0","0","0","3","Favorable con hallazgos principales y secundarios"
"DTRH","CP-02-15","1993-02-01T00:00:00.000","2002-03-06T00:00:00.000","Personal","0","0","0","3","Favorable con hallazgos principales y secundarios"
"Instituto de Cultura Puertorriquena","CP-04-05","1998-01-01T00:00:00.000","2003-09-30T00:00:00.000","Propiedad","0","0","0","4","Favorable con hallazgos principales y secundarios"
"Instituto de Cultura Puertorriquena","CP-04-19","1997-07-01T00:00:00.000","2004-03-29T00:00:00.000","PlanificaciÑn - Controles administrativos","0","0","0","3","Favorable con hallazgos principales y secundarios"
"Instituto de Cultura Puertorriquena","CP-05-01","1998-01-01T00:00:00.000","2004-07-28T00:00:00.000","Donativos","0","0","0","2","Adversa"
"Instituto de Cultura Puertorriquena","CP-05-06","1997-07-01T00:00:00.000","2004-09-03T00:00:00.000","Ingresos y cuentas por cobrar","0","0","0","4","Favorable con hallazgos principales y secundarios"
"Instituto de Cultura Puertorriquena","CP-06-29","2004-01-01T00:00:00.000","2006-05-22T00:00:00.000","Otro","0","0","0","1","Adversa"
"Instituto de Cultura Puertorriquena","CP-98-02","1988-10-01T00:00:00.000","1997-11-17T00:00:00.000","PlanificaciÑn - Controles administrativos","0","0","0","5","Adversa"
"Instituto de Cultura Puertorriquena","CP-98-13","1988-10-01T00:00:00.000","1998-05-29T00:00:00.000","PlanificaciÑn - Controles administrativos","0","0","0","5","Adversa"
"Instituto de Cultura Puertorriquena","CP-98-14","1993-04-01T00:00:00.000","1998-06-03T00:00:00.000","Efectivo","0","1","1","1","Adversa"
"Junta de Gobierno del Servicio 9-1-1","CP-06-18","1995-01-01T00:00:00.000","2006-04-18T00:00:00.000","PlanificaciÑn - Controles administrativos","0","0","0","8","Adversa"
"Junta de Gobierno del Servicio 9-1-1","CP-07-17","1995-01-01T00:00:00.000","2007-04-02T00:00:00.000","Ingresos y cuentas por cobrar","0","0","0","1","Adversa"
"Junta de Gobierno del Servicio 9-1-1","CP-08-10","1995-01-01T00:00:00.000","2008-01-17T00:00:00.000","Ingresos y cuentas por cobrar","0","0","0","5","Adversa"
"Junta de Gobierno del Servicio 9-1-1","CP-08-28","1995-01-01T00:00:00.000","2008-05-23T00:00:00.000",,,,,,"Favorable con hallazgos secundarios"
"Junta Reglamentadora de Telecomunicaciones","CP-04-10","1996-09-12T00:00:00.000","2003-11-21T00:00:00.000","PlanificaciÑn - Controles administrativos","0","0","0","3","Favorable con hallazgos principales y secundarios"
"Junta Reglamentadora de Telecomunicaciones","CP-05-08","1996-10-17T00:00:00.000","2004-09-07T00:00:00.000","PlanificaciÑn - Controles administrativos","0","0","0","4","Adversa"
"Junta Reglamentadora de Telecomunicaciones","CP-05-09","1996-10-17T00:00:00.000","2004-09-08T00:00:00.000","Servicios profesionales","0","0","0","4","Adversa"
"Oficina para el Financiamiento SocioeconÑmico y la AutogestiÑn","CP-07-05","2002-11-21T00:00:00.000","2006-12-19T00:00:00.000","PlanificaciÑn - Controles administrativos","0","0","0","1","Adversa"
"Proceso de Venta de las Instalaciones de Salud Gubernamentales","CP-01-01","1997-10-01T00:00:00.000","2000-07-19T00:00:00.000","PlanificaciÑn - Controles administrativos","0","0","0","3","Adversa"
"Proceso de Venta de las Instalaciones de Salud Gubernamentales","CP-01-14","1997-10-01T00:00:00.000","2001-02-15T00:00:00.000","PlanificaciÑn - Controles administrativos","0","0","0","2","Adversa"
"Proceso de Venta de las Instalaciones de Salud Gubernamentales","CP-02-07","1997-10-01T00:00:00.000","2001-11-16T00:00:00.000","Privatizaciones","0","0","0","4","Adversa"
"Proceso de Venta de las Instalaciones de Salud Gubernamentales","CP-02-23","1997-10-01T00:00:00.000","2002-04-24T00:00:00.000","Privatizaciones","0","0","0","1","Adversa"
"Proceso de Venta de las Instalaciones de Salud Gubernamentales","CP-03-08","1997-10-01T00:00:00.000","2002-10-17T00:00:00.000","Privatizaciones","0","0","0","4","Adversa"
"Proceso de Venta de las Instalaciones de Salud Gubernamentales","CP-03-16","1997-10-01T00:00:00.000","2003-02-19T00:00:00.000","Privatizaciones","0","0","0","2","Adversa"
"Proceso de Venta de las Instalaciones de Salud Gubernamentales","CP-03-27","1997-10-01T00:00:00.000","2003-05-19T00:00:00.000","Privatizaciones","0","0","0","4","Adversa"
"Proceso de Venta de las Instalaciones de Salud Gubernamentales","CP-04-03","1997-10-01T00:00:00.000","2003-09-16T00:00:00.000","Privatizaciones","0","0","0","4","Adversa"
"Proceso de Venta de las Instalaciones de Salud Gubernamentales","CP-04-23","1997-10-01T00:00:00.000","2004-04-29T00:00:00.000","Privatizaciones","0","0","0","2","Adversa"
"UPR","CP-00-02","1987-07-01T00:00:00.000","1999-11-30T00:00:00.000","PlanificaciÑn - Controles administrativos","0","0","0","3","Favorable con hallazgos principales y secundarios"
"UPR","CP-00-04","1986-12-01T00:00:00.000","1999-12-13T00:00:00.000",,,,,,"Favorable con hallazgos secundarios"
"UPR","CP-00-13","1987-07-01T00:00:00.000","2000-04-25T00:00:00.000","Ingresos y cuentas por cobrar","0","0","0","2","Favorable con hallazgos principales y secundarios"
"UPR","CP-00-16","1986-03-01T00:00:00.000","2000-05-17T00:00:00.000",,,,,,"Favorable con hallazgos secundarios"
"UPR","CP-00-19","1987-06-01T00:00:00.000","2000-06-12T00:00:00.000","Compras, cuentas por pagar y desembolsos","0","0","0","5","Favorable con hallazgos principales y secundarios"
"UPR","CP-00-20","1987-01-01T00:00:00.000","2000-06-13T00:00:00.000",,,,,,"Favorable con hallazgos secundarios"
"UPR","CP-00-21","1986-01-01T00:00:00.000","2000-06-14T00:00:00.000","ConstrucciÑn de obras y mejoras permanentes","0","0","0","3","Favorable con hallazgos principales y secundarios"
"UPR","CP-00-24","1998-01-01T00:00:00.000","2000-06-22T00:00:00.000","ConstrucciÑn de obras y mejoras permanentes","0","0","0","4","Favorable con hallazgos principales y secundarios"
"UPR","CP-01-04","1991-07-01T00:00:00.000","2000-08-28T00:00:00.000","Servicios profesionales","0","1","0","2","Adversa"
"UPR","CP-01-10","1993-04-01T00:00:00.000","2000-12-12T00:00:00.000","PlanificaciÑn - Controles administrativos","0","0","0","2","Favorable con hallazgos principales y secundarios"
"UPR","CP-01-13","1987-07-01T00:00:00.000","2001-02-06T00:00:00.000",,,,,,"Favorable con hallazgos secundarios"
"UPR","CP-01-24","1987-07-01T00:00:00.000","2001-05-30T00:00:00.000","Servicios profesionales","0","0","0","2","Favorable con hallazgos principales y secundarios"
"UPR","CP-02-08","1995-01-01T00:00:00.000","2001-11-29T00:00:00.000","Servicios profesionales","0","0","0","3","Adversa"
"UPR","CP-02-11","1988-07-01T00:00:00.000","2001-12-28T00:00:00.000","Servicios profesionales","0","0","0","2","Parcialmente adversa"
"UPR","CP-02-18","1993-07-01T00:00:00.000","2002-03-19T00:00:00.000",,,,,,"Favorable con hallazgos secundarios"
"UPR","CP-03-25","1995-01-01T00:00:00.000","2003-05-16T00:00:00.000","ConstrucciÑn de obras y mejoras permanentes","0","0","0","6","Adversa"
"UPR","CP-05-29","1996-07-01T00:00:00.000","2005-06-20T00:00:00.000","PlanificaciÑn - Controles administrativos","0","0","0","3","Adversa"
"UPR","CP-07-04","1996-07-01T00:00:00.000","2006-10-30T00:00:00.000","PlanificaciÑn - Controles administrativos","0","0","0","1","Favorable con hallazgos principales y secundarios"
"UPR","CP-07-23","1996-07-01T00:00:00.000","2007-05-09T00:00:00.000","PlanificaciÑn - Controles administrativos","0","0","0","5","Adversa"
"UPR","CP-98-08","1987-07-01T00:00:00.000","1998-04-30T00:00:00.000",,,,,,"Favorable con hallazgos secundarios"
"UPR","CP-98-16","1991-07-01T00:00:00.000","1998-06-19T00:00:00.000","Compras, cuentas por pagar y desembolsos","0","0","2","1","Adversa"
"UPR","CP-98-20","1991-07-01T00:00:00.000","1998-06-29T00:00:00.000","PlanificaciÑn - Controles administrativos","0","0","2","1","Adversa"
"UPR","CP-99-05","1986-07-01T00:00:00.000","1998-12-30T00:00:00.000","Personal","0","0","1","1","Parcialmente adversa"
"UPR","CP-99-09","1991-07-01T00:00:00.000","1999-03-26T00:00:00.000","PlanificaciÑn - Controles administrativos","0","0","0","2","Parcialmente adversa"
"UPR","CP-99-17","1991-07-01T00:00:00.000","1999-06-18T00:00:00.000","Personal","0","0","0","2","Adversa"
"UPR","CP-99-18","1988-07-01T00:00:00.000","1999-06-18T00:00:00.000","ConstrucciÑn de obras y mejoras permanentes","0","0","0","2","Parcialmente adversa"
"Venta de Activos Autoridad de Telefonos de Puerto Rico","CP-02-24","1999-03-02T00:00:00.000","2002-04-30T00:00:00.000","Privatizaciones","0","0","0","1","Favorable con hallazgos principales y secundarios"
"Venta de Activos Autoridad de Telefonos de Puerto Rico","CP-03-15","1999-03-02T00:00:00.000","2003-02-10T00:00:00.000","Privatizaciones","0","0","0","2","Favorable con hallazgos principales y secundarios"
