"municipio","informe","ultimo_ano_auditado","publicacion_de_informe","area_estudiada_con_deficiencias","abuso","fraude","gastos_innecesarios","incumplimiento","opinion_de_contralor_sobre_la_auditoria"
"Adjuntas","M-02-10","1998-01-01T00:00:00.000","2001-09-28T00:00:00.000","Compras, cuentas por pagar y desembolsos","0","0","1","4","Favorable con hallazgos principales y secundarios"
"Adjuntas","M-05-42","2000-07-01T00:00:00.000","2005-03-14T00:00:00.000","Personal","0","0","1","3","Favorable con hallazgos principales y secundarios"
" Adjuntas","M-99-03","1995-07-01T00:00:00.000","1998-10-23T00:00:00.000","Efectivo","0","1","4","3","Adversa"
" Aguada","M-02-15","1997-07-01T00:00:00.000","2001-10-18T00:00:00.000","Construcci„n de obras y mejoras permanentes","0","0","1","4","Favorable con hallazgos principales y secundarios"
" Aguada","M-04-41","2000-07-01T00:00:00.000","2004-05-08T00:00:00.000","Compras, cuentas por pagar y desembolsos","1","0","0","2","Favorable con hallazgos principales y secundarios"
" Aguada","M-04-42","2000-07-01T00:00:00.000","2004-05-11T00:00:00.000","Construcci„n de obras y mejoras permanentes","0","0","1","2","Favorable con hallazgos principales y secundarios"
" Aguada","M-05-03","2000-07-01T00:00:00.000","2004-07-28T00:00:00.000","Personal","1","0","2","0","Favorable con hallazgos principales y secundarios"
" Aguada","M-08-11","2003-01-01T00:00:00.000","2007-10-15T00:00:00.000","Efectivo","0","0","1","1","Favorable con hallazgos principales y secundarios"
" Aguada","M-08-15","2003-01-01T00:00:00.000","2007-11-06T00:00:00.000","Personal","1","0","1","0","Favorable con hallazgos principales y secundarios"
" Aguada","M-99-12","1994-01-01T00:00:00.000","1999-03-03T00:00:00.000","Construcci„n de obras y mejoras permanentes","0","1","3","4","Favorable con hallazgos principales y secundarios"
" Aguadilla","M-00-47","1995-07-01T00:00:00.000","2000-06-23T00:00:00.000","Construcci„n de obras y mejoras permanentes","0","1","1","4","Favorable con hallazgos principales y secundarios"
" Aguadilla","M-01-01","1995-07-01T00:00:00.000","2000-07-18T00:00:00.000","Compras, cuentas por pagar y desembolsos","1","0","2","2","Parcialmente adversa"
" Aguadilla","M-01-02","1994-07-01T00:00:00.000","2000-07-19T00:00:00.000","Compras, cuentas por pagar y desembolsos","1","0","1","2","Favorable con hallazgos principales y secundarios"
" Aguadilla","M-03-28","1999-07-01T00:00:00.000","2003-02-10T00:00:00.000","Construcci„n de obras y mejoras permanentes","0","0","2","1","Favorable con hallazgos principales y secundarios"
" Aguadilla","M-06-15","2001-07-01T00:00:00.000","2005-12-12T00:00:00.000","Compras, cuentas por pagar y desembolsos","2","0","0","1","Favorable con hallazgos principales y secundarios"
" Aguadilla","M-08-32","2004-01-01T00:00:00.000","2008-03-18T00:00:00.000","Compras, cuentas por pagar y desembolsos","1","0","2","2","Parcialmente adversa"
" Aguas Buenas","M-01-37","1997-07-01T00:00:00.000","2001-05-04T00:00:00.000","Compras, cuentas por pagar y desembolsos","2","2","1","3","Adversa"
" Aguas Buenas","M-03-39","2000-02-01T00:00:00.000","2003-04-23T00:00:00.000","Efectivo","0","1","0","1","Favorable con hallazgos principales y secundarios"
" Aguas Buenas","M-06-63","2002-07-01T00:00:00.000","2006-06-12T00:00:00.000","Compras, cuentas por pagar y desembolsos","0","0","0","2","Favorable con hallazgos principales y secundarios"
" Aguas Buenas","M-07-08","2002-07-01T00:00:00.000","2006-08-29T00:00:00.000","Personal","1","1","0","1","Parcialmente adversa"
" Aguas Buenas","M-98-42","1995-07-01T00:00:00.000","1998-06-24T00:00:00.000","Construcci„n de obras y mejoras permanentes","1","0","2","5","Parcialmente adversa"
" Aibonito","M-02-01","1997-07-01T00:00:00.000","2001-07-12T00:00:00.000","Construcci„n de obras y mejoras permanentes","1","0","1","7","Favorable con hallazgos principales y secundarios"
" Aibonito","M-03-31","2000-01-01T00:00:00.000","2003-03-04T00:00:00.000","Construcci„n de obras y mejoras permanentes","2","1","0","2","Parcialmente adversa"
" Aibonito","M-03-32","2000-01-01T00:00:00.000","2003-03-20T00:00:00.000","Personal","2","0","0","3","Parcialmente adversa"
" Aibonito","M-06-32","2002-01-01T00:00:00.000","2006-03-13T00:00:00.000","Personal","2","0","0","0","Parcialmente adversa"
" Aibonito","M-06-38","2002-01-01T00:00:00.000","2006-03-24T00:00:00.000","Construcci„n de obras y mejoras permanentes","0","0","0","2","Favorable con hallazgos principales y secundarios"
" Aibonito","M-99-24","1995-07-01T00:00:00.000","1999-05-10T00:00:00.000","Construcci„n de obras y mejoras permanentes","0","0","1","7","Favorable con hallazgos principales y secundarios"
" Anasco","M-01-09","1996-07-01T00:00:00.000","2000-08-29T00:00:00.000","Personal","0","0","1","3","Favorable con hallazgos principales y secundarios"
" Anasco","M-03-13","1999-07-01T00:00:00.000","2002-11-14T00:00:00.000","Compras, cuentas por pagar y desembolsos","1","1","1","2","Parcialmente adversa"
" Anasco","M-03-15","1999-07-01T00:00:00.000","2002-11-15T00:00:00.000","Planificaci„n - Controles administrativos","1","0","1","1","Parcialmente adversa"
" Anasco","M-07-21","2001-07-01T00:00:00.000","2006-11-06T00:00:00.000","Personal","2","0","2","1","Favorable con hallazgos principales y secundarios"
" Anasco","M-07-27","2001-07-01T00:00:00.000","2006-11-29T00:00:00.000","Efectivo","1","0","0","4","Favorable con hallazgos principales y secundarios"
" Arecibo","M-02-47","1997-07-01T00:00:00.000","2002-05-07T00:00:00.000","Planificaci„n - Controles administrativos","0","0","0","1","Favorable con hallazgos principales y secundarios"
" Arecibo","M-03-29","1997-07-01T00:00:00.000","2003-02-13T00:00:00.000","Planificaci„n - Controles administrativos","0","0","1","5","Parcialmente adversa"
" Arecibo","M-03-46","1997-07-01T00:00:00.000","2003-05-15T00:00:00.000","Personal","1","0","3","3","Parcialmente adversa"
" Arecibo","M-05-17","2001-01-08T00:00:00.000","2004-09-07T00:00:00.000","Efectivo","0","0","1","1","Favorable con hallazgos principales y secundarios"
" Arecibo","M-06-21","2001-01-08T00:00:00.000","2006-02-07T00:00:00.000","Personal","1","0","2","1","Favorable con hallazgos principales y secundarios"
" Arecibo","M-06-25","2001-01-08T00:00:00.000","2006-02-17T00:00:00.000","Compras, cuentas por pagar y desembolsos","0","0","1","2","Favorable con hallazgos principales y secundarios"
" Arecibo","M-99-26","1991-01-01T00:00:00.000","1999-05-17T00:00:00.000","Efectivo","1","1","3","4","Adversa"
" Arecibo","M-99-40","1992-06-01T00:00:00.000","1999-06-22T00:00:00.000","Donativos","0","0","0","2","Favorable con hallazgos principales y secundarios"
" Arecibo","M-99-44","1993-03-01T00:00:00.000","1999-06-29T00:00:00.000","Servicios profesionales","1","0","0","4","Favorable con hallazgos principales y secundarios"
" Arecibo","M-99-45","1991-01-01T00:00:00.000","1999-06-28T00:00:00.000","Compras, cuentas por pagar y desembolsos","2","3","4","4","Adversa"
" Arroyo","M-00-31","1996-07-01T00:00:00.000","2000-04-24T00:00:00.000","Efectivo","0","0","1","6","Parcialmente adversa"
" Arroyo","M-02-40","1999-01-01T00:00:00.000","2002-03-25T00:00:00.000","Planificaci„n - Controles administrativos","0","0","0","5","Parcialmente adversa"
" Arroyo","M-03-01","1999-01-01T00:00:00.000","2002-07-16T00:00:00.000","Compras, cuentas por pagar y desembolsos","0","0","1","0","Adversa"
" Arroyo","M-04-32","2001-01-01T00:00:00.000","2004-03-16T00:00:00.000","Planificaci„n - Controles administrativos","1","0","1","1","Adversa"
" Arroyo","M-04-33","2001-01-01T00:00:00.000","2004-03-27T00:00:00.000","Construcci„n de obras y mejoras permanentes","0","2","1","2","Parcialmente adversa"
" Arroyo","M-04-37","1996-07-01T00:00:00.000","2004-04-19T00:00:00.000","Donativos","0","0","0","5","Favorable con hallazgos principales y secundarios"
" Arroyo","M-06-28","2003-01-13T00:00:00.000","2006-03-06T00:00:00.000","Compras, cuentas por pagar y desembolsos","0","0","0","4","Favorable con hallazgos principales y secundarios"
" Arroyo","M-06-36","2003-01-13T00:00:00.000","2006-03-21T00:00:00.000","Efectivo","1","1","1","3","Parcialmente adversa"
" Arroyo","M-98-13","1994-01-01T00:00:00.000","1998-01-28T00:00:00.000","Efectivo","0","0","1","6","Parcialmente adversa"
" Arroyo","M-98-18","1994-01-01T00:00:00.000","1998-02-28T00:00:00.000","Construcci„n de obras y mejoras permanentes","0","0","0","6","Parcialmente adversa"
" Barceloneta","M-02-17","1997-07-01T00:00:00.000","2001-11-02T00:00:00.000","Compras, cuentas por pagar y desembolsos","0","0","1","1","Favorable con hallazgos principales y secundarios"
" Barceloneta","M-05-38","2000-07-01T00:00:00.000","2005-02-18T00:00:00.000","Personal","1","0","0","2","Favorable con hallazgos principales y secundarios"
" Barceloneta","M-05-39","2000-07-01T00:00:00.000","2005-02-23T00:00:00.000","Compras, cuentas por pagar y desembolsos","0","0","0","2","Favorable con hallazgos principales y secundarios"
" Barceloneta","M-08-14","2003-07-01T00:00:00.000","2007-11-02T00:00:00.000","Efectivo","0","1","0","2","Favorable con hallazgos principales y secundarios"
" Barceloneta","M-08-23","2003-07-01T00:00:00.000","2008-02-11T00:00:00.000","Compras, cuentas por pagar y desembolsos","0","0","3","2","Favorable con hallazgos principales y secundarios"
" Barceloneta","M-99-29","1994-07-01T00:00:00.000","1999-06-01T00:00:00.000","Compras, cuentas por pagar y desembolsos","0","0","4","3","Favorable con hallazgos principales y secundarios"
" Barceloneta","M-99-31","1994-07-01T00:00:00.000","1999-06-03T00:00:00.000","Planificaci„n - Controles administrativos","0","0","6","1","Parcialmente adversa"
" Barranquitas","M-02-04","1998-06-01T00:00:00.000","2001-08-13T00:00:00.000","Compras, cuentas por pagar y desembolsos","0","1","0","1","Favorable con hallazgos principales y secundarios"
" Barranquitas","M-04-14","2000-07-01T00:00:00.000","2003-10-24T00:00:00.000","Construcci„n de obras y mejoras permanentes","1","0","0","1","Favorable con hallazgos principales y secundarios"
" Barranquitas","M-04-15","2000-07-01T00:00:00.000","2003-10-28T00:00:00.000","Compras, cuentas por pagar y desembolsos","0","0","1","1","Favorable con hallazgos principales y secundarios"
" Comerio","M-01-24","1998-07-01T00:00:00.000","2001-01-31T00:00:00.000","Efectivo","0","0","0","2","Favorable con hallazgos principales y secundarios"
" Barranquitas","M-07-04","2002-07-01T00:00:00.000","2006-08-17T00:00:00.000","Construcci„n de obras y mejoras permanentes","0","0","2","2","Favorable con hallazgos principales y secundarios"
" Barranquitas","M-99-39","1995-07-01T00:00:00.000","1999-06-21T00:00:00.000","Construcci„n de obras y mejoras permanentes","0","1","0","3","Parcialmente adversa"
" Bayamon","M-00-23","1992-06-23T00:00:00.000","2000-03-09T00:00:00.000","Planificaci„n - Controles administrativos","0","0","1","3","Favorable con hallazgos principales y secundarios"
" Bayamon","M-00-36","1993-07-01T00:00:00.000","2000-05-30T00:00:00.000","Compras, cuentas por pagar y desembolsos","0","1","3","0","Favorable con hallazgos principales y secundarios"
" Bayamon","M-00-38","1993-07-01T00:00:00.000","2000-06-12T00:00:00.000","Compras, cuentas por pagar y desembolsos","1","2","1","3","Parcialmente adversa"
" Bayamon ","M-03-42","1999-05-12T00:00:00.000","2003-05-06T00:00:00.000","Personal","1","0","1","0","Favorable con hallazgos principales y secundarios"
" Bayamon","M-03-43","1998-01-01T00:00:00.000","2003-05-08T00:00:00.000","Efectivo","0","0","2","1","Favorable con hallazgos principales y secundarios"
" Bayamon","M-03-52","1998-07-01T00:00:00.000","2003-05-31T00:00:00.000","Compras, cuentas por pagar y desembolsos","0","1","2","3","Favorable con hallazgos principales y secundarios"
" Bayamon","M-03-54","1998-07-01T00:00:00.000","2003-06-10T00:00:00.000","Construcci„n de obras y mejoras permanentes","0","0","1","1","Favorable con hallazgos principales y secundarios"
" Bayamon","M-04-07","1998-07-01T00:00:00.000","2003-09-23T00:00:00.000","Compras, cuentas por pagar y desembolsos","0","1","0","1","Adversa"
" Bayamon","M-05-20","2001-07-01T00:00:00.000","2004-09-13T00:00:00.000","Compras, cuentas por pagar y desembolsos","0","0","1","2","Favorable con hallazgos principales y secundarios"
" Bayamon","M-06-08","2001-07-01T00:00:00.000","2005-10-18T00:00:00.000","Compras, cuentas por pagar y desembolsos","0","0","0","4","Favorable con hallazgos principales y secundarios"
" Bayamon","M-06-37","2001-07-01T00:00:00.000","2006-03-23T00:00:00.000","Servicios profesionales","0","0","0","1","Favorable con hallazgos principales y secundarios"
" Bayamon","M-06-44","2001-07-01T00:00:00.000","2006-04-18T00:00:00.000","Compras, cuentas por pagar y desembolsos","0","0","0","2","Favorable con hallazgos principales y secundarios"
" Cabo Rojo","M-00-13","1996-01-01T00:00:00.000","1999-12-09T00:00:00.000","Compras, cuentas por pagar y desembolsos","0","1","1","1","Parcialmente adversa"
" Cabo Rojo","M-02-32","1999-01-01T00:00:00.000","2002-01-29T00:00:00.000","Compras, cuentas por pagar y desembolsos","0","0","0","2","Favorable con hallazgos principales y secundarios"
" Cabo Rojo","M-05-32","2001-01-01T00:00:00.000","2004-12-15T00:00:00.000","Compras, cuentas por pagar y desembolsos","0","0","0","2","Favorable con hallazgos principales y secundarios"
" Cabo Rojo","M-07-41","2003-07-01T00:00:00.000","2007-02-20T00:00:00.000","Personal","1","0","0","1","Favorable con hallazgos principales y secundarios"
" Caguas","M-00-29","1996-05-29T00:00:00.000","2000-04-05T00:00:00.000","Compras, cuentas por pagar y desembolsos","0","0","0","2","Favorable con hallazgos principales y secundarios"
" Caguas","M-00-32","1995-01-01T00:00:00.000","2000-05-05T00:00:00.000","Compras, cuentas por pagar y desembolsos","0","1","0","1","Favorable con hallazgos principales y secundarios"
" Caguas","M-00-43","1995-07-01T00:00:00.000","2000-06-20T00:00:00.000","Servicios profesionales","0","0","1","1","Favorable con hallazgos principales y secundarios"
" Caguas","M-02-44","1998-07-01T00:00:00.000","2002-04-22T00:00:00.000","Compras, cuentas por pagar y desembolsos","0","0","1","2","Parcialmente adversa"
" Caguas","M-03-33","1999-01-01T00:00:00.000","2003-03-21T00:00:00.000","Construcci„n de obras y mejoras permanentes","1","1","1","1","Favorable con hallazgos principales y secundarios"
" Caguas","M-07-17","2001-07-01T00:00:00.000","2006-10-19T00:00:00.000","Personal","2","1","0","2","Favorable con hallazgos principales y secundarios"
" Camuy","M-01-44","1997-01-01T00:00:00.000","2001-05-25T00:00:00.000","Efectivo","1","1","1","6","Parcialmente adversa"
" Camuy","M-03-58","1999-07-01T00:00:00.000","2003-06-20T00:00:00.000","Efectivo","0","0","0","3","Parcialmente adversa"
" Camuy","M-04-02","1999-07-01T00:00:00.000","2003-08-18T00:00:00.000","Construcci„n de obras y mejoras permanentes","0","0","1","1","Favorable con hallazgos principales y secundarios"
" Camuy","M-04-16","1999-07-01T00:00:00.000","2003-11-07T00:00:00.000","Construcci„n de obras y mejoras permanentes","2","0","0","0","Favorable con hallazgos principales y secundarios"
" Camuy","M-06-27","2002-01-01T00:00:00.000","2006-03-03T00:00:00.000","Efectivo","0","0","0","4","Favorable con hallazgos principales y secundarios"
" Camuy","M-06-31","2002-01-01T00:00:00.000","2006-03-10T00:00:00.000","Compras, cuentas por pagar y desembolsos","0","0","0","3","Favorable con hallazgos principales y secundarios"
" Camuy","M-98-12","1994-01-01T00:00:00.000","1998-01-27T00:00:00.000","Efectivo","0","0","1","5","Parcialmente adversa"
" Canovanas","M-01-39","1997-07-01T00:00:00.000","2001-05-09T00:00:00.000","Compras, cuentas por pagar y desembolsos","0","0","1","5","Favorable con hallazgos principales y secundarios"
" Canovanas","M-03-49","1999-07-01T00:00:00.000","2003-05-27T00:00:00.000","Efectivo","0","0","0","3","Parcialmente adversa"
" Canovanas","M-03-57","1999-07-01T00:00:00.000","2003-06-18T00:00:00.000","Compras, cuentas por pagar y desembolsos","0","0","1","2","Favorable con hallazgos principales y secundarios"
" Canovanas","M-07-03 REV.","2002-01-01T00:00:00.000","2006-08-09T00:00:00.000","Propiedad","1","0","0","4","Favorable con hallazgos principales y secundarios"
" Canovanas","M-07-30","2002-01-01T00:00:00.000","2006-12-18T00:00:00.000","Servicios profesionales","3","0","0","2","Adversa"
" Canovanas","M-98-41","1993-01-12T00:00:00.000","1998-06-22T00:00:00.000","Construcci„n de obras y mejoras permanentes","1","0","2","5","Favorable con hallazgos principales y secundarios"
" Carolina","M-00-02","1987-06-19T00:00:00.000","1999-07-29T00:00:00.000","Compras, cuentas por pagar y desembolsos","0","0","1","2","Favorable con hallazgos principales y secundarios"
" Carolina","M-00-03","1986-03-18T00:00:00.000","1999-08-05T00:00:00.000","Efectivo","0","0","1","4","Parcialmente adversa"
" Carolina","M-00-30","1993-01-01T00:00:00.000","2000-04-19T00:00:00.000","Servicios profesionales","0","2","2","3","Parcialmente adversa"
" Carolina","M-02-51","1998-01-01T00:00:00.000","2002-05-28T00:00:00.000","Compras, cuentas por pagar y desembolsos","0","0","1","3","Favorable con hallazgos principales y secundarios"
" Carolina","M-03-23","1998-07-01T00:00:00.000","2003-01-28T00:00:00.000","Construcci„n de obras y mejoras permanentes","0","0","2","3","Favorable con hallazgos principales y secundarios"
" Carolina","M-07-14","2001-07-01T00:00:00.000","2006-10-10T00:00:00.000","Compras, cuentas por pagar y desembolsos","0","0","3","4","Favorable con hallazgos principales y secundarios"
" Carolina","M-07-25","2001-01-01T00:00:00.000","2006-11-16T00:00:00.000","Compras, cuentas por pagar y desembolsos","0","0","0","1","Favorable con hallazgos principales y secundarios"
" Carolina","M-99-37","1991-08-01T00:00:00.000","1999-06-17T00:00:00.000","Compras, cuentas por pagar y desembolsos","0","0","0","1","Favorable con hallazgos principales y secundarios"
" Catano","M-00-12","1997-01-01T00:00:00.000","1999-12-07T00:00:00.000","Servicios profesionales","0","0","0","1","Adversa"
" Catano","M-01-14","1997-01-01T00:00:00.000","2000-09-12T00:00:00.000","Compras, cuentas por pagar y desembolsos","1","0","1","5","Adversa"
" Catano","M-01-31","1997-01-01T00:00:00.000","2001-03-30T00:00:00.000","Construcci„n de obras y mejoras permanentes","1","0","2","4","Favorable con hallazgos principales y secundarios"
" Catano","M-01-48","1997-01-01T00:00:00.000","2001-06-11T00:00:00.000","Compras, cuentas por pagar y desembolsos","0","0","1","5","Favorable con hallazgos principales y secundarios"
" Catano","M-03-45","2000-03-01T00:00:00.000","2003-05-14T00:00:00.000","Compras, cuentas por pagar y desembolsos","0","0","1","3","Parcialmente adversa"
" Catano","M-04-10","2000-01-01T00:00:00.000","2003-09-30T00:00:00.000","Servicios profesionales","0","0","0","4","Favorable con hallazgos principales y secundarios"
" Catano","M-04-47","2000-01-01T00:00:00.000","2004-05-17T00:00:00.000","Personal","4","0","1","2","Parcialmente adversa"
" Catano","M-04-56","2000-01-01T00:00:00.000","2004-06-05T00:00:00.000","Compras, cuentas por pagar y desembolsos","0","0","3","2","Parcialmente adversa"
" Catano","M-07-36","2002-07-01T00:00:00.000","2007-01-23T00:00:00.000","Efectivo","0","0","0","2","Favorable con hallazgos principales y secundarios"
" Catano","M-98-33","1991-07-01T00:00:00.000","1998-05-30T00:00:00.000","Compras, cuentas por pagar y desembolsos","0","0","2","4","Parcialmente adversa"
" Catano","M-98-45","1993-02-09T00:00:00.000","1998-06-29T00:00:00.000","Compras, cuentas por pagar y desembolsos","0","0","0","2","Favorable con hallazgos principales y secundarios"
" Cayey","M-00-19","1995-07-01T00:00:00.000","2000-01-31T00:00:00.000","Planificaci„n - Controles administrativos","1","0","0","3","Parcialmente adversa"
" Cayey","M-00-20","1995-07-01T00:00:00.000","2000-02-09T00:00:00.000","Construcci„n de obras y mejoras permanentes","0","0","0","4","Favorable con hallazgos principales y secundarios"
" Cayey","M-02-41","1998-07-01T00:00:00.000","2002-03-27T00:00:00.000","Planificaci„n - Controles administrativos","0","0","1","6","Favorable con hallazgos principales y secundarios"
" Cayey","M-04-35","2000-07-01T00:00:00.000","2004-04-03T00:00:00.000","Efectivo","1","1","2","1","Parcialmente adversa"
" Cayey","M-05-12","2000-07-01T00:00:00.000","2004-08-19T00:00:00.000","Personal","0","0","0","2","Favorable con hallazgos principales y secundarios"
" Cayey","M-07-59","2003-01-01T00:00:00.000","2007-05-25T00:00:00.000","Personal","1","0","1","0","Parcialmente adversa"
" Guanica","M-05-29","2001-01-09T00:00:00.000","2004-11-16T00:00:00.000","Personal","2","0","0","1","Adversa"
" Ceiba","M-01-49","1997-07-01T00:00:00.000","2001-06-13T00:00:00.000","Compras, cuentas por pagar y desembolsos","0","0","1","1","Favorable con hallazgos principales y secundarios"
" Ceiba","M-02-02","1997-07-01T00:00:00.000","2001-07-17T00:00:00.000","Servicios profesionales","1","0","0","5","Parcialmente adversa"
" Ceiba","M-04-38","2000-01-01T00:00:00.000","2004-04-23T00:00:00.000","Donativos","0","0","1","1","Favorable con hallazgos principales y secundarios"
" Ceiba","M-04-54","2000-01-01T00:00:00.000","2004-06-02T00:00:00.000","Efectivo","0","0","2","3","Favorable con hallazgos principales y secundarios"
" Ceiba","M-04-58","2000-01-01T00:00:00.000","2004-06-14T00:00:00.000","Compras, cuentas por pagar y desembolsos","0","0","1","2","Parcialmente adversa"
" Ceiba","M-07-56","2003-01-01T00:00:00.000","2007-05-21T00:00:00.000","Compras, cuentas por pagar y desembolsos","0","0","0","1","Favorable con hallazgos principales y secundarios"
" Ceiba","M-08-08","2003-01-01T00:00:00.000","2007-09-14T00:00:00.000","Construcci„n de obras y mejoras permanentes","0","0","2","3","Favorable con hallazgos principales y secundarios"
" Ceiba","M-08-09","2003-01-01T00:00:00.000","2007-09-27T00:00:00.000","Compras, cuentas por pagar y desembolsos","0","0","0","3","Favorable con hallazgos principales y secundarios"
" Ceiba","M-08-10","2003-01-01T00:00:00.000","2007-10-04T00:00:00.000","Planificaci„n - Controles administrativos","0","0","0","1","Favorable con hallazgos principales y secundarios"
" Ceiba","M-99-16","1994-07-01T00:00:00.000","1999-03-30T00:00:00.000","Efectivo","0","0","3","6","Adversa"
" Ciales","M-02-31","1998-01-01T00:00:00.000","2001-12-31T00:00:00.000","Planificaci„n - Controles administrativos","0","1","1","8","Parcialmente adversa"
" Ciales","M-04-30","2000-07-01T00:00:00.000","2004-01-28T00:00:00.000","Planificaci„n - Controles administrativos","0","0","2","3","Parcialmente adversa"
" Ciales","M-04-31","2000-07-01T00:00:00.000","2004-02-13T00:00:00.000","Personal","0","0","1","1","Favorable con hallazgos principales y secundarios"
" Ciales","M-07-60","2003-01-01T00:00:00.000","2007-05-29T00:00:00.000","Planificaci„n - Controles administrativos","0","0","2","3","Parcialmente adversa"
" Ciales","M-07-65","2003-01-01T00:00:00.000","2007-06-11T00:00:00.000","Construcci„n de obras y mejoras permanentes","0","0","2","3","Favorable con hallazgos principales y secundarios"
" Ciales","M-99-18","1995-07-01T00:00:00.000","1999-04-09T00:00:00.000","Planificaci„n - Controles administrativos","1","0","1","5","Parcialmente adversa"
" Cidra","M-00-10","1995-07-01T00:00:00.000","1999-11-26T00:00:00.000","Compras, cuentas por pagar y desembolsos","0","0","0","3","Favorable con hallazgos principales y secundarios"
" Cidra","M-00-21","1995-07-01T00:00:00.000","2000-02-28T00:00:00.000","Construcci„n de obras y mejoras permanentes","0","0","0","2","Parcialmente adversa"
" Cidra","M-00-25","1995-07-01T00:00:00.000","2000-03-16T00:00:00.000","Compras, cuentas por pagar y desembolsos","1","1","1","1","Parcialmente adversa"
" Cidra","M-03-09","1998-07-01T00:00:00.000","2002-09-23T00:00:00.000","Planificaci„n - Controles administrativos","0","0","1","4","Parcialmente adversa"
" Cidra","M-03-22","1998-07-01T00:00:00.000","2003-01-15T00:00:00.000","Servicios profesionales","1","0","1","3","Parcialmente adversa"
" Cidra","M-06-49","2001-07-01T00:00:00.000","2006-05-09T00:00:00.000","Compras, cuentas por pagar y desembolsos","0","0","1","1","Favorable con hallazgos principales y secundarios"
" Cidra","M-06-60","2001-07-01T00:00:00.000","2006-06-08T00:00:00.000","Construcci„n de obras y mejoras permanentes","0","0","0","5","Favorable con hallazgos principales y secundarios"
" Coamo","M-01-15","1996-07-01T00:00:00.000","2000-09-13T00:00:00.000","Construcci„n de obras y mejoras permanentes","0","1","1","2","Favorable con hallazgos principales y secundarios"
" Coamo","M-03-03","1999-07-01T00:00:00.000","2002-08-20T00:00:00.000","Compras, cuentas por pagar y desembolsos","1","0","2","1","Parcialmente adversa"
" Coamo","M-03-12","2001-01-08T00:00:00.000","2002-11-13T00:00:00.000","Planificaci„n - Controles administrativos","0","0","0","2","Favorable con hallazgos principales y secundarios"
" Coamo","M-05-08","2001-07-01T00:00:00.000","2004-08-11T00:00:00.000","Compras, cuentas por pagar y desembolsos","1","0","1","1","Favorable con hallazgos principales y secundarios"
" Coamo","M-05-35","2001-07-01T00:00:00.000","2005-01-24T00:00:00.000","Construcci„n de obras y mejoras permanentes","0","0","1","3","Favorable con hallazgos secundarios"
" Coamo","M-08-30","2004-01-01T00:00:00.000","2008-03-11T00:00:00.000","Efectivo","0","1","0","4","Parcialmente adversa"
" Coamo","M-98-19","1993-01-01T00:00:00.000","1998-03-05T00:00:00.000","Construcci„n de obras y mejoras permanentes","0","0","1","3","Favorable con hallazgos principales y secundarios"
" Comerio","M-01-23","1997-01-01T00:00:00.000","2001-01-30T00:00:00.000","Construcci„n de obras y mejoras permanentes","0","0","1","2","Favorable con hallazgos principales y secundarios"
" Comerio","M-03-38","1999-07-01T00:00:00.000","2003-04-16T00:00:00.000","Compras, cuentas por pagar y desembolsos","0","0","0","1","Favorable con hallazgos principales y secundarios"
" Comerio","M-03-44","1999-07-01T00:00:00.000","2003-05-13T00:00:00.000","Compras, cuentas por pagar y desembolsos","0","0","0","1","Favorable con hallazgos principales y secundarios"
" Comerio","M-06-58","2002-01-01T00:00:00.000","2006-06-05T00:00:00.000","Personal","1","0","2","1","Favorable con hallazgos principales y secundarios"
" Comerio","M-08-38","2004-07-01T00:00:00.000","2008-05-06T00:00:00.000","Compras, cuentas por pagar y desembolsos","0","0","1","2","Favorable con hallazgos principales y secundarios"
" Comerio","M-08-42","2004-07-01T00:00:00.000","2008-05-22T00:00:00.000","Servicios profesionales","2","0","0","1","Favorable con hallazgos principales y secundarios"
" Comerio","M-98-32","1994-01-01T00:00:00.000","1998-05-29T00:00:00.000","Construcci„n de obras y mejoras permanentes","0","0","2","4","Parcialmente adversa"
" Corozal","M-01-20","1997-01-01T00:00:00.000","2001-01-09T00:00:00.000","Compras, cuentas por pagar y desembolsos","0","0","0","4","Favorable con hallazgos principales y secundarios"
" Corozal","M-03-16","1999-07-01T00:00:00.000","2002-11-20T00:00:00.000","Construcci„n de obras y mejoras permanentes","0","0","1","3","Favorable con hallazgos principales y secundarios"
" Corozal","M-03-18","1999-07-01T00:00:00.000","2002-11-29T00:00:00.000","Planificaci„n - Controles administrativos","0","0","1","2","Favorable con hallazgos principales y secundarios"
" Corozal","M-05-61","2002-01-01T00:00:00.000","2005-06-13T00:00:00.000","Compras, cuentas por pagar y desembolsos","0","0","0","1","Favorable con hallazgos principales y secundarios"
" Culebra","M-00-18","1997-01-14T00:00:00.000","2000-01-27T00:00:00.000","Compras, cuentas por pagar y desembolsos","2","0","1","6","Favorable con hallazgos principales y secundarios"
" Culebra","M-02-56","1999-01-01T00:00:00.000","2002-06-06T00:00:00.000","Compras, cuentas por pagar y desembolsos","0","0","0","9","Parcialmente adversa"
" Culebra","M-03-34","1999-10-24T00:00:00.000","2003-03-25T00:00:00.000","Efectivo","0","0","0","3","Parcialmente adversa"
" Culebra","M-04-53","2001-01-09T00:00:00.000","2004-05-31T00:00:00.000","Efectivo","0","0","0","3","Favorable con hallazgos principales y secundarios"
" Culebra","M-04-55","2001-01-09T00:00:00.000","2004-06-04T00:00:00.000","Compras, cuentas por pagar y desembolsos","1","0","2","2","Favorable con hallazgos principales y secundarios"
" Culebra","M-08-25","2003-07-01T00:00:00.000","2008-02-20T00:00:00.000","Planificaci„n - Controles administrativos","0","0","1","4","Favorable con hallazgos principales y secundarios"
" Culebra","M-98-14","1993-07-01T00:00:00.000","1998-01-28T00:00:00.000","Servicios profesionales","0","0","1","4","Favorable con hallazgos principales y secundarios"
" Dorado","M-02-05","1998-01-01T00:00:00.000","2001-08-29T00:00:00.000","Construcci„n de obras y mejoras permanentes","1","0","1","3","Favorable con hallazgos principales y secundarios"
" Dorado","M-04-39","2000-07-01T00:00:00.000","2004-04-26T00:00:00.000","Compras, cuentas por pagar y desembolsos","1","0","0","3","Favorable con hallazgos principales y secundarios"
" Dorado","M-08-33","2003-07-01T00:00:00.000","2008-03-26T00:00:00.000","Compras, cuentas por pagar y desembolsos","0","0","2","2","Favorable con hallazgos principales y secundarios"
" Dorado","M-99-22","1994-01-01T00:00:00.000","1999-05-06T00:00:00.000","Servicios profesionales","0","0","2","4","Favorable con hallazgos principales y secundarios"
" Fajardo","M-01-47","1996-01-01T00:00:00.000","2001-06-05T00:00:00.000","Ingresos y cuentas por cobrar","0","1","1","2","Parcialmente adversa"
" Fajardo","M-04-17","1999-07-01T00:00:00.000","2003-11-24T00:00:00.000","Compras, cuentas por pagar y desembolsos","0","0","0","1","Favorable con hallazgos principales y secundarios"
" Fajardo","M-06-09","2002-07-01T00:00:00.000","2005-11-02T00:00:00.000","Compras, cuentas por pagar y desembolsos","0","0","0","1","Favorable con hallazgos principales y secundarios"
" Fajardo","M-98-30","1989-07-01T00:00:00.000","1998-05-22T00:00:00.000","Construcci„n de obras y mejoras permanentes","0","0","3","3","Parcialmente adversa"
" Florida","M-02-30","1998-07-01T00:00:00.000","2001-12-28T00:00:00.000","Compras, cuentas por pagar y desembolsos","0","0","0","7","Parcialmente adversa"
" Florida","M-04-43","2001-01-01T00:00:00.000","2004-05-12T00:00:00.000","Construcci„n de obras y mejoras permanentes","0","0","0","4","Favorable con hallazgos principales y secundarios"
" Florida","M-07-46","2003-01-01T00:00:00.000","2007-04-20T00:00:00.000","Personal","2","0","0","3","Parcialmente adversa"
" Florida","M-99-42","1996-01-01T00:00:00.000","1999-06-25T00:00:00.000","Planificaci„n - Controles administrativos","0","0","0","5","Parcialmente adversa"
" Guanica","M-02-38","1998-07-01T00:00:00.000","2002-03-07T00:00:00.000","Compras, cuentas por pagar y desembolsos","1","0","3","8","Parcialmente adversa"
" Guanica","M-04-60","2001-01-09T00:00:00.000","2004-06-22T00:00:00.000","Efectivo","0","0","1","3","Favorable con hallazgos principales y secundarios"
" Guanica","M-07-55","2003-01-01T00:00:00.000","2007-05-15T00:00:00.000","Construcci„n de obras y mejoras permanentes","0","0","0","3","Favorable con hallazgos principales y secundarios"
" Guanica","M-07-58","2003-01-01T00:00:00.000","2007-05-22T00:00:00.000","Compras, cuentas por pagar y desembolsos","1","0","1","2","Parcialmente adversa"
" Guanica","M-07-61","2003-01-01T00:00:00.000","2007-05-31T00:00:00.000","Compras, cuentas por pagar y desembolsos","0","0","1","1","Favorable con hallazgos principales y secundarios"
" Guanica","M-99-34","1996-01-01T00:00:00.000","1999-06-14T00:00:00.000","Construcci„n de obras y mejoras permanentes","1","0","0","7","Adversa"
" Guayama","M-00-15","1996-01-01T00:00:00.000","1999-12-27T00:00:00.000","Efectivo","0","0","3","6","Parcialmente adversa"
" Guayama","M-02-23","1999-01-01T00:00:00.000","2001-12-06T00:00:00.000","Planificaci„n - Controles administrativos","0","0","1","5","Parcialmente adversa"
" Guayama","M-04-34","2001-01-01T00:00:00.000","2004-03-30T00:00:00.000","Planificaci„n - Controles administrativos","0","0","0","3","Favorable con hallazgos principales y secundarios"
" Guayama","M-04-36","2001-01-01T00:00:00.000","2004-04-13T00:00:00.000","Compras, cuentas por pagar y desembolsos","0","1","0","1","Favorable con hallazgos principales y secundarios"
" Guayama","M-07-09","2003-01-01T00:00:00.000","2006-08-31T00:00:00.000","Compras, cuentas por pagar y desembolsos","0","0","0","4","Favorable con hallazgos principales y secundarios"
" Guayanilla","M-01-45","1997-07-01T00:00:00.000","2001-05-29T00:00:00.000","Efectivo","0","0","2","6","Parcialmente adversa"
" Guayanilla","M-05-02","2000-01-01T00:00:00.000","2004-07-28T00:00:00.000","Efectivo","0","0","2","3","Favorable con hallazgos principales y secundarios"
" Guayanilla","M-05-16","2000-01-01T00:00:00.000","2004-09-07T00:00:00.000","Construcci„n de obras y mejoras permanentes","0","0","1","4","Favorable con hallazgos principales y secundarios"
" Guayanilla","M-07-33","2003-01-01T00:00:00.000","2006-12-27T00:00:00.000","Efectivo","0","0","2","3","Favorable con hallazgos principales y secundarios"
" Guayanilla","M-07-39","2003-01-01T00:00:00.000","2007-02-07T00:00:00.000","Personal","1","0","0","1","Favorable con hallazgos principales y secundarios"
" Guayanilla","M-07-40","2003-01-01T00:00:00.000","2007-02-16T00:00:00.000","Compras, cuentas por pagar y desembolsos","0","0","1","2","Favorable con hallazgos principales y secundarios"
" Guayanilla","M-99-21","1995-01-01T00:00:00.000","1999-04-30T00:00:00.000","Compras, cuentas por pagar y desembolsos","1","0","1","7","Adversa"
" Guaynabo","M-02-27","1997-01-01T00:00:00.000","2001-12-19T00:00:00.000","Personal","1","0","0","0","Favorable con hallazgos principales y secundarios"
" Guaynabo","M-02-36","1996-07-01T00:00:00.000","2002-02-26T00:00:00.000","Compras, cuentas por pagar y desembolsos","0","0","0","3","Adversa"
" Guaynabo","M-02-43","1997-01-01T00:00:00.000","2002-04-19T00:00:00.000","Construcci„n de obras y mejoras permanentes","0","1","2","3","Favorable con hallazgos principales y secundarios"
" Guaynabo","M-02-59","1997-01-01T00:00:00.000","2002-06-14T00:00:00.000","Personal","1","1","1","3","Favorable con hallazgos principales y secundarios"
" Guaynabo","M-05-34","2000-07-01T00:00:00.000","2004-12-21T00:00:00.000","Compras, cuentas por pagar y desembolsos","0","0","0","4","Favorable con hallazgos principales y secundarios"
" Guaynabo","M-05-51","2000-07-01T00:00:00.000","2005-04-30T00:00:00.000","Construcci„n de obras y mejoras permanentes","2","0","0","1","Favorable con hallazgos principales y secundarios"
" Guaynabo","M-05-62","2000-07-01T00:00:00.000","2005-06-16T00:00:00.000","Personal","0","0","1","0","Adversa"
" Guaynabo","M-07-35","2000-07-01T00:00:00.000","2007-01-18T00:00:00.000","Compras, cuentas por pagar y desembolsos","0","0","0","2","Favorable con hallazgos principales y secundarios"
" Guaynabo","M-98-11","1991-01-01T00:00:00.000","1998-01-23T00:00:00.000","Compras, cuentas por pagar y desembolsos","1","0","2","4","Favorable con hallazgos principales y secundarios"
" Guaynabo","M-98-21","1991-07-01T00:00:00.000","1998-03-30T00:00:00.000","Compras, cuentas por pagar y desembolsos","0","0","1","4","Favorable con hallazgos principales y secundarios"
" Guaynabo","M-98-22","1995-02-07T00:00:00.000","1998-04-13T00:00:00.000","Planificaci„n - Controles administrativos","0","0","0","3","Favorable con hallazgos principales y secundarios"
" Guaynabo","M-99-25","1991-07-01T00:00:00.000","1999-05-13T00:00:00.000","Donativos","1","0","1","4","Adversa"
" Gurabo","M-00-37","1996-07-01T00:00:00.000","2000-06-06T00:00:00.000","Compras, cuentas por pagar y desembolsos","0","0","1","5","Favorable con hallazgos principales y secundarios"
" Gurabo","M-00-39","1996-07-01T00:00:00.000","2000-06-13T00:00:00.000","Compras, cuentas por pagar y desembolsos","1","0","2","2","Parcialmente adversa"
" Gurabo","M-00-44","1996-01-26T00:00:00.000","2000-06-20T00:00:00.000","Compras, cuentas por pagar y desembolsos","0","0","1","1","Parcialmente adversa"
" Gurabo","M-02-42","1999-01-01T00:00:00.000","2002-04-09T00:00:00.000","Construcci„n de obras y mejoras permanentes","0","0","0","6","Favorable con hallazgos principales y secundarios"
" Gurabo","M-02-46","1999-01-01T00:00:00.000","2002-04-29T00:00:00.000","Compras, cuentas por pagar y desembolsos","0","0","1","0","Adversa"
" Gurabo","M-05-25","2001-01-08T00:00:00.000","2004-09-20T00:00:00.000","Compras, cuentas por pagar y desembolsos","0","1","0","3","Favorable con hallazgos principales y secundarios"
" Gurabo","M-05-30","2001-01-08T00:00:00.000","2004-11-18T00:00:00.000","Planificaci„n - Controles administrativos","0","0","1","1","Favorable con hallazgos principales y secundarios"
" Gurabo","M-08-28","2003-07-01T00:00:00.000","2008-03-04T00:00:00.000","Efectivo","0","0","1","2","Parcialmente adversa"
" Gurabo","M-08-31","2003-07-01T00:00:00.000","2008-03-14T00:00:00.000","Propiedad","0","1","1","2","Favorable con hallazgos principales y secundarios"
" Gurabo","M-98-06","1993-01-12T00:00:00.000","1997-12-02T00:00:00.000","Compras, cuentas por pagar y desembolsos","0","0","3","3","Favorable con hallazgos principales y secundarios"
" Gurabo","M-98-07","1993-01-12T00:00:00.000","1997-12-15T00:00:00.000","Construcci„n de obras y mejoras permanentes","0","0","1","3","Favorable con hallazgos principales y secundarios"
" Hatillo","M-03-14","2000-01-01T00:00:00.000","2002-11-15T00:00:00.000","Compras, cuentas por pagar y desembolsos","0","0","0","3","Favorable con hallazgos principales y secundarios"
" Hatillo","M-06-11","2002-01-01T00:00:00.000","2005-11-09T00:00:00.000","Ingresos y cuentas por cobrar","0","0","0","2","Favorable con hallazgos principales y secundarios"
" Hatillo","M-06-13","2002-01-01T00:00:00.000","2005-11-29T00:00:00.000","Compras, cuentas por pagar y desembolsos","0","0","1","3","Favorable con hallazgos principales y secundarios"
" Hatillo","M-98-09","1995-01-01T00:00:00.000","1998-01-07T00:00:00.000","Construcci„n de obras y mejoras permanentes","0","0","0","2","Favorable con hallazgos principales y secundarios"
" Hormigueros","M-02-29","1998-07-01T00:00:00.000","2001-12-26T00:00:00.000","Compras, cuentas por pagar y desembolsos","0","1","2","4","Parcialmente adversa"
" Hormigueros","M-04-46","2000-07-01T00:00:00.000","2004-05-15T00:00:00.000","Personal","1","0","1","0","Favorable con hallazgos principales y secundarios"
" Hormigueros","M-04-59","2000-07-01T00:00:00.000","2004-06-14T00:00:00.000","Construcci„n de obras y mejoras permanentes","0","0","0","2","Favorable con hallazgos principales y secundarios"
" Hormigueros","M-08-22","2003-07-01T00:00:00.000","2008-02-07T00:00:00.000","Personal","0","0","2","1","Favorable con hallazgos principales y secundarios"
" Hormigueros","M-99-32","1996-01-01T00:00:00.000","1999-06-04T00:00:00.000","Compras, cuentas por pagar y desembolsos","0","0","1","1","Parcialmente adversa"
" Hormigueros","M-99-41","1996-01-01T00:00:00.000","1999-06-23T00:00:00.000","Ingresos y cuentas por cobrar","2","0","0","2","Parcialmente adversa"
" Humacao","M-01-03","1996-07-01T00:00:00.000","2000-07-28T00:00:00.000","Compras, cuentas por pagar y desembolsos","0","0","3","5","Favorable con hallazgos principales y secundarios"
" Humacao","M-03-55","1999-07-01T00:00:00.000","2003-06-12T00:00:00.000","Construcci„n de obras y mejoras permanentes","0","0","1","1","Favorable con hallazgos principales y secundarios"
" Humacao","M-03-60","1999-07-01T00:00:00.000","2003-06-21T00:00:00.000","Compras, cuentas por pagar y desembolsos","1","0","3","1","Favorable con hallazgos principales y secundarios"
" Humacao","M-06-43","2002-01-01T00:00:00.000","2006-04-10T00:00:00.000","Construcci„n de obras y mejoras permanentes","1","1","1","1","Favorable con hallazgos principales y secundarios"
" Humacao","M-98-27","1993-01-12T00:00:00.000","1998-05-15T00:00:00.000","Ingresos y cuentas por cobrar","0","0","2","3","Parcialmente adversa"
" Humacao","M-98-29","1993-01-12T00:00:00.000","1998-05-20T00:00:00.000","Compras, cuentas por pagar y desembolsos","0","0","1","4","Parcialmente adversa"
" Isabela","M-00-07","1996-01-01T00:00:00.000","1999-10-18T00:00:00.000","Efectivo","0","0","1","6","Parcialmente adversa"
" Isabela","M-02-55","1998-07-01T00:00:00.000","2002-06-05T00:00:00.000","Planificaci„n - Controles administrativos","0","0","1","4","Parcialmente adversa"
" Isabela","M-02-57","1998-07-01T00:00:00.000","2002-06-10T00:00:00.000","Compras, cuentas por pagar y desembolsos","1","1","1","3","Parcialmente adversa"
" Isabela","M-05-22","2001-01-08T00:00:00.000","2004-09-16T00:00:00.000","Efectivo","0","0","0","2","Favorable con hallazgos principales y secundarios"
" Isabela","M-06-06","2001-01-08T00:00:00.000","2005-09-08T00:00:00.000","Compras, cuentas por pagar y desembolsos","0","1","1","2","Favorable con hallazgos principales y secundarios"
" Isabela","M-08-21","2004-01-01T00:00:00.000","2008-02-01T00:00:00.000","Servicios profesionales","0","0","0","1","Favorable con hallazgos principales y secundarios"
" Isabela","M-08-43","2004-01-01T00:00:00.000","2008-05-29T00:00:00.000","Compras, cuentas por pagar y desembolsos","0","0","1","0","Favorable con hallazgos principales y secundarios"
" Jayuya","M-02-03","1997-07-01T00:00:00.000","2001-07-24T00:00:00.000","Planificaci„n - Controles administrativos","0","0","0","8","Parcialmente adversa"
" Jayuya","M-04-18","2000-01-01T00:00:00.000","2003-11-26T00:00:00.000","Planificaci„n - Controles administrativos","0","0","0","3","Favorable con hallazgos principales y secundarios"
" Jayuya","M-04-25","2000-01-01T00:00:00.000","2003-12-18T00:00:00.000","Construcci„n de obras y mejoras permanentes","0","0","0","2","Favorable con hallazgos principales y secundarios"
" Jayuya","M-07-38","2003-01-01T00:00:00.000","2007-01-24T00:00:00.000","Efectivo","0","0","0","2","Favorable con hallazgos principales y secundarios"
" Jayuya","M-99-10","1994-07-01T00:00:00.000","1999-02-11T00:00:00.000","Efectivo","0","0","4","7","Parcialmente adversa"
" Juana Diaz","M-01-33","1996-07-01T00:00:00.000","2001-04-10T00:00:00.000","Construcci„n de obras y mejoras permanentes","1","1","1","3","Favorable con hallazgos principales y secundarios"
" Juana Diaz","M-04-11","2000-01-01T00:00:00.000","2003-10-14T00:00:00.000","Compras, cuentas por pagar y desembolsos","1","2","0","2","Parcialmente adversa"
" Juana Diaz","M-04-12","2000-01-01T00:00:00.000","2003-10-22T00:00:00.000","Planificaci„n - Controles administrativos","0","0","0","3","Parcialmente adversa"
" Juana Diaz","M-04-21","2000-01-01T00:00:00.000","2003-12-04T00:00:00.000","Construcci„n de obras y mejoras permanentes","0","0","1","2","Parcialmente adversa"
" Juana Diaz","M-07-07","2002-01-01T00:00:00.000","2006-08-28T00:00:00.000","Efectivo","0","0","1","3","Favorable con hallazgos principales y secundarios"
" Juana Diaz","M-07-10","2002-01-01T00:00:00.000","2006-09-05T00:00:00.000","Construcci„n de obras y mejoras permanentes","0","0","1","2","Favorable con hallazgos principales y secundarios"
" Juana Diaz","M-98-35","1994-01-01T00:00:00.000","1998-06-05T00:00:00.000","Compras, cuentas por pagar y desembolsos","1","2","3","3","Parcialmente adversa"
" Juncos","M-02-21","1997-07-01T00:00:00.000","2001-11-28T00:00:00.000","Planificaci„n - Controles administrativos","1","0","2","7","Favorable con hallazgos principales y secundarios"
" Juncos","M-04-40","2000-07-01T00:00:00.000","2004-05-05T00:00:00.000","Servicios profesionales","1","0","1","0","Favorable con hallazgos principales y secundarios"
" Juncos","M-04-50","2000-07-01T00:00:00.000","2004-05-21T00:00:00.000","Efectivo","1","0","0","1","Favorable con hallazgos principales y secundarios"
" Juncos","M-04-52","2000-07-01T00:00:00.000","2004-05-24T00:00:00.000","Construcci„n de obras y mejoras permanentes","0","0","0","2","Favorable con hallazgos principales y secundarios"
" Juncos","M-07-13","2003-01-01T00:00:00.000","2006-10-09T00:00:00.000","Efectivo","0","0","1","2","Favorable con hallazgos principales y secundarios"
" Juncos","M-07-15","2003-01-01T00:00:00.000","2006-10-10T00:00:00.000","Compras, cuentas por pagar y desembolsos","0","1","0","2","Favorable con hallazgos principales y secundarios"
" Juncos","M-99-05","1995-01-01T00:00:00.000","1998-11-24T00:00:00.000","Construcci„n de obras y mejoras permanentes","1","1","0","6","Parcialmente adversa"
" Lajas","M-02-08","1998-07-01T00:00:00.000","2001-09-17T00:00:00.000","Construcci„n de obras y mejoras permanentes","0","1","1","1","Favorable con hallazgos principales y secundarios"
" Lajas","M-03-40","2000-07-01T00:00:00.000","2003-05-02T00:00:00.000","Construcci„n de obras y mejoras permanentes","1","1","0","1","Favorable con hallazgos principales y secundarios"
" Lajas","M-06-53","2002-07-01T00:00:00.000","2006-05-19T00:00:00.000","Compras, cuentas por pagar y desembolsos","1","0","1","1","Favorable con hallazgos principales y secundarios"
" Lajas","M-98-17","1994-07-01T00:00:00.000","1998-02-12T00:00:00.000","Compras, cuentas por pagar y desembolsos","0","0","1","3","Favorable con hallazgos principales y secundarios"
" Lajas","M-99-20","1997-01-11T00:00:00.000","1999-04-15T00:00:00.000","Compras, cuentas por pagar y desembolsos","1","0","1","5","Favorable con hallazgos principales y secundarios"
" Lares","M-01-35","1997-07-01T00:00:00.000","2001-04-24T00:00:00.000","Compras, cuentas por pagar y desembolsos","0","0","0","6","Favorable con hallazgos principales y secundarios"
" Lares","M-03-51","2000-07-01T00:00:00.000","2003-05-30T00:00:00.000","Efectivo","0","0","0","4","Favorable con hallazgos principales y secundarios"
" Lares","M-07-01","2002-07-01T00:00:00.000","2006-07-05T00:00:00.000","Planificaci„n - Controles administrativos","0","0","1","3","Favorable con hallazgos principales y secundarios"
" Lares","M-07-02","2002-07-01T00:00:00.000","2006-07-31T00:00:00.000","Construcci„n de obras y mejoras permanentes","0","0","1","2","Favorable con hallazgos principales y secundarios"
" Lares","M-98-36","1994-07-01T00:00:00.000","1998-06-11T00:00:00.000","Planificaci„n - Controles administrativos","0","0","1","3","Parcialmente adversa"
" Las Marias","M-02-07","1998-07-01T00:00:00.000","2001-09-14T00:00:00.000","Compras, cuentas por pagar y desembolsos","0","0","0","5","Favorable con hallazgos principales y secundarios"
" Las Marias","M-05-37","2000-07-01T00:00:00.000","2005-02-14T00:00:00.000","Efectivo","0","1","0","4","Favorable con hallazgos principales y secundarios"
" Las Marias","M-05-52","2000-07-01T00:00:00.000","2005-05-04T00:00:00.000","Personal","3","0","0","1","Parcialmente adversa"
" Las Marias","M-07-26","2003-07-01T00:00:00.000","2006-11-24T00:00:00.000","Efectivo","0","0","1","1","Favorable con hallazgos principales y secundarios"
" Las Marias","M-07-29","2003-07-01T00:00:00.000","2006-12-12T00:00:00.000","Compras, cuentas por pagar y desembolsos","1","0","0","1","Favorable con hallazgos principales y secundarios"
" Las Marias","M-99-36","1995-07-01T00:00:00.000","1999-06-16T00:00:00.000","Compras, cuentas por pagar y desembolsos","1","1","2","3","Parcialmente adversa"
" Las Piedras","M-02-11","1998-01-01T00:00:00.000","2001-10-01T00:00:00.000","Compras, cuentas por pagar y desembolsos","1","0","3","4","Parcialmente adversa"
" Las Piedras","M-02-19","1998-01-01T00:00:00.000","2001-11-13T00:00:00.000","Compras, cuentas por pagar y desembolsos","0","0","1","3","Favorable con hallazgos principales y secundarios"
" Las Piedras","M-02-37","1995-01-01T00:00:00.000","2002-03-05T00:00:00.000","Compras, cuentas por pagar y desembolsos","0","0","0","3","Favorable con hallazgos principales y secundarios"
" Las Piedras","M-04-45","2000-07-01T00:00:00.000","2004-05-14T00:00:00.000","Efectivo","0","1","3","3","Parcialmente adversa"
" Las Piedras","M-08-13","2000-07-01T00:00:00.000","2007-10-29T00:00:00.000","Compras, cuentas por pagar y desembolsos","0","0","1","1","Adversa"
" Las Piedras","M-08-20","2003-01-01T00:00:00.000","2008-01-24T00:00:00.000","Planificaci„n - Controles administrativos","0","0","3","5","Favorable con hallazgos principales y secundarios"
" Las Piedras","M-99-28","1996-01-01T00:00:00.000","1999-05-19T00:00:00.000","Compras, cuentas por pagar y desembolsos","0","0","1","1","Favorable con hallazgos principales y secundarios"
" Las Piedras","M-99-30","1996-01-01T00:00:00.000","1999-06-02T00:00:00.000","Efectivo","1","1","0","4","Parcialmente adversa"
" Loiza","M-01-43","1996-07-01T00:00:00.000","2001-05-24T00:00:00.000","Compras, cuentas por pagar y desembolsos","0","0","1","9","Parcialmente adversa"
" Loiza","M-04-01","2000-01-01T00:00:00.000","2003-08-14T00:00:00.000","Planificaci„n - Controles administrativos","0","0","2","7","Adversa"
" Loiza","M-04-05","2000-01-01T00:00:00.000","2003-09-17T00:00:00.000","Personal","2","0","0","5","Parcialmente adversa"
" Loiza","M-04-26","2000-01-01T00:00:00.000","2003-12-19T00:00:00.000","Compras, cuentas por pagar y desembolsos","1","0","1","4","Parcialmente adversa"
" Loiza","M-08-34","2002-01-01T00:00:00.000","2008-04-09T00:00:00.000","Planificaci„n - Controles administrativos","0","0","0","3","Parcialmente adversa"
" Loiza","M-08-35","2002-01-01T00:00:00.000","2008-04-15T00:00:00.000","Compras, cuentas por pagar y desembolsos","0","0","1","0","Parcialmente adversa"
" Loiza","M-98-31","1991-07-01T00:00:00.000","1998-05-28T00:00:00.000","Efectivo","1","0","3","5","Parcialmente adversa"
" Luquillo","M-01-22","1996-07-19T00:00:00.000","2001-01-19T00:00:00.000","Construcci„n de obras y mejoras permanentes","0","0","1","3","Favorable con hallazgos principales y secundarios"
" Luquillo","M-01-25","1996-07-01T00:00:00.000","2001-02-09T00:00:00.000","Compras, cuentas por pagar y desembolsos","0","0","1","3","Favorable con hallazgos principales y secundarios"
" Luquillo","M-03-20","1999-07-01T00:00:00.000","2002-12-27T00:00:00.000","Compras, cuentas por pagar y desembolsos","0","0","1","4","Favorable con hallazgos principales y secundarios"
" Luquillo","M-06-39","2001-07-01T00:00:00.000","2006-03-30T00:00:00.000","Efectivo","0","0","0","4","Favorable con hallazgos principales y secundarios"
" Manati","M-02-35","1997-06-01T00:00:00.000","2002-02-12T00:00:00.000","Compras, cuentas por pagar y desembolsos","0","0","0","3","Favorable con hallazgos principales y secundarios"
" Manati","M-02-39","1997-07-01T00:00:00.000","2002-03-20T00:00:00.000","Compras, cuentas por pagar y desembolsos","0","0","1","0","Favorable con hallazgos principales y secundarios"
" Manati","M-04-61","2001-01-01T00:00:00.000","2004-06-23T00:00:00.000","Efectivo","1","1","0","2","Parcialmente adversa"
" Manati","M-07-37","2003-01-01T00:00:00.000","2007-01-23T00:00:00.000","Efectivo","0","0","0","5","Favorable con hallazgos principales y secundarios"
" Manati","M-99-11","1993-07-01T00:00:00.000","1999-02-19T00:00:00.000","Compras, cuentas por pagar y desembolsos","0","0","1","2","Favorable con hallazgos principales y secundarios"
" Manati","M-99-15","1993-07-01T00:00:00.000","1999-03-24T00:00:00.000","Efectivo","0","0","3","4","Favorable con hallazgos principales y secundarios"
" Maricao","M-01-50","1997-01-01T00:00:00.000","2001-06-14T00:00:00.000","Compras, cuentas por pagar y desembolsos","2","0","1","6","Parcialmente adversa"
" Maricao","M-04-19","2000-01-01T00:00:00.000","2003-11-28T00:00:00.000","Planificaci„n - Controles administrativos","1","0","1","5","Adversa"
" Maricao","M-04-28","2000-01-01T00:00:00.000","2004-01-19T00:00:00.000","Compras, cuentas por pagar y desembolsos","0","1","1","2","Adversa"
" Maricao","M-06-45","2002-07-01T00:00:00.000","2006-05-01T00:00:00.000","Personal","1","0","1","1","Parcialmente adversa"
" Maricao","M-06-47","2002-07-01T00:00:00.000","2006-05-03T00:00:00.000","Construcci„n de obras y mejoras permanentes","1","0","2","3","Parcialmente adversa"
" Maricao","M-06-48","2002-07-01T00:00:00.000","2006-05-08T00:00:00.000","Efectivo","0","0","0","4","Parcialmente adversa"
" Maricao","M-99-07","1993-06-01T00:00:00.000","1998-12-15T00:00:00.000","Construcci„n de obras y mejoras permanentes","1","2","4","5","Parcialmente adversa"
" Maunabo","M-00-08","1996-07-01T00:00:00.000","1999-10-28T00:00:00.000","Construcci„n de obras y mejoras permanentes","0","0","1","4","Favorable con hallazgos principales y secundarios"
" Maunabo","M-02-50","1999-01-01T00:00:00.000","2002-05-24T00:00:00.000","Construcci„n de obras y mejoras permanentes","0","0","2","3","Parcialmente adversa"
" Maunabo","M-05-09","2001-01-08T00:00:00.000","2004-08-13T00:00:00.000","Construcci„n de obras y mejoras permanentes","0","0","1","2","Favorable con hallazgos principales y secundarios"
" Maunabo","M-07-28","2003-07-01T00:00:00.000","2006-12-01T00:00:00.000","Construcci„n de obras y mejoras permanentes","0","0","0","3","Favorable con hallazgos principales y secundarios"
" Mayaguez","M-01-27","1997-07-01T00:00:00.000","2001-02-22T00:00:00.000","Efectivo","1","1","1","1","Parcialmente adversa"
" Mayaguez","M-01-34","1993-01-12T00:00:00.000","2001-04-24T00:00:00.000","Efectivo","0","0","1","4","Favorable con hallazgos principales y secundarios"
" Mayaguez","M-04-29","1999-07-01T00:00:00.000","2004-01-21T00:00:00.000","Construcci„n de obras y mejoras permanentes","0","0","0","2","Favorable con hallazgos principales y secundarios"
" Mayaguez","M-04-57","1999-07-01T00:00:00.000","2004-06-10T00:00:00.000","Compras, cuentas por pagar y desembolsos","4","2","1","3","Parcialmente adversa"
" Mayaguez","M-05-06","1999-07-01T00:00:00.000","2004-08-02T00:00:00.000","Compras, cuentas por pagar y desembolsos","0","0","0","1","Adversa"
" Mayaguez","M-07-12","1993-05-01T00:00:00.000","2006-10-09T00:00:00.000","Donativos","0","0","0","1","Parcialmente adversa"
" Mayaguez","M-07-63","2003-01-01T00:00:00.000","2007-06-07T00:00:00.000","Servicios profesionales","0","1","1","3","Favorable con hallazgos principales y secundarios"
" Mayaguez","M-99-02","1993-01-13T00:00:00.000","1998-09-28T00:00:00.000","Personal","1","1","4","3","Parcialmente adversa"
" Mayaguez","M-99-19","1994-07-01T00:00:00.000","1999-04-14T00:00:00.000","Planificaci„n - Controles administrativos","0","0","0","2","Favorable con hallazgos principales y secundarios"
" Moca","M-00-41","1997-01-01T00:00:00.000","2000-06-16T00:00:00.000","Construcci„n de obras y mejoras permanentes","0","0","0","5","Favorable con hallazgos principales y secundarios"
" Moca","M-03-08","2000-01-01T00:00:00.000","2002-09-17T00:00:00.000","Construcci„n de obras y mejoras permanentes","0","0","1","3","Favorable con hallazgos principales y secundarios"
" Moca","M-05-14","2001-07-01T00:00:00.000","2004-08-31T00:00:00.000","Compras, cuentas por pagar y desembolsos","0","0","0","3","Favorable con hallazgos principales y secundarios"
" Moca","M-05-64","2001-07-01T00:00:00.000","2005-06-23T00:00:00.000","Personal","1","0","2","3","Favorable con hallazgos principales y secundarios"
" Moca","M-08-02","2004-01-01T00:00:00.000","2007-08-13T00:00:00.000","Efectivo","0","0","1","3","Favorable con hallazgos principales y secundarios"
" Moca","M-98-15","1995-01-01T00:00:00.000","1998-02-12T00:00:00.000","Construcci„n de obras y mejoras permanentes","0","0","0","6","Favorable con hallazgos principales y secundarios"
" Morovis","M-02-09","1997-07-01T00:00:00.000","2001-09-24T00:00:00.000","Compras, cuentas por pagar y desembolsos","1","0","1","3","Favorable con hallazgos principales y secundarios"
" Morovis","M-05-01","2000-07-01T00:00:00.000","2004-07-23T00:00:00.000","Construcci„n de obras y mejoras permanentes","0","0","2","3","Favorable con hallazgos principales y secundarios"
" Morovis","M-05-57","2000-07-01T00:00:00.000","2005-05-18T00:00:00.000","Propiedad","0","0","2","1","Parcialmente adversa"
" Morovis","M-07-19","2003-01-01T00:00:00.000","2006-11-01T00:00:00.000","Efectivo","0","0","1","1","Favorable con hallazgos principales y secundarios"
" Morovis","M-07-24","2003-01-01T00:00:00.000","2006-11-15T00:00:00.000","Compras, cuentas por pagar y desembolsos","0","0","2","2","Favorable con hallazgos principales y secundarios"
" Morovis","M-07-53","2003-01-01T00:00:00.000","2007-05-03T00:00:00.000","Compras, cuentas por pagar y desembolsos","1","0","1","3","Favorable con hallazgos principales y secundarios"
" Morovis","M-98-28","1994-07-01T00:00:00.000","1998-05-19T00:00:00.000","Planificaci„n - Controles administrativos","0","0","3","2","Parcialmente adversa"
" Naguabo","M-00-14","1995-07-01T00:00:00.000","1999-12-22T00:00:00.000","Efectivo","0","0","0","5","Parcialmente adversa"
" San Sebastian","M-03-26","1999-07-01T00:00:00.000","2003-02-03T00:00:00.000","Servicios profesionales","1","0","0","6","Parcialmente adversa"
" Naguabo","M-00-17","1995-07-01T00:00:00.000","2000-01-24T00:00:00.000","Compras, cuentas por pagar y desembolsos","0","0","0","5","Parcialmente adversa"
" Naguabo","M-02-53","1998-07-01T00:00:00.000","2002-06-04T00:00:00.000","Compras, cuentas por pagar y desembolsos","1","1","3","6","Parcialmente adversa"
" Naguabo","M-05-19","2001-01-08T00:00:00.000","2004-09-13T00:00:00.000","Efectivo","0","0","0","4","Parcialmente adversa"
" Naguabo","M-05-27","2001-01-08T00:00:00.000","2004-11-08T00:00:00.000","Compras, cuentas por pagar y desembolsos","0","0","2","0","Favorable con hallazgos principales y secundarios"
" Naranjito","M-00-24","1996-07-01T00:00:00.000","2000-03-10T00:00:00.000","Compras, cuentas por pagar y desembolsos","0","0","1","4","Favorable con hallazgos principales y secundarios"
" Naranjito","M-02-48","1999-01-01T00:00:00.000","2002-05-10T00:00:00.000","Compras, cuentas por pagar y desembolsos","0","1","1","6","Parcialmente adversa"
" Naranjito","M-05-15","2001-01-09T00:00:00.000","2004-09-07T00:00:00.000","Personal","0","0","0","2","Favorable con hallazgos principales y secundarios"
" Naranjito","M-05-43","2001-01-09T00:00:00.000","2005-03-18T00:00:00.000","Efectivo","0","0","0","3","Favorable con hallazgos principales y secundarios"
" Naranjito","M-05-56","2001-01-09T00:00:00.000","2005-05-18T00:00:00.000","Propiedad","0","0","0","2","Favorable con hallazgos principales y secundarios"
" Naranjito","M-07-31","2003-07-01T00:00:00.000","2006-12-19T00:00:00.000","Compras, cuentas por pagar y desembolsos","0","0","0","1","Favorable con hallazgos principales y secundarios"
" Naranjito","M-07-34","2003-07-01T00:00:00.000","2007-01-03T00:00:00.000","Construcci„n de obras y mejoras permanentes","0","0","0","3","Favorable con hallazgos principales y secundarios"
" Naranjito","M-98-02","1991-05-01T00:00:00.000","1997-11-12T00:00:00.000","Personal","3","0","1","5","Parcialmente adversa"
" Orocovis","M-01-41","1997-07-01T00:00:00.000","2001-05-18T00:00:00.000","Construcci„n de obras y mejoras permanentes","0","0","0","3","Favorable con hallazgos principales y secundarios"
" Orocovis","M-03-30","2000-01-01T00:00:00.000","2003-02-14T00:00:00.000","Construcci„n de obras y mejoras permanentes","1","2","0","3","Parcialmente adversa"
" Orocovis","M-07-16 REV.","2002-01-01T00:00:00.000","2006-10-11T00:00:00.000","Efectivo","0","0","0","3","Favorable con hallazgos principales y secundarios"
" Orocovis","M-07-20","2002-01-01T00:00:00.000","2006-11-02T00:00:00.000","Personal","1","0","0","3","Favorable con hallazgos principales y secundarios"
" Orocovis","M-99-08","1995-01-01T00:00:00.000","1999-01-27T00:00:00.000","Personal","1","0","0","1","Favorable con hallazgos principales y secundarios"
" Orocovis","M-99-09","1995-01-01T00:00:00.000","1999-01-28T00:00:00.000","Compras, cuentas por pagar y desembolsos","3","0","0","4","Parcialmente adversa"
" Patillas","M-02-20","1999-01-01T00:00:00.000","2001-11-21T00:00:00.000","Construcci„n de obras y mejoras permanentes","1","0","2","3","Favorable con hallazgos principales y secundarios"
" Patillas","M-04-51","2001-01-09T00:00:00.000","2004-05-22T00:00:00.000","Compras, cuentas por pagar y desembolsos","1","0","0","3","Parcialmente adversa"
" Patillas","M-07-54","2003-07-01T00:00:00.000","2007-05-14T00:00:00.000","Construcci„n de obras y mejoras permanentes","0","0","1","3","Favorable con hallazgos principales y secundarios"
" Patillas","M-07-57","2003-07-01T00:00:00.000","2007-05-21T00:00:00.000","Ingresos y cuentas por cobrar","1","0","0","1","Favorable con hallazgos principales y secundarios"
" Patillas","M-99-35","1996-01-01T00:00:00.000","1999-06-15T00:00:00.000","Personal","1","0","0","2","Parcialmente adversa"
" Penuelas","M-01-07","1996-07-01T00:00:00.000","2000-08-17T00:00:00.000","Planificaci„n - Controles administrativos","0","0","1","6","Parcialmente adversa"
" Penuelas","M-01-08","1996-07-01T00:00:00.000","2000-08-22T00:00:00.000","Construcci„n de obras y mejoras permanentes","1","1","0","3","Parcialmente adversa"
" Penuelas","M-02-60","1999-07-01T00:00:00.000","2002-06-17T00:00:00.000","Planificaci„n - Controles administrativos","1","0","1","4","Parcialmente adversa"
" Penuelas","M-06-24","2001-07-01T00:00:00.000","2006-02-14T00:00:00.000","Compras, cuentas por pagar y desembolsos","1","0","2","3","Parcialmente adversa"
" Ponce","M-00-26","1996-01-01T00:00:00.000","2000-03-20T00:00:00.000","Compras, cuentas por pagar y desembolsos","0","0","0","1","Favorable con hallazgos principales y secundarios"
" Ponce","M-02-22","1996-07-01T00:00:00.000","2001-11-30T00:00:00.000","Compras, cuentas por pagar y desembolsos","1","0","0","3","Parcialmente adversa"
" Ponce","M-02-26","1995-07-01T00:00:00.000","2001-12-18T00:00:00.000","Construcci„n de obras y mejoras permanentes","0","0","0","3","Favorable con hallazgos principales y secundarios"
" Ponce","M-02-34","1999-01-01T00:00:00.000","2002-01-31T00:00:00.000","Ingresos y cuentas por cobrar","0","0","1","1","Favorable con hallazgos principales y secundarios"
" Ponce","M-02-45","1996-01-01T00:00:00.000","2002-04-25T00:00:00.000","Compras, cuentas por pagar y desembolsos","0","0","2","1","Favorable con hallazgos principales y secundarios"
" Ponce","M-06-10","2000-01-01T00:00:00.000","2005-11-08T00:00:00.000","Construcci„n de obras y mejoras permanentes","0","0","0","2","Favorable con hallazgos principales y secundarios"
" Ponce","M-06-16","2001-01-01T00:00:00.000","2005-12-15T00:00:00.000","Compras, cuentas por pagar y desembolsos","0","1","0","2","Favorable con hallazgos principales y secundarios"
" Ponce","M-06-19","2000-01-01T00:00:00.000","2005-12-21T00:00:00.000","Construcci„n de obras y mejoras permanentes","0","0","1","1","Favorable con hallazgos principales y secundarios"
" Ponce","M-06-23","2000-01-01T00:00:00.000","2006-02-13T00:00:00.000","Compras, cuentas por pagar y desembolsos","0","0","0","2","Favorable con hallazgos principales y secundarios"
" Ponce","M-06-26","2000-01-01T00:00:00.000","2006-03-02T00:00:00.000","Construcci„n de obras y mejoras permanentes","1","0","0","3","Favorable con hallazgos principales y secundarios"
" Ponce","M-06-46","2000-07-01T00:00:00.000","2006-05-01T00:00:00.000","Efectivo","0","1","0","4","Favorable con hallazgos principales y secundarios"
" Ponce","M-06-50","2000-07-01T00:00:00.000","2006-05-15T00:00:00.000","Construcci„n de obras y mejoras permanentes","0","0","0","3","Favorable con hallazgos principales y secundarios"
" Ponce","M-08-03","2004-01-01T00:00:00.000","2007-08-15T00:00:00.000","Compras, cuentas por pagar y desembolsos","0","0","1","2","Favorable con hallazgos principales y secundarios"
" Ponce","M-08-16","2004-01-01T00:00:00.000","2007-11-13T00:00:00.000","Planificaci„n - Controles administrativos","0","0","0","3","Favorable con hallazgos principales y secundarios"
" Ponce","M-98-40","1989-01-10T00:00:00.000","1998-06-18T00:00:00.000","Compras, cuentas por pagar y desembolsos","0","1","0","1","Favorable con hallazgos principales y secundarios"
" Ponce","M-98-43","1990-09-07T00:00:00.000","1998-06-26T00:00:00.000","Compras, cuentas por pagar y desembolsos","1","0","0","3","Favorable con hallazgos principales y secundarios"
" Ponce","M-98-44","1989-01-10T00:00:00.000","1998-06-26T00:00:00.000","Compras, cuentas por pagar y desembolsos","0","0","2","4","Adversa"
" Ponce","M-99-13","1989-01-10T00:00:00.000","1999-03-19T00:00:00.000","Compras, cuentas por pagar y desembolsos","1","1","1","4","Parcialmente adversa"
" Quebradillas","M-00-09","1996-07-01T00:00:00.000","1999-10-29T00:00:00.000","Efectivo","2","0","0","6","Parcialmente adversa"
" Quebradillas","M-03-06","1999-01-01T00:00:00.000","2002-08-30T00:00:00.000","Planificaci„n - Controles administrativos","0","0","1","5","Parcialmente adversa"
" Quebradillas","M-03-07","1999-01-01T00:00:00.000","2002-09-09T00:00:00.000","Personal","2","1","1","2","Parcialmente adversa"
" Quebradillas","M-05-46","2001-01-01T00:00:00.000","2005-04-05T00:00:00.000","Planificaci„n - Controles administrativos","0","0","0","6","Parcialmente adversa"
" Quebradillas","M-05-50","2001-01-01T00:00:00.000","2005-04-30T00:00:00.000","Personal","1","0","1","4","Parcialmente adversa"
" Quebradillas","M-05-54","2001-01-01T00:00:00.000","2005-05-09T00:00:00.000","Construcci„n de obras y mejoras permanentes","0","0","0","2","Parcialmente adversa"
" Quebradillas","M-07-62","2003-07-01T00:00:00.000","2007-06-06T00:00:00.000","Planificaci„n - Controles administrativos","0","0","0","4","Favorable con hallazgos principales y secundarios"
" Quebradillas","M-07-64","2003-07-01T00:00:00.000","2007-06-08T00:00:00.000","Construcci„n de obras y mejoras permanentes","0","0","0","3","Favorable con hallazgos principales y secundarios"
" Quebradillas","M-08-05","2003-07-01T00:00:00.000","2007-08-22T00:00:00.000","Personal","1","0","0","2","Favorable con hallazgos principales y secundarios"
" Quebradillas","M-98-01","1993-01-12T00:00:00.000","1997-11-11T00:00:00.000","Ingresos y cuentas por cobrar","0","1","0","4","Parcialmente adversa"
" Rincon","M-01-10","1995-01-01T00:00:00.000","2000-09-01T00:00:00.000","Construcci„n de obras y mejoras permanentes","2","1","0","1","Parcialmente adversa"
" Rincon","M-02-54","1997-11-18T00:00:00.000","2002-06-04T00:00:00.000","Compras, cuentas por pagar y desembolsos","0","0","1","2","Adversa"
" Rincon","M-03-35","1999-01-01T00:00:00.000","2003-03-31T00:00:00.000","Compras, cuentas por pagar y desembolsos","4","0","1","1","Parcialmente adversa"
" Rincon","M-03-36","1999-01-01T00:00:00.000","2003-04-07T00:00:00.000","Efectivo","0","0","2","1","Parcialmente adversa"
" Rincon","M-05-04","2001-07-01T00:00:00.000","2004-07-30T00:00:00.000","Planificaci„n - Controles administrativos","0","0","1","2","Favorable con hallazgos principales y secundarios"
" Rincon","M-05-40","2001-07-01T00:00:00.000","2005-03-03T00:00:00.000","Efectivo","1","0","2","3","Favorable con hallazgos principales y secundarios"
" Rincon","M-08-26","2004-01-01T00:00:00.000","2008-02-22T00:00:00.000","Planificaci„n - Controles administrativos","0","0","0","1","Favorable con hallazgos principales y secundarios"
" Rincon","M-98-16","1990-07-01T00:00:00.000","1998-02-13T00:00:00.000","Compras, cuentas por pagar y desembolsos","0","0","2","7","Parcialmente adversa"
" Rio Grande","M-00-27","1996-01-01T00:00:00.000","2000-03-24T00:00:00.000","Construcci„n de obras y mejoras permanentes","0","0","0","1","Favorable con hallazgos principales y secundarios"
" Rio Grande","M-01-13","1997-01-13T00:00:00.000","2000-09-11T00:00:00.000","Efectivo","0","0","4","7","Adversa"
" Rio Grande","M-01-17","1997-01-13T00:00:00.000","2000-09-14T00:00:00.000","Compras, cuentas por pagar y desembolsos","4","0","2","5","Adversa"
" Rio Grande","M-01-40","1996-01-01T00:00:00.000","2001-05-15T00:00:00.000","Compras, cuentas por pagar y desembolsos","0","0","1","3","Favorable con hallazgos principales y secundarios"
" Rio Grande","M-04-04","1999-07-01T00:00:00.000","2003-09-15T00:00:00.000","Planificaci„n - Controles administrativos","0","0","0","6","Parcialmente adversa"
" Rio Grande","M-04-08","1999-07-01T00:00:00.000","2003-09-25T00:00:00.000","Compras, cuentas por pagar y desembolsos","1","0","4","1","Parcialmente adversa"
" Rio Grande","M-06-54","2001-07-01T00:00:00.000","2006-05-24T00:00:00.000","Personal","2","0","0","0","Favorable con hallazgos principales y secundarios"
" Rio Grande","M-06-57","2001-07-01T00:00:00.000","2006-05-31T00:00:00.000","Personal","1","0","0","2","Favorable con hallazgos principales y secundarios"
" Rio Grande","M-06-61","2001-07-01T00:00:00.000","2006-06-09T00:00:00.000","Compras, cuentas por pagar y desembolsos","0","0","2","1","Favorable con hallazgos principales y secundarios"
" Rio Grande","M-98-08","1989-01-09T00:00:00.000","1997-12-18T00:00:00.000","Compras, cuentas por pagar y desembolsos","0","1","0","4","Parcialmente adversa"
" Rio Grande","M-98-10","1989-01-09T00:00:00.000","1998-01-13T00:00:00.000","Construcci„n de obras y mejoras permanentes","0","2","2","1","Parcialmente adversa"
" Rio Grande","M-98-20","1993-03-01T00:00:00.000","1998-03-18T00:00:00.000","Compras, cuentas por pagar y desembolsos","0","0","0","3","Favorable con hallazgos principales y secundarios"
" Sabana Grande","M-03-24","1999-07-01T00:00:00.000","2003-01-30T00:00:00.000","Donativos","1","0","0","2","Favorable con hallazgos principales y secundarios"
" Sabana Grande","M-06-41","2001-07-01T00:00:00.000","2006-04-03T00:00:00.000","Ingresos y cuentas por cobrar","0","0","0","4","Favorable con hallazgos principales y secundarios"
" Salinas","M-01-05","1996-07-01T00:00:00.000","2000-08-15T00:00:00.000","Compras, cuentas por pagar y desembolsos","0","0","1","2","Favorable con hallazgos principales y secundarios"
" Salinas","M-01-29","1996-07-01T00:00:00.000","2001-03-05T00:00:00.000","Efectivo","1","0","2","4","Parcialmente adversa"
" Salinas","M-01-36","1996-07-01T00:00:00.000","2001-04-27T00:00:00.000","Compras, cuentas por pagar y desembolsos","2","2","2","4","Adversa"
" Salinas","M-03-59","1999-07-01T00:00:00.000","2003-06-20T00:00:00.000","Compras, cuentas por pagar y desembolsos","0","0","0","6","Parcialmente adversa"
" Salinas","M-06-51","2002-01-01T00:00:00.000","2006-05-16T00:00:00.000","Efectivo","0","1","1","2","Favorable con hallazgos principales y secundarios"
" Salinas","M-06-52","2002-01-01T00:00:00.000","2006-05-17T00:00:00.000","Propiedad","1","0","0","3","Favorable con hallazgos principales y secundarios"
" Salinas","M-98-03","1994-07-01T00:00:00.000","1997-11-14T00:00:00.000","Compras, cuentas por pagar y desembolsos","0","0","0","3","Favorable con hallazgos principales y secundarios"
" Salinas","M-98-04","1992-01-01T00:00:00.000","1997-11-18T00:00:00.000","Planificaci„n - Controles administrativos","1","0","3","6","Adversa"
" Salinas","M-98-05","1992-01-01T00:00:00.000","1997-11-20T00:00:00.000","Donativos","1","1","3","3","Adversa"
" San Sebastian","M-06-29","2001-07-01T00:00:00.000","2006-03-08T00:00:00.000","Efectivo","1","0","0","4","Favorable con hallazgos principales y secundarios"
" San German","M-01-26","1997-07-01T00:00:00.000","2001-02-21T00:00:00.000","Compras, cuentas por pagar y desembolsos","0","0","0","4","Favorable con hallazgos principales y secundarios"
" San German","M-01-46","1997-07-01T00:00:00.000","2001-06-01T00:00:00.000","Propiedad","1","0","1","3","Parcialmente adversa"
" San German","M-03-25","1999-07-01T00:00:00.000","2003-02-03T00:00:00.000","Construcci„n de obras y mejoras permanentes","3","1","0","1","Favorable con hallazgos principales y secundarios"
" San German","M-05-05","2002-01-01T00:00:00.000","2004-08-02T00:00:00.000","Compras, cuentas por pagar y desembolsos","0","0","0","2","Favorable con hallazgos principales y secundarios"
" San German","M-05-31","2002-01-01T00:00:00.000","2004-12-15T00:00:00.000","Personal","0","0","0","2","Favorable con hallazgos principales y secundarios"
" San German","M-07-66","2004-01-01T00:00:00.000","2007-06-12T00:00:00.000","Construcci„n de obras y mejoras permanentes","0","0","0","2","Favorable con hallazgos principales y secundarios"
" San German","M-98-26","1994-07-01T00:00:00.000","1998-05-12T00:00:00.000","Personal","0","0","0","2","Favorable con hallazgos principales y secundarios"
" Vieques","M-05-44","2001-01-08T00:00:00.000","2005-03-21T00:00:00.000","Servicios profesionales","0","0","1","3","Favorable con hallazgos principales y secundarios"
" San German","M-99-06","1993-06-01T00:00:00.000","1998-12-09T00:00:00.000","Planificaci„n - Controles administrativos","0","0","0","2","Favorable con hallazgos principales y secundarios"
" San Juan","M-00-28","1996-01-01T00:00:00.000","2000-03-31T00:00:00.000","Construcci„n de obras y mejoras permanentes","0","0","1","3","Favorable con hallazgos principales y secundarios"
" San Juan","M-00-33","1996-01-01T00:00:00.000","2000-05-19T00:00:00.000","Personal","0","0","1","0","Adversa"
" San Juan","M-01-04","1996-01-01T00:00:00.000","2000-08-11T00:00:00.000","Compras, cuentas por pagar y desembolsos","0","1","1","0","Favorable con hallazgos principales y secundarios"
" San Juan","M-01-11","1996-01-01T00:00:00.000","2000-09-02T00:00:00.000","Servicios profesionales","1","1","0","1","Favorable con hallazgos principales y secundarios"
" San Juan","M-01-32","1997-01-01T00:00:00.000","2001-04-05T00:00:00.000","Compras, cuentas por pagar y desembolsos","0","0","2","2","Favorable con hallazgos principales y secundarios"
" San Juan","M-02-16","1997-01-13T00:00:00.000","2001-10-22T00:00:00.000","Donativos","0","0","1","2","Favorable con hallazgos principales y secundarios"
" San Juan","M-02-52","1996-01-01T00:00:00.000","2002-05-28T00:00:00.000","Compras, cuentas por pagar y desembolsos","0","0","1","0","Favorable con hallazgos principales y secundarios"
" San Juan","M-03-21","1999-01-12T00:00:00.000","2003-01-14T00:00:00.000","Planificaci„n - Controles administrativos","1","0","4","1","Parcialmente adversa"
" San Juan","M-03-37","2001-01-09T00:00:00.000","2003-04-08T00:00:00.000","Planificaci„n - Controles administrativos","0","0","0","1","Favorable con hallazgos principales y secundarios"
" San Juan","M-04-23","1999-07-01T00:00:00.000","2003-12-12T00:00:00.000","Planificaci„n - Controles administrativos","1","0","0","1","Favorable con hallazgos principales y secundarios"
" San Juan","M-04-27","1999-07-01T00:00:00.000","2003-12-22T00:00:00.000","Construcci„n de obras y mejoras permanentes","0","0","2","2","Favorable con hallazgos principales y secundarios"
" San Juan","M-04-44","1996-01-01T00:00:00.000","2004-05-13T00:00:00.000","Planificaci„n - Controles administrativos","0","0","1","3","Favorable con hallazgos principales y secundarios"
" San Juan","M-04-49","2001-01-08T00:00:00.000","2004-05-19T00:00:00.000","Compras, cuentas por pagar y desembolsos","0","0","0","3","Adversa"
" San Juan","M-05-10","1999-07-01T00:00:00.000","2004-08-16T00:00:00.000","Personal","2","0","0","0","Adversa"
" San Juan","M-05-21","1999-07-01T00:00:00.000","2004-09-14T00:00:00.000","Compras, cuentas por pagar y desembolsos","1","0","1","1","Favorable con hallazgos principales y secundarios"
" San Juan","M-05-36","2001-01-09T00:00:00.000","2005-02-11T00:00:00.000","Compras, cuentas por pagar y desembolsos","0","0","1","2","Adversa"
" San Juan","M-05-41","1999-07-01T00:00:00.000","2005-03-14T00:00:00.000","Compras, cuentas por pagar y desembolsos","0","0","3","4","Parcialmente adversa"
" San Juan","M-06-05","1999-07-01T00:00:00.000","2005-09-07T00:00:00.000","Servicios profesionales","0","3","0","0","Parcialmente adversa"
" San Juan","M-06-07","1999-07-01T00:00:00.000","2005-09-28T00:00:00.000","Compras, cuentas por pagar y desembolsos","0","1","1","3","Favorable con hallazgos principales y secundarios"
" San Juan","M-06-22","1999-07-01T00:00:00.000","2006-02-08T00:00:00.000","Compras, cuentas por pagar y desembolsos","0","0","0","3","Favorable con hallazgos principales y secundarios"
" San Juan","M-07-32","1999-07-01T00:00:00.000","2006-12-26T00:00:00.000","Efectivo","0","0","1","3","Parcialmente adversa"
" San Juan","M-07-52","2001-01-09T00:00:00.000","2007-05-01T00:00:00.000","Compras, cuentas por pagar y desembolsos","0","0","0","3","Favorable con hallazgos principales y secundarios"
" San Juan","M-08-29","2003-07-01T00:00:00.000","2008-03-06T00:00:00.000","Planificaci„n - Controles administrativos","0","0","0","5","Parcialmente adversa"
" San Juan","M-08-40","2002-01-01T00:00:00.000","2008-05-14T00:00:00.000","Construcci„n de obras y mejoras permanentes","0","0","1","1","Favorable con hallazgos principales y secundarios"
" San Juan","M-99-01","1989-07-01T00:00:00.000","1998-09-02T00:00:00.000","Donativos","0","0","0","1","Parcialmente adversa"
" San Juan","M-99-14","1989-01-10T00:00:00.000","1999-03-23T00:00:00.000","Construcci„n de obras y mejoras permanentes","1","1","2","3","Favorable con hallazgos principales y secundarios"
" San Lorenzo","M-00-16",,"1999-12-28T00:00:00.000","Efectivo","0","0","1","6","Parcialmente adversa"
" San Lorenzo","M-02-28","1998-07-01T00:00:00.000","2001-12-21T00:00:00.000","Construcci„n de obras y mejoras permanentes","0","1","1","3","Parcialmente adversa"
" San Lorenzo","M-05-13","2001-01-09T00:00:00.000","2004-08-26T00:00:00.000","Personal","1","0","1","3","Parcialmente adversa"
" San Lorenzo","M-05-26","2001-01-09T00:00:00.000","2004-11-04T00:00:00.000","Personal","0","0","4","1","Favorable con hallazgos principales y secundarios"
" San Lorenzo","M-07-67","2003-07-01T00:00:00.000","2007-06-12T00:00:00.000","Compras, cuentas por pagar y desembolsos","0","0","0","2","Favorable con hallazgos principales y secundarios"
" San Lorenzo","M-08-01","2003-07-01T00:00:00.000","2007-08-08T00:00:00.000","Efectivo","0","0","0","2","Favorable con hallazgos principales y secundarios"
" San Sebastian","M-01-21","1997-01-01T00:00:00.000","2001-01-10T00:00:00.000","Construcci„n de obras y mejoras permanentes","0","1","1","6","Favorable con hallazgos principales y secundarios"
" San Sebastian","M-98-39","1993-01-12T00:00:00.000","1998-06-16T00:00:00.000","Compras, cuentas por pagar y desembolsos","0","1","5","7","Parcialmente adversa"
" Santa Isabel","M-00-42","1996-07-01T00:00:00.000","2000-06-20T00:00:00.000","Efectivo","1","0","3","3","Parcialmente adversa"
" Santa Isabel","M-00-46","1996-07-01T00:00:00.000","2000-06-22T00:00:00.000","Construcci„n de obras y mejoras permanentes","1","1","0","4","Favorable con hallazgos principales y secundarios"
" Santa Isabel","M-02-33","1999-01-01T00:00:00.000","2002-01-30T00:00:00.000","Planificaci„n - Controles administrativos","0","1","1","5","Parcialmente adversa"
" Santa Isabel","M-05-63","2001-01-01T00:00:00.000","2005-06-22T00:00:00.000","Efectivo","0","0","0","3","Favorable con hallazgos principales y secundarios"
" Santa Isabel","M-06-01","2001-01-01T00:00:00.000","2005-08-10T00:00:00.000","Compras, cuentas por pagar y desembolsos","0","0","1","1","Favorable con hallazgos principales y secundarios"
" Santa Isabel","M-98-25","1993-01-12T00:00:00.000","1998-05-07T00:00:00.000","Compras, cuentas por pagar y desembolsos","0","0","3","7","Parcialmente adversa"
" Toa  Alta","M-01-16","1998-01-01T00:00:00.000","2000-09-14T00:00:00.000","Compras, cuentas por pagar y desembolsos","1","0","2","3","Parcialmente adversa"
" Toa  Alta","M-01-42","1998-01-01T00:00:00.000","2001-05-22T00:00:00.000","Personal","1","0","1","4","Parcialmente adversa"
" Toa  Alta","M-04-20","2000-01-01T00:00:00.000","2003-11-30T00:00:00.000","Planificaci„n - Controles administrativos","0","0","1","2","Favorable con hallazgos principales y secundarios"
" Toa  Alta","M-04-24","2000-01-01T00:00:00.000","2003-12-17T00:00:00.000","Construcci„n de obras y mejoras permanentes","0","0","1","2","Favorable con hallazgos principales y secundarios"
" Toa  Alta","M-06-55","2002-07-01T00:00:00.000","2006-05-30T00:00:00.000","Efectivo","0","0","1","5","Parcialmente adversa"
" Toa  Alta","M-06-59","2002-07-01T00:00:00.000","2006-06-07T00:00:00.000","Construcci„n de obras y mejoras permanentes","0","0","2","3","Favorable con hallazgos principales y secundarios"
" Toa  Alta","M-06-64","2002-07-01T00:00:00.000","2006-06-13T00:00:00.000","Servicios profesionales","0","0","1","2","Favorable con hallazgos principales y secundarios"
" Toa  Alta","M-99-27","1995-07-01T00:00:00.000","1999-05-18T00:00:00.000","Efectivo","0","1","5","7","Adversa"
" Toa Baja","M-00-35","1996-01-01T00:00:00.000","2000-05-26T00:00:00.000","Efectivo","0","0","2","4","Adversa"
" Toa Baja","M-00-40","1996-01-01T00:00:00.000","2000-06-14T00:00:00.000","Personal","2","0","1","5","Adversa"
" Toa Baja","M-00-45","1996-01-01T00:00:00.000","2000-06-21T00:00:00.000","Servicios profesionales","1","0","2","4","Adversa"
" Toa Baja","M-01-06","1997-01-01T00:00:00.000","2000-08-16T00:00:00.000","Compras, cuentas por pagar y desembolsos","0","0","1","1","Favorable con hallazgos principales y secundarios"
" Toa Baja","M-03-41","1999-01-01T00:00:00.000","2003-05-03T00:00:00.000","Planificaci„n - Controles administrativos","0","0","1","2","Adversa"
" Toa Baja","M-03-47","1999-01-01T00:00:00.000","2003-05-21T00:00:00.000","Compras, cuentas por pagar y desembolsos","0","0","2","1","Parcialmente adversa"
" Toa Baja","M-03-56","1999-01-01T00:00:00.000","2003-06-12T00:00:00.000","Planificaci„n - Controles administrativos","0","0","2","1","Parcialmente adversa"
" Toa Baja","M-04-13","1998-07-01T00:00:00.000","2003-10-22T00:00:00.000","Construcci„n de obras y mejoras permanentes","0","0","0","3","Favorable con hallazgos principales y secundarios"
" Toa Baja","M-05-24","2001-07-01T00:00:00.000","2004-09-20T00:00:00.000","Efectivo","0","0","0","2","Favorable con hallazgos principales y secundarios"
" Toa Baja","M-05-55","2001-07-01T00:00:00.000","2005-05-16T00:00:00.000","Compras, cuentas por pagar y desembolsos","0","0","0","2","Parcialmente adversa"
" Toa Baja","M-05-58","2001-07-01T00:00:00.000","2005-05-23T00:00:00.000","Planificaci„n - Controles administrativos","0","0","1","1","Favorable con hallazgos principales y secundarios"
" Toa Baja","M-08-39","2001-07-01T00:00:00.000","2008-05-09T00:00:00.000","Personal","1","1","0","5","Parcialmente adversa"
" Trujillo Alto","M-00-05","1995-07-01T00:00:00.000","1999-09-30T00:00:00.000","Compras, cuentas por pagar y desembolsos","0","0","0","2","Favorable con hallazgos principales y secundarios"
" Trujillo Alto","M-00-11","1995-07-01T00:00:00.000","1999-11-30T00:00:00.000","Compras, cuentas por pagar y desembolsos","0","1","0","3","Favorable con hallazgos principales y secundarios"
" Trujillo Alto","M-02-62","1998-07-01T00:00:00.000","2002-06-20T00:00:00.000","Compras, cuentas por pagar y desembolsos","1","0","2","0","Adversa"
" Trujillo Alto","M-03-02","1998-07-01T00:00:00.000","2002-07-18T00:00:00.000","Compras, cuentas por pagar y desembolsos","1","1","1","5","Favorable con hallazgos principales y secundarios"
" Trujillo Alto","M-06-02","2001-01-09T00:00:00.000","2005-08-24T00:00:00.000","Compras, cuentas por pagar y desembolsos","0","1","0","3","Parcialmente adversa"
" Trujillo Alto","M-06-03","2001-01-09T00:00:00.000","2005-08-31T00:00:00.000","Efectivo","0","0","0","3","Favorable con hallazgos principales y secundarios"
" Trujillo Alto","M-08-19","2003-07-01T00:00:00.000","2008-01-23T00:00:00.000","Construcci„n de obras y mejoras permanentes","0","0","0","1","Favorable con hallazgos principales y secundarios"
" Utuado","M-00-01","1995-01-01T00:00:00.000","1999-07-23T00:00:00.000","Compras, cuentas por pagar y desembolsos","0","1","0","4","Parcialmente adversa"
" Utuado","M-02-12","1998-01-01T00:00:00.000","2001-10-03T00:00:00.000","Planificaci„n - Controles administrativos","0","0","1","5","Parcialmente adversa"
" Utuado","M-05-33","2000-07-01T00:00:00.000","2004-12-20T00:00:00.000","Compras, cuentas por pagar y desembolsos","0","0","0","3","Favorable con hallazgos principales y secundarios"
" Utuado","M-07-43","2003-07-01T00:00:00.000","2007-03-08T00:00:00.000","Servicios profesionales","0","0","0","3","Favorable con hallazgos principales y secundarios"
" Utuado","M-07-44","2003-07-01T00:00:00.000","2007-03-13T00:00:00.000","Propiedad","1","0","1","0","Favorable con hallazgos principales y secundarios"
" Utuado","M-99-43","1995-01-01T00:00:00.000","1999-06-25T00:00:00.000","Efectivo","1","0","0","4","Parcialmente adversa"
" Vega Alta","M-02-13","1998-01-01T00:00:00.000","2001-10-10T00:00:00.000","Construcci„n de obras y mejoras permanentes","1","1","1","3","Parcialmente adversa"
" Vega Alta","M-02-14","1998-01-01T00:00:00.000","2001-10-11T00:00:00.000","Planificaci„n - Controles administrativos","0","0","0","2","Favorable con hallazgos principales y secundarios"
" Vega Alta","M-06-12","2001-01-09T00:00:00.000","2005-11-21T00:00:00.000","Compras, cuentas por pagar y desembolsos","4","1","2","3","Parcialmente adversa"
" Vega Alta","M-06-14","2001-01-09T00:00:00.000","2005-12-07T00:00:00.000","Personal","0","0","1","3","Favorable con hallazgos principales y secundarios"
" Vega Alta","M-06-20","2001-01-09T00:00:00.000","2006-01-30T00:00:00.000","Personal","1","0","0","2","Adversa"
" Vega Alta","M-99-17","1995-07-01T00:00:00.000","1999-03-31T00:00:00.000","Compras, cuentas por pagar y desembolsos","0","0","0","3","Favorable con hallazgos principales y secundarios"
" Vega Alta","M-99-23","1995-01-26T00:00:00.000","1999-05-07T00:00:00.000","Planificaci„n - Controles administrativos","0","0","0","1","Favorable con hallazgos principales y secundarios"
" Vega Baja","M-00-22","1996-07-01T00:00:00.000","2000-02-29T00:00:00.000","Compras, cuentas por pagar y desembolsos","0","0","1","4","Favorable con hallazgos principales y secundarios"
" Vega Baja","M-02-58","1999-01-01T00:00:00.000","2002-06-12T00:00:00.000","Construcci„n de obras y mejoras permanentes","0","0","1","2","Favorable con hallazgos principales y secundarios"
" Vega Baja","M-06-30","2001-07-01T00:00:00.000","2006-03-09T00:00:00.000","Planificaci„n - Controles administrativos","0","0","0","4","Favorable con hallazgos principales y secundarios"
" Vega Baja","M-06-33","2001-07-01T00:00:00.000","2006-03-14T00:00:00.000","Compras, cuentas por pagar y desembolsos","0","0","1","4","Parcialmente adversa"
" Vega Baja","M-08-41","2004-07-01T00:00:00.000","2008-05-16T00:00:00.000","Efectivo","0","0","1","3","Favorable con hallazgos principales y secundarios"
" Vega Baja","M-08-44","2004-07-01T00:00:00.000","2008-05-30T00:00:00.000","Construcci„n de obras y mejoras permanentes","0","0","0","3","Favorable con hallazgos principales y secundarios"
" Vega Baja","M-98-23","1991-07-01T00:00:00.000","1998-04-21T00:00:00.000","Compras, cuentas por pagar y desembolsos","0","0","1","7","Favorable con hallazgos principales y secundarios"
" Vega Baja","M-98-24","1991-07-01T00:00:00.000","1998-04-30T00:00:00.000","Compras, cuentas por pagar y desembolsos","1","1","0","3","Parcialmente adversa"
" Vieques","M-00-06","1994-07-01T00:00:00.000","1999-09-30T00:00:00.000","Compras, cuentas por pagar y desembolsos","1","0","0","7","Favorable con hallazgos principales y secundarios"
" Vieques","M-02-25","1998-07-01T00:00:00.000","2001-12-14T00:00:00.000","Compras, cuentas por pagar y desembolsos","0","1","0","9","Parcialmente adversa"
" Vieques","M-05-18","2001-01-08T00:00:00.000","2004-09-09T00:00:00.000","Efectivo","0","1","0","4","Parcialmente adversa"
" Vieques","M-05-45","2001-01-08T00:00:00.000","2005-04-04T00:00:00.000","Compras, cuentas por pagar y desembolsos","0","1","1","2","Favorable con hallazgos principales y secundarios"
" Villalba","M-01-28","1996-07-01T00:00:00.000","2001-02-26T00:00:00.000","Efectivo","0","0","1","6","Parcialmente adversa"
" Villalba","M-03-48","1999-07-01T00:00:00.000","2003-05-23T00:00:00.000","Personal","2","0","1","1","Favorable con hallazgos principales y secundarios"
" Villalba","M-04-03","1999-07-01T00:00:00.000","2003-08-22T00:00:00.000","Ingresos y cuentas por cobrar","0","0","0","7","Parcialmente adversa"
" Villalba","M-06-56","2002-01-01T00:00:00.000","2006-05-31T00:00:00.000","Efectivo","0","0","3","1","Parcialmente adversa"
" Villalba","M-06-62","2002-01-01T00:00:00.000","2006-06-12T00:00:00.000","Personal","0","1","0","5","Favorable con hallazgos principales y secundarios"
" Yabucoa","M-00-34","1997-01-13T00:00:00.000","2000-05-26T00:00:00.000","Efectivo","1","0","2","6","Parcialmente adversa"
" Yabucoa","M-03-17","1999-07-01T00:00:00.000","2002-11-27T00:00:00.000","Planificaci„n - Controles administrativos","0","0","0","4","Parcialmente adversa"
" Yabucoa","M-03-19","1999-07-01T00:00:00.000","2002-12-06T00:00:00.000","Compras, cuentas por pagar y desembolsos","0","0","1","1","Favorable con hallazgos principales y secundarios"
" Yabucoa","M-05-23","2001-07-01T00:00:00.000","2004-09-16T00:00:00.000","Efectivo","1","0","0","1","Favorable con hallazgos principales y secundarios"
" Yabucoa","M-05-28","2001-07-01T00:00:00.000","2004-11-09T00:00:00.000","Personal","2","0","0","0","Parcialmente adversa"
" Yabucoa","M-08-12","2003-07-01T00:00:00.000","2007-10-23T00:00:00.000","Planificaci„n - Controles administrativos","0","0","1","2","Parcialmente adversa"
" Yabucoa","M-08-18","2003-07-01T00:00:00.000","2007-12-03T00:00:00.000","Propiedad","2","0","0","0","Favorable con hallazgos principales y secundarios"
" Yabucoa","M-98-34","1993-07-01T00:00:00.000","1998-06-03T00:00:00.000","Efectivo","0","0","2","3","Parcialmente adversa"
" Yabucoa","M-98-37","1993-07-01T00:00:00.000","1998-06-15T00:00:00.000","Compras, cuentas por pagar y desembolsos","0","0","3","4","Adversa"
" Yauco","M-02-18","1996-07-01T00:00:00.000","2001-11-05T00:00:00.000","Planificaci„n - Controles administrativos","0","0","1","3","Parcialmente adversa"
" Yauco","M-05-11","2001-01-09T00:00:00.000","2004-08-19T00:00:00.000","Efectivo","2","0","0","2","Parcialmente adversa"
" Yauco","M-05-60","2001-01-09T00:00:00.000","2005-06-10T00:00:00.000","Servicios profesionales","0","1","2","4","Favorable con hallazgos principales y secundarios"
" Yauco","M-99-33","1995-07-01T00:00:00.000","1999-06-07T00:00:00.000","Construcci„n de obras y mejoras permanentes","2","0","0","5","Favorable con hallazgos principales y secundarios"
"Guaynabo","M-00-04","1991-02-20T00:00:00.000","1999-09-28T00:00:00.000","Compras, cuentas por pagar y desembolsos","2","0","1","2","Adversa"
